2026-08-26 16:07:43,719 | ERROR | ❌ Error: Message: Unable to obtain driver for chrome; For documentation on this error, please visit: https://www.selenium.dev/documentation/webdriver/troubleshooting/errors/driver_location

2026-08-26 16:10:21,869 | INFO | 🌐 Abriendo Power BI
2026-08-26 16:10:22,705 | INFO | ⏳ Esperando renderizado
2026-08-26 16:10:42,850 | INFO | ✅ PNG generado: C:\MDA\Reportes\Power BI\Dashboard_MDA.png
2026-08-26 16:10:42,935 | INFO | ✅ PDF generado: C:\MDA\Reportes\Power BI\Dashboard_MDA.pdf
2026-08-26 16:20:17,706 | INFO | ✅ Correo enviado
2026-08-26 16:20:17,722 | INFO | ✅ Proceso finalizado
2026-08-26 16:23:18,437 | INFO | 🌐 Abriendo Power BI
2026-08-26 16:23:19,285 | INFO | ⏳ Esperando renderizado
2026-08-26 16:23:39,387 | INFO | ✅ PNG generado: C:\MDA\Reportes\Power BI\Dashboard_MDA.png
2026-08-26 16:23:39,479 | INFO | ✅ PDF generado: C:\MDA\Reportes\Power BI\Dashboard_MDA.pdf
2026-08-26 16:23:43,586 | INFO | ✅ Correo enviado
2026-08-26 16:23:43,591 | INFO | ✅ Proceso finalizado
2026-08-26 16:24:36,967 | INFO | 🌐 Abriendo Power BI
2026-08-26 16:24:37,897 | INFO | ⏳ Esperando renderizado
2026-08-26 17:17:41,018 | ERROR | ❌ Error: Message: session not created: Chrome failed to start: crashed.
  (session not created: DevToolsActivePort file doesn't exist)
  (The process started from chrome location C:\Program Files\Google\Chrome\Application\chrome.exe is no longer running, so ChromeDriver is assuming that Chrome has crashed.); For documentation on this error, please visit: https://www.selenium.dev/documentation/webdriver/troubleshooting/errors#sessionnotcreatedexception
Stacktrace:
	chromedriver!GetHandleVerifier [0x7ff73b84abb5+151b5]
	chromedriver!GetHandleVerifier [0x7ff73b84ac10+15210]
	chromedriver!(No symbol) [0x7ff73b375d6d]
	chromedriver!(No symbol) [0x7ff73b3b89eb]
	chromedriver!(No symbol) [0x7ff73b3b3e4f]
	chromedriver!(No symbol) [0x7ff73b407e81]
	chromedriver!(No symbol) [0x7ff73b4076e6]
	chromedriver!(No symbol) [0x7ff73b3c37cc]
	chromedriver!(No symbol) [0x7ff73b3c46f3]
	chromedriver!GetHandleVerifier [0x7ff73be6b79b+635d9b]
	chromedriver!GetHandleVerifier [0x7ff73be65ac6+6300c6]
	chromedriver!GetHandleVerifier [0x7ff73be8bcee+6562ee]
	chromedriver!GetHandleVerifier [0x7ff73b868ffe+335fe]
	chromedriver!GetHandleVerifier [0x7ff73b87147c+3ba7c]
	chromedriver!GetHandleVerifier [0x7ff73b854d64+1f364]
	chromedriver!GetHandleVerifier [0x7ff73b854ef4+1f4f4]
	chromedriver!GetHandleVerifier [0x7ff73b837d97+2397]
	KERNEL32!BaseThreadInitThunk [0x7ffcb570e957+17]
	ntdll!RtlUserThreadStart [0x7ffcb728ad6c+2c]

2026-08-26 17:24:24,329 | INFO | 🌐 Abriendo dashboard Power BI
2026-08-26 17:24:26,825 | INFO | ⏳ Esperando carga dashboard
2026-08-26 17:25:02,005 | INFO | ✅ Dashboard capturado: C:\Automatizaciones\MDA\SEND_REPORTS\reports\Dashboard_MDA.png
2026-08-26 17:25:02,005 | ERROR | ❌ Error: [Errno 2] No such file or directory: 'C:\\Automatizaciones\\MDA\\SEND_REPORTS\\reports\\Dashboard_MDA.png'
2026-08-27 09:18:43,688 | INFO | 🌐 Abriendo dashboard Power BI
2026-08-27 09:18:45,159 | INFO | ⏳ Esperando carga dashboard
2026-08-27 09:19:20,342 | INFO | ✅ Dashboard capturado: C:\Automatizaciones\MDA\SEND_REPORTS\reports\Dashboard_MDA.png
2026-08-27 09:19:20,343 | ERROR | ❌ Error: [Errno 2] No such file or directory: 'C:\\Automatizaciones\\MDA\\SEND_REPORTS\\reports\\Dashboard_MDA.png'
2026-08-27 09:39:29,951 | INFO | 🌐 Abriendo reporte Power BI
2026-08-27 09:39:53,357 | INFO | 📤 Abriendo menú Exportar
2026-08-27 09:40:54,737 | INFO | 📄 Seleccionando PDF
2026-08-27 09:40:54,803 | INFO | ⏳ Esperando descarga PDF
2026-08-27 09:40:54,803 | ERROR | ❌ Error: [WinError 3] El sistema no puede encontrar la ruta especificada: 'C:\\Automatizaciones\\MDA\\SEND_REPORTS\\reports'
2026-08-27 09:41:29,105 | INFO | 🌐 Abriendo reporte Power BI
2026-08-27 09:41:50,441 | INFO | 📤 Abriendo menú Exportar
2026-08-27 09:41:52,525 | INFO | 📄 Seleccionando PDF
2026-08-27 09:41:52,582 | INFO | ⏳ Esperando descarga PDF
2026-08-27 09:41:52,582 | ERROR | ❌ Error: [WinError 3] El sistema no puede encontrar la ruta especificada: 'C:\\Automatizaciones\\MDA\\SEND_REPORTS\\reports'
2026-08-27 09:47:13,356 | INFO | 🌐 Abriendo reporte Power BI
2026-08-27 09:47:35,657 | INFO | 📤 Abriendo menú Exportar
2026-08-27 09:47:37,755 | INFO | 📄 Seleccionando PDF
2026-08-27 09:47:37,814 | INFO | ⏳ Esperando descarga PDF
2026-08-27 09:47:37,814 | ERROR | ❌ Error: [WinError 3] El sistema no puede encontrar la ruta especificada: 'C:\\Automatizaciones\\MDA\\SEND_REPORTS\\reports'
2026-08-27 09:49:29,543 | INFO | 🌐 Abriendo reporte Power BI
2026-08-27 09:53:39,792 | ERROR | ❌ Error: Message: session not created: Chrome failed to start: crashed.
  (session not created: DevToolsActivePort file doesn't exist)
  (The process started from chrome location C:\Program Files\Google\Chrome\Application\chrome.exe is no longer running, so ChromeDriver is assuming that Chrome has crashed.); For documentation on this error, please visit: https://www.selenium.dev/documentation/webdriver/troubleshooting/errors#sessionnotcreatedexception
Stacktrace:
	chromedriver!GetHandleVerifier [0x7ff73b84abb5+151b5]
	chromedriver!GetHandleVerifier [0x7ff73b84ac10+15210]
	chromedriver!(No symbol) [0x7ff73b375d6d]
	chromedriver!(No symbol) [0x7ff73b3b89eb]
	chromedriver!(No symbol) [0x7ff73b3b3e4f]
	chromedriver!(No symbol) [0x7ff73b407e81]
	chromedriver!(No symbol) [0x7ff73b4076e6]
	chromedriver!(No symbol) [0x7ff73b3c37cc]
	chromedriver!(No symbol) [0x7ff73b3c46f3]
	chromedriver!GetHandleVerifier [0x7ff73be6b79b+635d9b]
	chromedriver!GetHandleVerifier [0x7ff73be65ac6+6300c6]
	chromedriver!GetHandleVerifier [0x7ff73be8bcee+6562ee]
	chromedriver!GetHandleVerifier [0x7ff73b868ffe+335fe]
	chromedriver!GetHandleVerifier [0x7ff73b87147c+3ba7c]
	chromedriver!GetHandleVerifier [0x7ff73b854d64+1f364]
	chromedriver!GetHandleVerifier [0x7ff73b854ef4+1f4f4]
	chromedriver!GetHandleVerifier [0x7ff73b837d97+2397]
	KERNEL32!BaseThreadInitThunk [0x7ffcb570e957+17]
	ntdll!RtlUserThreadStart [0x7ffcb728ad6c+2c]

2026-08-27 09:58:02,494 | INFO | 🌐 Abriendo reporte Power BI
2026-08-27 09:58:38,143 | INFO | 📤 Abriendo menú Exportar
2026-08-27 09:58:40,217 | INFO | 📄 Seleccionando PDF
2026-08-27 09:58:40,268 | INFO | ⏳ Esperando descarga PDF
2026-08-27 10:13:44,362 | INFO | 🌐 Abriendo reporte Power BI
2026-08-27 10:14:12,463 | INFO | 📤 Abriendo menú Exportar
2026-08-27 10:14:14,543 | INFO | 📄 Seleccionando PDF
2026-08-27 10:14:14,618 | INFO | 📋 Esperando ventana de confirmación
2026-08-27 10:14:14,724 | INFO | ✅ Confirmación PDF enviada
2026-08-27 10:14:14,724 | INFO | ⏳ Esperando descarga PDF
2026-08-27 10:27:58,111 | INFO | 🌐 Abriendo reporte Power BI
2026-08-27 10:29:58,117 | ERROR | ❌ Error: HTTPConnectionPool(host='localhost', port=52591): Read timed out. (read timeout=120)
2026-08-27 10:42:44,565 | INFO | 🌐 Abriendo reporte Power BI
2026-08-27 10:44:42,897 | INFO | 📤 Abriendo menú Exportar
2026-08-27 10:44:44,965 | INFO | 📄 Seleccionando PDF
2026-08-27 10:44:45,099 | INFO | 📋 Esperando ventana de confirmación
2026-08-27 10:44:47,729 | INFO | ✅ Confirmación PDF enviada
2026-08-27 10:44:47,730 | INFO | ⏳ Esperando descarga PDF
2026-08-27 10:44:47,730 | INFO | 📂 REPORT_PATH = C:\MDA\Reportes\Power BI
2026-08-27 10:44:47,730 | INFO | 📂 REPORT_PATH=C:\MDA\Reportes\Power BI
2026-08-27 10:44:47,730 | INFO | 📄 Archivos encontrados: []
2026-08-27 10:44:49,731 | INFO | 📂 REPORT_PATH=C:\MDA\Reportes\Power BI
2026-08-27 10:44:49,732 | INFO | 📄 Archivos encontrados: []
2026-08-27 10:44:51,733 | INFO | 📂 REPORT_PATH=C:\MDA\Reportes\Power BI
2026-08-27 10:44:51,733 | INFO | 📄 Archivos encontrados: []
2026-08-27 10:44:53,734 | INFO | 📂 REPORT_PATH=C:\MDA\Reportes\Power BI
2026-08-27 10:44:53,735 | INFO | 📄 Archivos encontrados: []
2026-08-27 10:44:55,737 | INFO | 📂 REPORT_PATH=C:\MDA\Reportes\Power BI
2026-08-27 10:44:55,738 | INFO | 📄 Archivos encontrados: []
2026-08-27 10:44:57,739 | INFO | 📂 REPORT_PATH=C:\MDA\Reportes\Power BI
2026-08-27 10:44:57,740 | INFO | 📄 Archivos encontrados: []
2026-08-27 10:44:59,742 | INFO | 📂 REPORT_PATH=C:\MDA\Reportes\Power BI
2026-08-27 10:44:59,742 | INFO | 📄 Archivos encontrados: []
2026-08-27 10:45:01,744 | INFO | 📂 REPORT_PATH=C:\MDA\Reportes\Power BI
2026-08-27 10:45:01,744 | INFO | 📄 Archivos encontrados: []
2026-08-27 10:45:03,745 | INFO | 📂 REPORT_PATH=C:\MDA\Reportes\Power BI
2026-08-27 10:45:03,746 | INFO | 📄 Archivos encontrados: []
2026-08-27 10:45:05,747 | INFO | 📂 REPORT_PATH=C:\MDA\Reportes\Power BI
2026-08-27 10:45:05,747 | INFO | 📄 Archivos encontrados: []
2026-08-27 10:45:07,748 | INFO | 📂 REPORT_PATH=C:\MDA\Reportes\Power BI
2026-08-27 10:45:07,749 | INFO | 📄 Archivos encontrados: []
2026-08-27 10:45:09,750 | INFO | 📂 REPORT_PATH=C:\MDA\Reportes\Power BI
2026-08-27 10:45:09,751 | INFO | 📄 Archivos encontrados: []
2026-08-27 10:45:11,753 | INFO | 📂 REPORT_PATH=C:\MDA\Reportes\Power BI
2026-08-27 10:45:11,754 | INFO | 📄 Archivos encontrados: []
2026-08-27 10:45:13,756 | INFO | 📂 REPORT_PATH=C:\MDA\Reportes\Power BI
2026-08-27 10:45:13,756 | INFO | 📄 Archivos encontrados: []
2026-08-27 10:45:15,757 | INFO | 📂 REPORT_PATH=C:\MDA\Reportes\Power BI
2026-08-27 10:45:15,758 | INFO | 📄 Archivos encontrados: []
2026-08-27 10:45:17,759 | INFO | 📂 REPORT_PATH=C:\MDA\Reportes\Power BI
2026-08-27 10:45:17,760 | INFO | 📄 Archivos encontrados: []
2026-08-27 10:45:19,761 | INFO | 📂 REPORT_PATH=C:\MDA\Reportes\Power BI
2026-08-27 10:45:19,762 | INFO | 📄 Archivos encontrados: []
2026-08-27 10:45:21,763 | INFO | 📂 REPORT_PATH=C:\MDA\Reportes\Power BI
2026-08-27 10:45:21,764 | INFO | 📄 Archivos encontrados: []
2026-08-27 10:45:23,766 | INFO | 📂 REPORT_PATH=C:\MDA\Reportes\Power BI
2026-08-27 10:45:23,767 | INFO | 📄 Archivos encontrados: []
2026-08-27 10:45:25,768 | INFO | 📂 REPORT_PATH=C:\MDA\Reportes\Power BI
2026-08-27 10:45:25,769 | INFO | 📄 Archivos encontrados: []
2026-08-27 10:45:27,770 | INFO | 📂 REPORT_PATH=C:\MDA\Reportes\Power BI
2026-08-27 10:45:27,770 | INFO | 📄 Archivos encontrados: []
2026-08-27 10:45:29,771 | INFO | 📂 REPORT_PATH=C:\MDA\Reportes\Power BI
2026-08-27 10:45:29,772 | INFO | 📄 Archivos encontrados: []
2026-08-27 10:45:31,773 | INFO | 📂 REPORT_PATH=C:\MDA\Reportes\Power BI
2026-08-27 10:45:31,774 | INFO | 📄 Archivos encontrados: []
2026-08-27 10:45:33,775 | INFO | 📂 REPORT_PATH=C:\MDA\Reportes\Power BI
2026-08-27 10:45:33,776 | INFO | 📄 Archivos encontrados: []
2026-08-27 10:45:35,778 | INFO | 📂 REPORT_PATH=C:\MDA\Reportes\Power BI
2026-08-27 10:45:35,779 | INFO | 📄 Archivos encontrados: []
2026-08-27 10:45:37,781 | INFO | 📂 REPORT_PATH=C:\MDA\Reportes\Power BI
2026-08-27 10:45:37,782 | INFO | 📄 Archivos encontrados: []
2026-08-27 10:45:39,783 | INFO | 📂 REPORT_PATH=C:\MDA\Reportes\Power BI
2026-08-27 10:45:39,784 | INFO | 📄 Archivos encontrados: []
2026-08-27 10:45:41,785 | INFO | 📂 REPORT_PATH=C:\MDA\Reportes\Power BI
2026-08-27 10:45:41,786 | INFO | 📄 Archivos encontrados: []
2026-08-27 10:45:43,787 | INFO | 📂 REPORT_PATH=C:\MDA\Reportes\Power BI
2026-08-27 10:45:43,788 | INFO | 📄 Archivos encontrados: []
2026-08-27 10:45:45,788 | INFO | 📂 REPORT_PATH=C:\MDA\Reportes\Power BI
2026-08-27 10:45:45,789 | INFO | 📄 Archivos encontrados: []
2026-08-27 10:45:47,790 | INFO | 📂 REPORT_PATH=C:\MDA\Reportes\Power BI
2026-08-27 10:45:47,790 | INFO | 📄 Archivos encontrados: []
2026-08-27 10:45:49,792 | INFO | 📂 REPORT_PATH=C:\MDA\Reportes\Power BI
2026-08-27 10:45:49,792 | INFO | 📄 Archivos encontrados: []
2026-08-27 10:45:51,794 | INFO | 📂 REPORT_PATH=C:\MDA\Reportes\Power BI
2026-08-27 10:45:51,795 | INFO | 📄 Archivos encontrados: []
2026-08-27 10:45:53,796 | INFO | 📂 REPORT_PATH=C:\MDA\Reportes\Power BI
2026-08-27 10:45:53,797 | INFO | 📄 Archivos encontrados: []
2026-08-27 10:45:55,797 | INFO | 📂 REPORT_PATH=C:\MDA\Reportes\Power BI
2026-08-27 10:45:55,798 | INFO | 📄 Archivos encontrados: []
2026-08-27 10:45:57,799 | INFO | 📂 REPORT_PATH=C:\MDA\Reportes\Power BI
2026-08-27 10:45:57,799 | INFO | 📄 Archivos encontrados: []
2026-08-27 10:45:59,800 | INFO | 📂 REPORT_PATH=C:\MDA\Reportes\Power BI
2026-08-27 10:45:59,801 | INFO | 📄 Archivos encontrados: []
2026-08-27 10:46:01,802 | INFO | 📂 REPORT_PATH=C:\MDA\Reportes\Power BI
2026-08-27 10:46:01,803 | INFO | 📄 Archivos encontrados: []
2026-08-27 10:46:03,804 | INFO | 📂 REPORT_PATH=C:\MDA\Reportes\Power BI
2026-08-27 10:46:03,805 | INFO | 📄 Archivos encontrados: []
2026-08-27 10:46:05,806 | INFO | 📂 REPORT_PATH=C:\MDA\Reportes\Power BI
2026-08-27 10:46:05,807 | INFO | 📄 Archivos encontrados: []
2026-08-27 10:46:07,809 | INFO | 📂 REPORT_PATH=C:\MDA\Reportes\Power BI
2026-08-27 10:46:07,809 | INFO | 📄 Archivos encontrados: []
2026-08-27 10:46:09,811 | INFO | 📂 REPORT_PATH=C:\MDA\Reportes\Power BI
2026-08-27 10:46:09,811 | INFO | 📄 Archivos encontrados: []
2026-08-27 10:46:11,812 | INFO | 📂 REPORT_PATH=C:\MDA\Reportes\Power BI
2026-08-27 10:46:11,813 | INFO | 📄 Archivos encontrados: []
2026-08-27 10:46:13,814 | INFO | 📂 REPORT_PATH=C:\MDA\Reportes\Power BI
2026-08-27 10:46:13,814 | INFO | 📄 Archivos encontrados: []
2026-08-27 10:46:15,815 | INFO | 📂 REPORT_PATH=C:\MDA\Reportes\Power BI
2026-08-27 10:46:15,816 | INFO | 📄 Archivos encontrados: []
2026-08-27 10:46:17,817 | INFO | 📂 REPORT_PATH=C:\MDA\Reportes\Power BI
2026-08-27 10:46:17,817 | INFO | 📄 Archivos encontrados: []
2026-08-27 10:46:19,818 | INFO | 📂 REPORT_PATH=C:\MDA\Reportes\Power BI
2026-08-27 10:46:19,819 | INFO | 📄 Archivos encontrados: []
2026-08-27 10:46:21,820 | INFO | 📂 REPORT_PATH=C:\MDA\Reportes\Power BI
2026-08-27 10:46:21,821 | INFO | 📄 Archivos encontrados: []
2026-08-27 10:46:23,822 | INFO | 📂 REPORT_PATH=C:\MDA\Reportes\Power BI
2026-08-27 10:46:23,823 | INFO | 📄 Archivos encontrados: []
2026-08-27 10:46:25,824 | INFO | 📂 REPORT_PATH=C:\MDA\Reportes\Power BI
2026-08-27 10:46:25,825 | INFO | 📄 Archivos encontrados: []
2026-08-27 10:46:27,826 | INFO | 📂 REPORT_PATH=C:\MDA\Reportes\Power BI
2026-08-27 10:46:27,827 | INFO | 📄 Archivos encontrados: []
2026-08-27 10:46:29,828 | INFO | 📂 REPORT_PATH=C:\MDA\Reportes\Power BI
2026-08-27 10:46:29,828 | INFO | 📄 Archivos encontrados: []
2026-08-27 10:46:31,830 | INFO | 📂 REPORT_PATH=C:\MDA\Reportes\Power BI
2026-08-27 10:46:31,830 | INFO | 📄 Archivos encontrados: []
2026-08-27 10:46:33,832 | INFO | 📂 REPORT_PATH=C:\MDA\Reportes\Power BI
2026-08-27 10:46:33,832 | INFO | 📄 Archivos encontrados: []
2026-08-27 10:46:35,833 | INFO | 📂 REPORT_PATH=C:\MDA\Reportes\Power BI
2026-08-27 10:46:35,833 | INFO | 📄 Archivos encontrados: []
2026-08-27 10:46:37,834 | INFO | 📂 REPORT_PATH=C:\MDA\Reportes\Power BI
2026-08-27 10:46:37,834 | INFO | 📄 Archivos encontrados: []
2026-08-27 10:46:39,835 | INFO | 📂 REPORT_PATH=C:\MDA\Reportes\Power BI
2026-08-27 10:46:39,836 | INFO | 📄 Archivos encontrados: []
2026-08-27 10:46:41,838 | INFO | 📂 REPORT_PATH=C:\MDA\Reportes\Power BI
2026-08-27 10:46:41,838 | INFO | 📄 Archivos encontrados: []
2026-08-27 10:46:43,840 | INFO | 📂 REPORT_PATH=C:\MDA\Reportes\Power BI
2026-08-27 10:46:43,840 | INFO | 📄 Archivos encontrados: []
2026-08-27 10:46:45,842 | INFO | 📂 REPORT_PATH=C:\MDA\Reportes\Power BI
2026-08-27 10:46:45,843 | INFO | 📄 Archivos encontrados: []
2026-08-27 10:46:47,844 | INFO | 📂 REPORT_PATH=C:\MDA\Reportes\Power BI
2026-08-27 10:46:47,844 | INFO | 📄 Archivos encontrados: []
2026-08-27 10:46:49,846 | INFO | 📂 REPORT_PATH=C:\MDA\Reportes\Power BI
2026-08-27 10:46:49,846 | INFO | 📄 Archivos encontrados: []
2026-08-27 10:46:51,848 | INFO | 📂 REPORT_PATH=C:\MDA\Reportes\Power BI
2026-08-27 10:46:51,849 | INFO | 📄 Archivos encontrados: []
2026-08-27 10:46:53,850 | INFO | 📂 REPORT_PATH=C:\MDA\Reportes\Power BI
2026-08-27 10:46:53,851 | INFO | 📄 Archivos encontrados: []
2026-08-27 10:46:55,853 | INFO | 📂 REPORT_PATH=C:\MDA\Reportes\Power BI
2026-08-27 10:46:55,853 | INFO | 📄 Archivos encontrados: []
2026-08-27 10:46:57,854 | INFO | 📂 REPORT_PATH=C:\MDA\Reportes\Power BI
2026-08-27 10:46:57,855 | INFO | 📄 Archivos encontrados: []
2026-08-27 10:46:59,857 | INFO | 📂 REPORT_PATH=C:\MDA\Reportes\Power BI
2026-08-27 10:46:59,857 | INFO | 📄 Archivos encontrados: []
2026-08-27 10:47:01,858 | INFO | 📂 REPORT_PATH=C:\MDA\Reportes\Power BI
2026-08-27 10:47:01,859 | INFO | 📄 Archivos encontrados: []
2026-08-27 10:47:03,860 | INFO | 📂 REPORT_PATH=C:\MDA\Reportes\Power BI
2026-08-27 10:47:03,860 | INFO | 📄 Archivos encontrados: []
2026-08-27 10:47:05,861 | INFO | 📂 REPORT_PATH=C:\MDA\Reportes\Power BI
2026-08-27 10:47:05,862 | INFO | 📄 Archivos encontrados: []
2026-08-27 10:47:07,864 | INFO | 📂 REPORT_PATH=C:\MDA\Reportes\Power BI
2026-08-27 10:47:07,865 | INFO | 📄 Archivos encontrados: []
2026-08-27 10:47:09,868 | INFO | 📂 REPORT_PATH=C:\MDA\Reportes\Power BI
2026-08-27 10:47:09,869 | INFO | 📄 Archivos encontrados: []
2026-08-27 10:47:11,871 | INFO | 📂 REPORT_PATH=C:\MDA\Reportes\Power BI
2026-08-27 10:47:11,871 | INFO | 📄 Archivos encontrados: []
2026-08-27 10:47:13,873 | INFO | 📂 REPORT_PATH=C:\MDA\Reportes\Power BI
2026-08-27 10:47:13,874 | INFO | 📄 Archivos encontrados: []
2026-08-27 10:47:15,876 | INFO | 📂 REPORT_PATH=C:\MDA\Reportes\Power BI
2026-08-27 10:47:15,877 | INFO | 📄 Archivos encontrados: []
2026-08-27 10:47:17,879 | INFO | 📂 REPORT_PATH=C:\MDA\Reportes\Power BI
2026-08-27 10:47:17,879 | INFO | 📄 Archivos encontrados: []
2026-08-27 10:47:19,880 | INFO | 📂 REPORT_PATH=C:\MDA\Reportes\Power BI
2026-08-27 10:47:19,881 | INFO | 📄 Archivos encontrados: []
2026-08-27 10:47:21,882 | INFO | 📂 REPORT_PATH=C:\MDA\Reportes\Power BI
2026-08-27 10:47:21,882 | INFO | 📄 Archivos encontrados: []
2026-08-27 10:47:23,883 | INFO | 📂 REPORT_PATH=C:\MDA\Reportes\Power BI
2026-08-27 10:47:23,884 | INFO | 📄 Archivos encontrados: []
2026-08-27 10:47:25,885 | INFO | 📂 REPORT_PATH=C:\MDA\Reportes\Power BI
2026-08-27 10:47:25,886 | INFO | 📄 Archivos encontrados: []
2026-08-27 10:47:27,887 | INFO | 📂 REPORT_PATH=C:\MDA\Reportes\Power BI
2026-08-27 10:47:27,888 | INFO | 📄 Archivos encontrados: []
2026-08-27 10:47:29,890 | INFO | 📂 REPORT_PATH=C:\MDA\Reportes\Power BI
2026-08-27 10:47:29,892 | INFO | 📄 Archivos encontrados: []
2026-08-27 10:47:31,894 | INFO | 📂 REPORT_PATH=C:\MDA\Reportes\Power BI
2026-08-27 10:47:31,894 | INFO | 📄 Archivos encontrados: []
2026-08-27 10:47:33,895 | INFO | 📂 REPORT_PATH=C:\MDA\Reportes\Power BI
2026-08-27 10:47:33,896 | INFO | 📄 Archivos encontrados: []
2026-08-27 10:47:35,897 | INFO | 📂 REPORT_PATH=C:\MDA\Reportes\Power BI
2026-08-27 10:47:35,898 | INFO | 📄 Archivos encontrados: []
2026-08-27 10:47:37,899 | INFO | 📂 REPORT_PATH=C:\MDA\Reportes\Power BI
2026-08-27 10:47:37,899 | INFO | 📄 Archivos encontrados: []
2026-08-27 10:47:39,900 | INFO | 📂 REPORT_PATH=C:\MDA\Reportes\Power BI
2026-08-27 10:47:39,900 | INFO | 📄 Archivos encontrados: []
2026-08-27 10:47:41,902 | INFO | 📂 REPORT_PATH=C:\MDA\Reportes\Power BI
2026-08-27 10:47:41,902 | INFO | 📄 Archivos encontrados: []
2026-08-27 10:47:43,903 | INFO | 📂 REPORT_PATH=C:\MDA\Reportes\Power BI
2026-08-27 10:47:43,905 | INFO | 📄 Archivos encontrados: []
2026-08-27 10:47:45,906 | INFO | 📂 REPORT_PATH=C:\MDA\Reportes\Power BI
2026-08-27 10:47:45,907 | INFO | 📄 Archivos encontrados: []
2026-08-27 10:47:47,908 | INFO | 📂 REPORT_PATH=C:\MDA\Reportes\Power BI
2026-08-27 10:47:47,909 | INFO | 📄 Archivos encontrados: []
2026-08-27 10:47:49,911 | INFO | 📂 REPORT_PATH=C:\MDA\Reportes\Power BI
2026-08-27 10:47:49,912 | INFO | 📄 Archivos encontrados: []
2026-08-27 10:47:51,913 | INFO | 📂 REPORT_PATH=C:\MDA\Reportes\Power BI
2026-08-27 10:47:51,914 | INFO | 📄 Archivos encontrados: []
2026-08-27 10:47:53,915 | INFO | 📂 REPORT_PATH=C:\MDA\Reportes\Power BI
2026-08-27 10:47:53,916 | INFO | 📄 Archivos encontrados: []
2026-08-27 10:47:55,916 | INFO | 📂 REPORT_PATH=C:\MDA\Reportes\Power BI
2026-08-27 10:47:55,917 | INFO | 📄 Archivos encontrados: []
2026-08-27 10:47:57,918 | INFO | 📂 REPORT_PATH=C:\MDA\Reportes\Power BI
2026-08-27 10:47:57,919 | INFO | 📄 Archivos encontrados: []
2026-08-27 10:47:59,920 | INFO | 📂 REPORT_PATH=C:\MDA\Reportes\Power BI
2026-08-27 10:47:59,921 | INFO | 📄 Archivos encontrados: []
2026-08-27 10:48:01,922 | INFO | 📂 REPORT_PATH=C:\MDA\Reportes\Power BI
2026-08-27 10:48:01,923 | INFO | 📄 Archivos encontrados: []
2026-08-27 10:48:03,924 | INFO | 📂 REPORT_PATH=C:\MDA\Reportes\Power BI
2026-08-27 10:48:03,924 | INFO | 📄 Archivos encontrados: []
2026-08-27 10:48:05,925 | INFO | 📂 REPORT_PATH=C:\MDA\Reportes\Power BI
2026-08-27 10:48:05,925 | INFO | 📄 Archivos encontrados: []
2026-08-27 10:48:07,926 | INFO | 📂 REPORT_PATH=C:\MDA\Reportes\Power BI
2026-08-27 10:48:07,926 | INFO | 📄 Archivos encontrados: []
2026-08-27 10:48:09,927 | INFO | 📂 REPORT_PATH=C:\MDA\Reportes\Power BI
2026-08-27 10:48:09,927 | INFO | 📄 Archivos encontrados: []
2026-08-27 10:48:11,928 | INFO | 📂 REPORT_PATH=C:\MDA\Reportes\Power BI
2026-08-27 10:48:11,928 | INFO | 📄 Archivos encontrados: []
2026-08-27 10:48:13,930 | INFO | 📂 REPORT_PATH=C:\MDA\Reportes\Power BI
2026-08-27 10:48:13,930 | INFO | 📄 Archivos encontrados: []
2026-08-27 10:48:15,931 | INFO | 📂 REPORT_PATH=C:\MDA\Reportes\Power BI
2026-08-27 10:48:15,931 | INFO | 📄 Archivos encontrados: []
2026-08-27 10:48:17,933 | INFO | 📂 REPORT_PATH=C:\MDA\Reportes\Power BI
2026-08-27 10:48:17,934 | INFO | 📄 Archivos encontrados: []
2026-08-27 10:48:19,936 | INFO | 📂 REPORT_PATH=C:\MDA\Reportes\Power BI
2026-08-27 10:48:19,937 | INFO | 📄 Archivos encontrados: []
2026-08-27 10:48:21,938 | INFO | 📂 REPORT_PATH=C:\MDA\Reportes\Power BI
2026-08-27 10:48:21,939 | INFO | 📄 Archivos encontrados: []
2026-08-27 10:48:23,940 | INFO | 📂 REPORT_PATH=C:\MDA\Reportes\Power BI
2026-08-27 10:48:23,941 | INFO | 📄 Archivos encontrados: []
2026-08-27 10:48:25,943 | INFO | 📂 REPORT_PATH=C:\MDA\Reportes\Power BI
2026-08-27 10:48:25,943 | INFO | 📄 Archivos encontrados: []
2026-08-27 10:48:27,944 | INFO | 📂 REPORT_PATH=C:\MDA\Reportes\Power BI
2026-08-27 10:48:27,945 | INFO | 📄 Archivos encontrados: []
2026-08-27 10:48:29,946 | INFO | 📂 REPORT_PATH=C:\MDA\Reportes\Power BI
2026-08-27 10:48:29,947 | INFO | 📄 Archivos encontrados: []
2026-08-27 10:48:31,950 | INFO | 📂 REPORT_PATH=C:\MDA\Reportes\Power BI
2026-08-27 10:48:31,951 | INFO | 📄 Archivos encontrados: []
2026-08-27 10:48:33,952 | INFO | 📂 REPORT_PATH=C:\MDA\Reportes\Power BI
2026-08-27 10:48:33,952 | INFO | 📄 Archivos encontrados: []
2026-08-27 10:48:35,953 | INFO | 📂 REPORT_PATH=C:\MDA\Reportes\Power BI
2026-08-27 10:48:35,953 | INFO | 📄 Archivos encontrados: []
2026-08-27 10:48:37,955 | INFO | 📂 REPORT_PATH=C:\MDA\Reportes\Power BI
2026-08-27 10:48:37,956 | INFO | 📄 Archivos encontrados: []
2026-08-27 10:48:39,958 | INFO | 📂 REPORT_PATH=C:\MDA\Reportes\Power BI
2026-08-27 10:48:39,959 | INFO | 📄 Archivos encontrados: []
2026-08-27 10:48:41,960 | INFO | 📂 REPORT_PATH=C:\MDA\Reportes\Power BI
2026-08-27 10:48:41,960 | INFO | 📄 Archivos encontrados: []
2026-08-27 10:48:43,963 | INFO | 📂 REPORT_PATH=C:\MDA\Reportes\Power BI
2026-08-27 10:48:43,964 | INFO | 📄 Archivos encontrados: []
2026-08-27 10:48:45,965 | INFO | 📂 REPORT_PATH=C:\MDA\Reportes\Power BI
2026-08-27 10:48:45,965 | INFO | 📄 Archivos encontrados: []
2026-08-27 10:48:47,966 | INFO | 📂 REPORT_PATH=C:\MDA\Reportes\Power BI
2026-08-27 10:48:47,967 | INFO | 📄 Archivos encontrados: []
2026-08-27 10:48:49,968 | INFO | 📂 REPORT_PATH=C:\MDA\Reportes\Power BI
2026-08-27 10:48:49,969 | INFO | 📄 Archivos encontrados: []
2026-08-27 10:48:51,971 | INFO | 📂 REPORT_PATH=C:\MDA\Reportes\Power BI
2026-08-27 10:48:51,972 | INFO | 📄 Archivos encontrados: []
2026-08-27 10:48:53,974 | INFO | 📂 REPORT_PATH=C:\MDA\Reportes\Power BI
2026-08-27 10:48:53,975 | INFO | 📄 Archivos encontrados: []
2026-08-27 10:48:55,977 | INFO | 📂 REPORT_PATH=C:\MDA\Reportes\Power BI
2026-08-27 10:48:55,977 | INFO | 📄 Archivos encontrados: []
2026-08-27 10:48:57,979 | INFO | 📂 REPORT_PATH=C:\MDA\Reportes\Power BI
2026-08-27 10:48:57,979 | INFO | 📄 Archivos encontrados: []
2026-08-27 10:48:59,980 | INFO | 📂 REPORT_PATH=C:\MDA\Reportes\Power BI
2026-08-27 10:48:59,980 | INFO | 📄 Archivos encontrados: []
2026-08-27 10:49:01,981 | INFO | 📂 REPORT_PATH=C:\MDA\Reportes\Power BI
2026-08-27 10:49:01,982 | INFO | 📄 Archivos encontrados: []
2026-08-27 10:49:03,983 | INFO | 📂 REPORT_PATH=C:\MDA\Reportes\Power BI
2026-08-27 10:49:03,983 | INFO | 📄 Archivos encontrados: []
2026-08-27 10:49:05,984 | INFO | 📂 REPORT_PATH=C:\MDA\Reportes\Power BI
2026-08-27 10:49:05,984 | INFO | 📄 Archivos encontrados: []
2026-08-27 10:49:07,984 | INFO | 📂 REPORT_PATH=C:\MDA\Reportes\Power BI
2026-08-27 10:49:07,985 | INFO | 📄 Archivos encontrados: []
2026-08-27 10:49:09,985 | INFO | 📂 REPORT_PATH=C:\MDA\Reportes\Power BI
2026-08-27 10:49:09,986 | INFO | 📄 Archivos encontrados: []
2026-08-27 10:49:11,987 | INFO | 📂 REPORT_PATH=C:\MDA\Reportes\Power BI
2026-08-27 10:49:11,987 | INFO | 📄 Archivos encontrados: []
2026-08-27 10:49:13,988 | INFO | 📂 REPORT_PATH=C:\MDA\Reportes\Power BI
2026-08-27 10:49:13,989 | INFO | 📄 Archivos encontrados: []
2026-08-27 10:49:15,990 | INFO | 📂 REPORT_PATH=C:\MDA\Reportes\Power BI
2026-08-27 10:49:15,990 | INFO | 📄 Archivos encontrados: []
2026-08-27 10:49:17,992 | INFO | 📂 REPORT_PATH=C:\MDA\Reportes\Power BI
2026-08-27 10:49:17,992 | INFO | 📄 Archivos encontrados: []
2026-08-27 10:49:19,994 | INFO | 📂 REPORT_PATH=C:\MDA\Reportes\Power BI
2026-08-27 10:49:19,994 | INFO | 📄 Archivos encontrados: []
2026-08-27 10:49:21,996 | INFO | 📂 REPORT_PATH=C:\MDA\Reportes\Power BI
2026-08-27 10:49:21,997 | INFO | 📄 Archivos encontrados: []
2026-08-27 10:49:23,998 | INFO | 📂 REPORT_PATH=C:\MDA\Reportes\Power BI
2026-08-27 10:49:23,999 | INFO | 📄 Archivos encontrados: []
2026-08-27 10:49:26,000 | INFO | 📂 REPORT_PATH=C:\MDA\Reportes\Power BI
2026-08-27 10:49:26,001 | INFO | 📄 Archivos encontrados: []
2026-08-27 10:49:28,003 | INFO | 📂 REPORT_PATH=C:\MDA\Reportes\Power BI
2026-08-27 10:49:28,004 | INFO | 📄 Archivos encontrados: []
2026-08-27 10:49:30,005 | INFO | 📂 REPORT_PATH=C:\MDA\Reportes\Power BI
2026-08-27 10:49:30,005 | INFO | 📄 Archivos encontrados: []
2026-08-27 10:49:32,006 | INFO | 📂 REPORT_PATH=C:\MDA\Reportes\Power BI
2026-08-27 10:49:32,006 | INFO | 📄 Archivos encontrados: []
2026-08-27 10:49:34,007 | INFO | 📂 REPORT_PATH=C:\MDA\Reportes\Power BI
2026-08-27 10:49:34,008 | INFO | 📄 Archivos encontrados: []
2026-08-27 10:49:36,009 | INFO | 📂 REPORT_PATH=C:\MDA\Reportes\Power BI
2026-08-27 10:49:36,009 | INFO | 📄 Archivos encontrados: []
2026-08-27 10:49:38,010 | INFO | 📂 REPORT_PATH=C:\MDA\Reportes\Power BI
2026-08-27 10:49:38,010 | INFO | 📄 Archivos encontrados: []
2026-08-27 10:49:40,011 | INFO | 📂 REPORT_PATH=C:\MDA\Reportes\Power BI
2026-08-27 10:49:40,012 | INFO | 📄 Archivos encontrados: []
2026-08-27 10:49:42,012 | INFO | 📂 REPORT_PATH=C:\MDA\Reportes\Power BI
2026-08-27 10:49:42,013 | INFO | 📄 Archivos encontrados: []
2026-08-27 10:49:44,014 | INFO | 📂 REPORT_PATH=C:\MDA\Reportes\Power BI
2026-08-27 10:49:44,015 | INFO | 📄 Archivos encontrados: []
2026-08-27 10:49:46,016 | INFO | 📂 REPORT_PATH=C:\MDA\Reportes\Power BI
2026-08-27 10:49:46,016 | INFO | 📄 Archivos encontrados: []
2026-08-27 10:49:48,017 | INFO | 📂 REPORT_PATH=C:\MDA\Reportes\Power BI
2026-08-27 10:49:48,018 | INFO | 📄 Archivos encontrados: []
2026-08-27 10:49:50,019 | INFO | 📂 REPORT_PATH=C:\MDA\Reportes\Power BI
2026-08-27 10:49:50,019 | INFO | 📄 Archivos encontrados: []
2026-08-27 10:49:52,021 | INFO | 📂 REPORT_PATH=C:\MDA\Reportes\Power BI
2026-08-27 10:49:52,021 | INFO | 📄 Archivos encontrados: []
2026-08-27 10:49:54,023 | INFO | 📂 REPORT_PATH=C:\MDA\Reportes\Power BI
2026-08-27 10:49:54,024 | INFO | 📄 Archivos encontrados: []
2026-08-27 10:49:56,026 | INFO | 📂 REPORT_PATH=C:\MDA\Reportes\Power BI
2026-08-27 10:49:56,027 | INFO | 📄 Archivos encontrados: []
2026-08-27 10:49:58,028 | INFO | 📂 REPORT_PATH=C:\MDA\Reportes\Power BI
2026-08-27 10:49:58,029 | INFO | 📄 Archivos encontrados: []
2026-08-27 10:50:00,030 | INFO | 📂 REPORT_PATH=C:\MDA\Reportes\Power BI
2026-08-27 10:50:00,030 | INFO | 📄 Archivos encontrados: []
2026-08-27 10:50:02,032 | INFO | 📂 REPORT_PATH=C:\MDA\Reportes\Power BI
2026-08-27 10:50:02,032 | INFO | 📄 Archivos encontrados: []
2026-08-27 10:50:04,033 | INFO | 📂 REPORT_PATH=C:\MDA\Reportes\Power BI
2026-08-27 10:50:04,034 | INFO | 📄 Archivos encontrados: []
2026-08-27 10:50:06,035 | INFO | 📂 REPORT_PATH=C:\MDA\Reportes\Power BI
2026-08-27 10:50:06,035 | INFO | 📄 Archivos encontrados: []
2026-08-27 10:50:08,036 | INFO | 📂 REPORT_PATH=C:\MDA\Reportes\Power BI
2026-08-27 10:50:08,036 | INFO | 📄 Archivos encontrados: []
2026-08-27 10:50:10,038 | INFO | 📂 REPORT_PATH=C:\MDA\Reportes\Power BI
2026-08-27 10:50:10,039 | INFO | 📄 Archivos encontrados: []
2026-08-27 10:50:12,041 | INFO | 📂 REPORT_PATH=C:\MDA\Reportes\Power BI
2026-08-27 10:50:12,041 | INFO | 📄 Archivos encontrados: []
2026-08-27 10:50:14,043 | INFO | 📂 REPORT_PATH=C:\MDA\Reportes\Power BI
2026-08-27 10:50:14,043 | INFO | 📄 Archivos encontrados: []
2026-08-27 10:50:16,044 | INFO | 📂 REPORT_PATH=C:\MDA\Reportes\Power BI
2026-08-27 10:50:16,045 | INFO | 📄 Archivos encontrados: []
2026-08-27 10:50:18,046 | INFO | 📂 REPORT_PATH=C:\MDA\Reportes\Power BI
2026-08-27 10:50:18,048 | INFO | 📄 Archivos encontrados: []
2026-08-27 10:50:20,049 | INFO | 📂 REPORT_PATH=C:\MDA\Reportes\Power BI
2026-08-27 10:50:20,050 | INFO | 📄 Archivos encontrados: []
2026-08-27 10:50:22,052 | INFO | 📂 REPORT_PATH=C:\MDA\Reportes\Power BI
2026-08-27 10:50:22,053 | INFO | 📄 Archivos encontrados: []
2026-08-27 10:50:24,054 | INFO | 📂 REPORT_PATH=C:\MDA\Reportes\Power BI
2026-08-27 10:50:24,055 | INFO | 📄 Archivos encontrados: []
2026-08-27 10:50:26,057 | INFO | 📂 REPORT_PATH=C:\MDA\Reportes\Power BI
2026-08-27 10:50:26,057 | INFO | 📄 Archivos encontrados: []
2026-08-27 10:50:28,058 | INFO | 📂 REPORT_PATH=C:\MDA\Reportes\Power BI
2026-08-27 10:50:28,059 | INFO | 📄 Archivos encontrados: []
2026-08-27 10:50:30,060 | INFO | 📂 REPORT_PATH=C:\MDA\Reportes\Power BI
2026-08-27 10:50:30,060 | INFO | 📄 Archivos encontrados: []
2026-08-27 10:50:32,061 | INFO | 📂 REPORT_PATH=C:\MDA\Reportes\Power BI
2026-08-27 10:50:32,063 | INFO | 📄 Archivos encontrados: []
2026-08-27 10:50:34,064 | INFO | 📂 REPORT_PATH=C:\MDA\Reportes\Power BI
2026-08-27 10:50:34,065 | INFO | 📄 Archivos encontrados: []
2026-08-27 10:50:36,067 | INFO | 📂 REPORT_PATH=C:\MDA\Reportes\Power BI
2026-08-27 10:50:36,068 | INFO | 📄 Archivos encontrados: []
2026-08-27 10:50:38,069 | INFO | 📂 REPORT_PATH=C:\MDA\Reportes\Power BI
2026-08-27 10:50:38,070 | INFO | 📄 Archivos encontrados: []
2026-08-27 10:50:40,072 | INFO | 📂 REPORT_PATH=C:\MDA\Reportes\Power BI
2026-08-27 10:50:40,072 | INFO | 📄 Archivos encontrados: []
2026-08-27 10:50:42,073 | INFO | 📂 REPORT_PATH=C:\MDA\Reportes\Power BI
2026-08-27 10:50:42,073 | INFO | 📄 Archivos encontrados: []
2026-08-27 10:50:44,074 | INFO | 📂 REPORT_PATH=C:\MDA\Reportes\Power BI
2026-08-27 10:50:44,075 | INFO | 📄 Archivos encontrados: []
2026-08-27 10:50:46,076 | INFO | 📂 REPORT_PATH=C:\MDA\Reportes\Power BI
2026-08-27 10:50:46,077 | INFO | 📄 Archivos encontrados: []
2026-08-27 10:50:48,078 | INFO | 📂 REPORT_PATH=C:\MDA\Reportes\Power BI
2026-08-27 10:50:48,079 | INFO | 📄 Archivos encontrados: []
2026-08-27 10:50:50,080 | INFO | 📂 REPORT_PATH=C:\MDA\Reportes\Power BI
2026-08-27 10:50:50,080 | INFO | 📄 Archivos encontrados: []
2026-08-27 10:50:52,081 | INFO | 📂 REPORT_PATH=C:\MDA\Reportes\Power BI
2026-08-27 10:50:52,081 | INFO | 📄 Archivos encontrados: []
2026-08-27 10:50:54,082 | INFO | 📂 REPORT_PATH=C:\MDA\Reportes\Power BI
2026-08-27 10:50:54,082 | INFO | 📄 Archivos encontrados: []
2026-08-27 10:50:56,083 | INFO | 📂 REPORT_PATH=C:\MDA\Reportes\Power BI
2026-08-27 10:50:56,084 | INFO | 📄 Archivos encontrados: []
2026-08-27 10:50:58,085 | INFO | 📂 REPORT_PATH=C:\MDA\Reportes\Power BI
2026-08-27 10:50:58,086 | INFO | 📄 Archivos encontrados: []
2026-08-27 10:51:00,087 | INFO | 📂 REPORT_PATH=C:\MDA\Reportes\Power BI
2026-08-27 10:51:00,088 | INFO | 📄 Archivos encontrados: []
2026-08-27 10:51:02,089 | INFO | 📂 REPORT_PATH=C:\MDA\Reportes\Power BI
2026-08-27 10:51:02,090 | INFO | 📄 Archivos encontrados: []
2026-08-27 10:51:04,091 | INFO | 📂 REPORT_PATH=C:\MDA\Reportes\Power BI
2026-08-27 10:51:04,091 | INFO | 📄 Archivos encontrados: []
2026-08-27 10:51:06,093 | INFO | 📂 REPORT_PATH=C:\MDA\Reportes\Power BI
2026-08-27 10:51:06,093 | INFO | 📄 Archivos encontrados: []
2026-08-27 10:51:08,094 | INFO | 📂 REPORT_PATH=C:\MDA\Reportes\Power BI
2026-08-27 10:51:08,094 | INFO | 📄 Archivos encontrados: []
2026-08-27 10:51:10,096 | INFO | 📂 REPORT_PATH=C:\MDA\Reportes\Power BI
2026-08-27 10:51:10,096 | INFO | 📄 Archivos encontrados: []
2026-08-27 10:51:12,098 | INFO | 📂 REPORT_PATH=C:\MDA\Reportes\Power BI
2026-08-27 10:51:12,098 | INFO | 📄 Archivos encontrados: []
2026-08-27 10:51:14,100 | INFO | 📂 REPORT_PATH=C:\MDA\Reportes\Power BI
2026-08-27 10:51:14,101 | INFO | 📄 Archivos encontrados: []
2026-08-27 10:51:16,102 | INFO | 📂 REPORT_PATH=C:\MDA\Reportes\Power BI
2026-08-27 10:51:16,102 | INFO | 📄 Archivos encontrados: []
2026-08-27 10:51:18,104 | INFO | 📂 REPORT_PATH=C:\MDA\Reportes\Power BI
2026-08-27 10:51:18,104 | INFO | 📄 Archivos encontrados: []
2026-08-27 10:51:20,108 | INFO | 📂 REPORT_PATH=C:\MDA\Reportes\Power BI
2026-08-27 10:51:20,108 | INFO | 📄 Archivos encontrados: []
2026-08-27 10:51:22,116 | INFO | 📂 REPORT_PATH=C:\MDA\Reportes\Power BI
2026-08-27 10:51:22,117 | INFO | 📄 Archivos encontrados: []
2026-08-27 10:51:24,117 | INFO | 📂 REPORT_PATH=C:\MDA\Reportes\Power BI
2026-08-27 10:51:24,118 | INFO | 📄 Archivos encontrados: []
2026-08-27 10:51:26,119 | INFO | 📂 REPORT_PATH=C:\MDA\Reportes\Power BI
2026-08-27 10:51:26,121 | INFO | 📄 Archivos encontrados: []
2026-08-27 10:51:28,122 | INFO | 📂 REPORT_PATH=C:\MDA\Reportes\Power BI
2026-08-27 10:51:28,123 | INFO | 📄 Archivos encontrados: []
2026-08-27 10:51:30,125 | INFO | 📂 REPORT_PATH=C:\MDA\Reportes\Power BI
2026-08-27 10:51:30,125 | INFO | 📄 Archivos encontrados: []
2026-08-27 10:51:32,127 | INFO | 📂 REPORT_PATH=C:\MDA\Reportes\Power BI
2026-08-27 10:51:32,127 | INFO | 📄 Archivos encontrados: []
2026-08-27 10:51:34,128 | INFO | 📂 REPORT_PATH=C:\MDA\Reportes\Power BI
2026-08-27 10:51:34,129 | INFO | 📄 Archivos encontrados: []
2026-08-27 10:51:36,130 | INFO | 📂 REPORT_PATH=C:\MDA\Reportes\Power BI
2026-08-27 10:51:36,131 | INFO | 📄 Archivos encontrados: []
2026-08-27 10:51:38,132 | INFO | 📂 REPORT_PATH=C:\MDA\Reportes\Power BI
2026-08-27 10:51:38,133 | INFO | 📄 Archivos encontrados: []
2026-08-27 10:51:40,135 | INFO | 📂 REPORT_PATH=C:\MDA\Reportes\Power BI
2026-08-27 10:51:40,136 | INFO | 📄 Archivos encontrados: []
2026-08-27 10:51:42,137 | INFO | 📂 REPORT_PATH=C:\MDA\Reportes\Power BI
2026-08-27 10:51:42,138 | INFO | 📄 Archivos encontrados: []
2026-08-27 10:51:44,139 | INFO | 📂 REPORT_PATH=C:\MDA\Reportes\Power BI
2026-08-27 10:51:44,140 | INFO | 📄 Archivos encontrados: []
2026-08-27 10:51:46,141 | INFO | 📂 REPORT_PATH=C:\MDA\Reportes\Power BI
2026-08-27 10:51:46,142 | INFO | 📄 Archivos encontrados: []
2026-08-27 10:51:48,143 | INFO | 📂 REPORT_PATH=C:\MDA\Reportes\Power BI
2026-08-27 10:51:48,144 | INFO | 📄 Archivos encontrados: []
2026-08-27 10:51:50,145 | INFO | 📂 REPORT_PATH=C:\MDA\Reportes\Power BI
2026-08-27 10:51:50,145 | INFO | 📄 Archivos encontrados: []
2026-08-27 10:51:52,146 | INFO | 📂 REPORT_PATH=C:\MDA\Reportes\Power BI
2026-08-27 10:51:52,146 | INFO | 📄 Archivos encontrados: []
2026-08-27 10:51:54,148 | INFO | 📂 REPORT_PATH=C:\MDA\Reportes\Power BI
2026-08-27 10:51:54,148 | INFO | 📄 Archivos encontrados: []
2026-08-27 10:51:56,149 | INFO | 📂 REPORT_PATH=C:\MDA\Reportes\Power BI
2026-08-27 10:51:56,149 | INFO | 📄 Archivos encontrados: []
2026-08-27 10:51:58,150 | INFO | 📂 REPORT_PATH=C:\MDA\Reportes\Power BI
2026-08-27 10:51:58,150 | INFO | 📄 Archivos encontrados: []
2026-08-27 10:52:00,151 | INFO | 📂 REPORT_PATH=C:\MDA\Reportes\Power BI
2026-08-27 10:52:00,152 | INFO | 📄 Archivos encontrados: []
2026-08-27 10:52:02,153 | INFO | 📂 REPORT_PATH=C:\MDA\Reportes\Power BI
2026-08-27 10:52:02,153 | INFO | 📄 Archivos encontrados: []
2026-08-27 10:52:04,155 | INFO | 📂 REPORT_PATH=C:\MDA\Reportes\Power BI
2026-08-27 10:52:04,155 | INFO | 📄 Archivos encontrados: []
2026-08-27 10:52:06,156 | INFO | 📂 REPORT_PATH=C:\MDA\Reportes\Power BI
2026-08-27 10:52:06,156 | INFO | 📄 Archivos encontrados: []
2026-08-27 10:52:08,157 | INFO | 📂 REPORT_PATH=C:\MDA\Reportes\Power BI
2026-08-27 10:52:08,157 | INFO | 📄 Archivos encontrados: []
2026-08-27 10:52:10,158 | INFO | 📂 REPORT_PATH=C:\MDA\Reportes\Power BI
2026-08-27 10:52:10,158 | INFO | 📄 Archivos encontrados: []
2026-08-27 10:52:12,159 | INFO | 📂 REPORT_PATH=C:\MDA\Reportes\Power BI
2026-08-27 10:52:12,159 | INFO | 📄 Archivos encontrados: []
2026-08-27 10:52:14,160 | INFO | 📂 REPORT_PATH=C:\MDA\Reportes\Power BI
2026-08-27 10:52:14,160 | INFO | 📄 Archivos encontrados: []
2026-08-27 10:52:16,161 | INFO | 📂 REPORT_PATH=C:\MDA\Reportes\Power BI
2026-08-27 10:52:16,161 | INFO | 📄 Archivos encontrados: []
2026-08-27 10:52:18,162 | INFO | 📂 REPORT_PATH=C:\MDA\Reportes\Power BI
2026-08-27 10:52:18,162 | INFO | 📄 Archivos encontrados: []
2026-08-27 10:52:20,163 | INFO | 📂 REPORT_PATH=C:\MDA\Reportes\Power BI
2026-08-27 10:52:20,164 | INFO | 📄 Archivos encontrados: []
2026-08-27 10:52:22,165 | INFO | 📂 REPORT_PATH=C:\MDA\Reportes\Power BI
2026-08-27 10:52:22,166 | INFO | 📄 Archivos encontrados: []
2026-08-27 10:52:24,168 | INFO | 📂 REPORT_PATH=C:\MDA\Reportes\Power BI
2026-08-27 10:52:24,168 | INFO | 📄 Archivos encontrados: []
2026-08-27 10:52:26,170 | INFO | 📂 REPORT_PATH=C:\MDA\Reportes\Power BI
2026-08-27 10:52:26,170 | INFO | 📄 Archivos encontrados: []
2026-08-27 10:52:28,171 | INFO | 📂 REPORT_PATH=C:\MDA\Reportes\Power BI
2026-08-27 10:52:28,171 | INFO | 📄 Archivos encontrados: []
2026-08-27 10:52:30,173 | INFO | 📂 REPORT_PATH=C:\MDA\Reportes\Power BI
2026-08-27 10:52:30,174 | INFO | 📄 Archivos encontrados: []
2026-08-27 10:52:32,176 | INFO | 📂 REPORT_PATH=C:\MDA\Reportes\Power BI
2026-08-27 10:52:32,176 | INFO | 📄 Archivos encontrados: []
2026-08-27 10:52:34,178 | INFO | 📂 REPORT_PATH=C:\MDA\Reportes\Power BI
2026-08-27 10:52:34,179 | INFO | 📄 Archivos encontrados: []
2026-08-27 10:52:36,181 | INFO | 📂 REPORT_PATH=C:\MDA\Reportes\Power BI
2026-08-27 10:52:36,182 | INFO | 📄 Archivos encontrados: []
2026-08-27 10:52:38,183 | INFO | 📂 REPORT_PATH=C:\MDA\Reportes\Power BI
2026-08-27 10:52:38,184 | INFO | 📄 Archivos encontrados: []
2026-08-27 10:52:40,185 | INFO | 📂 REPORT_PATH=C:\MDA\Reportes\Power BI
2026-08-27 10:52:40,186 | INFO | 📄 Archivos encontrados: []
2026-08-27 10:52:42,186 | INFO | 📂 REPORT_PATH=C:\MDA\Reportes\Power BI
2026-08-27 10:52:42,187 | INFO | 📄 Archivos encontrados: []
2026-08-27 10:52:44,188 | INFO | 📂 REPORT_PATH=C:\MDA\Reportes\Power BI
2026-08-27 10:52:44,189 | INFO | 📄 Archivos encontrados: []
2026-08-27 10:52:46,191 | INFO | 📂 REPORT_PATH=C:\MDA\Reportes\Power BI
2026-08-27 10:52:46,191 | INFO | 📄 Archivos encontrados: []
2026-08-27 10:52:48,192 | INFO | 📂 REPORT_PATH=C:\MDA\Reportes\Power BI
2026-08-27 10:52:48,193 | INFO | 📄 Archivos encontrados: []
2026-08-27 10:52:50,194 | INFO | 📂 REPORT_PATH=C:\MDA\Reportes\Power BI
2026-08-27 10:52:50,195 | INFO | 📄 Archivos encontrados: []
2026-08-27 10:52:52,196 | INFO | 📂 REPORT_PATH=C:\MDA\Reportes\Power BI
2026-08-27 10:52:52,196 | INFO | 📄 Archivos encontrados: []
2026-08-27 10:52:54,198 | INFO | 📂 REPORT_PATH=C:\MDA\Reportes\Power BI
2026-08-27 10:52:54,198 | INFO | 📄 Archivos encontrados: []
2026-08-27 10:52:56,199 | INFO | 📂 REPORT_PATH=C:\MDA\Reportes\Power BI
2026-08-27 10:52:56,200 | INFO | 📄 Archivos encontrados: []
2026-08-27 10:52:58,201 | INFO | 📂 REPORT_PATH=C:\MDA\Reportes\Power BI
2026-08-27 10:52:58,201 | INFO | 📄 Archivos encontrados: []
2026-08-27 10:53:00,202 | INFO | 📂 REPORT_PATH=C:\MDA\Reportes\Power BI
2026-08-27 10:53:00,203 | INFO | 📄 Archivos encontrados: []
2026-08-27 10:53:02,205 | INFO | 📂 REPORT_PATH=C:\MDA\Reportes\Power BI
2026-08-27 10:53:02,206 | INFO | 📄 Archivos encontrados: []
2026-08-27 10:53:04,208 | INFO | 📂 REPORT_PATH=C:\MDA\Reportes\Power BI
2026-08-27 10:53:04,208 | INFO | 📄 Archivos encontrados: []
2026-08-27 10:53:06,209 | INFO | 📂 REPORT_PATH=C:\MDA\Reportes\Power BI
2026-08-27 10:53:06,209 | INFO | 📄 Archivos encontrados: []
2026-08-27 10:53:08,210 | INFO | 📂 REPORT_PATH=C:\MDA\Reportes\Power BI
2026-08-27 10:53:08,210 | INFO | 📄 Archivos encontrados: []
2026-08-27 10:53:10,212 | INFO | 📂 REPORT_PATH=C:\MDA\Reportes\Power BI
2026-08-27 10:53:10,213 | INFO | 📄 Archivos encontrados: []
2026-08-27 10:53:12,214 | INFO | 📂 REPORT_PATH=C:\MDA\Reportes\Power BI
2026-08-27 10:53:12,215 | INFO | 📄 Archivos encontrados: []
2026-08-27 10:53:14,216 | INFO | 📂 REPORT_PATH=C:\MDA\Reportes\Power BI
2026-08-27 10:53:14,217 | INFO | 📄 Archivos encontrados: []
2026-08-27 10:53:16,218 | INFO | 📂 REPORT_PATH=C:\MDA\Reportes\Power BI
2026-08-27 10:53:16,219 | INFO | 📄 Archivos encontrados: []
2026-08-27 10:53:18,220 | INFO | 📂 REPORT_PATH=C:\MDA\Reportes\Power BI
2026-08-27 10:53:18,220 | INFO | 📄 Archivos encontrados: []
2026-08-27 10:53:20,222 | INFO | 📂 REPORT_PATH=C:\MDA\Reportes\Power BI
2026-08-27 10:53:20,222 | INFO | 📄 Archivos encontrados: []
2026-08-27 10:53:22,224 | INFO | 📂 REPORT_PATH=C:\MDA\Reportes\Power BI
2026-08-27 10:53:22,224 | INFO | 📄 Archivos encontrados: []
2026-08-27 10:53:24,226 | INFO | 📂 REPORT_PATH=C:\MDA\Reportes\Power BI
2026-08-27 10:53:24,226 | INFO | 📄 Archivos encontrados: []
2026-08-27 10:53:26,228 | INFO | 📂 REPORT_PATH=C:\MDA\Reportes\Power BI
2026-08-27 10:53:26,228 | INFO | 📄 Archivos encontrados: []
2026-08-27 10:53:28,230 | INFO | 📂 REPORT_PATH=C:\MDA\Reportes\Power BI
2026-08-27 10:53:28,230 | INFO | 📄 Archivos encontrados: []
2026-08-27 10:53:30,232 | INFO | 📂 REPORT_PATH=C:\MDA\Reportes\Power BI
2026-08-27 10:53:30,233 | INFO | 📄 Archivos encontrados: []
2026-08-27 10:53:32,235 | INFO | 📂 REPORT_PATH=C:\MDA\Reportes\Power BI
2026-08-27 10:53:32,236 | INFO | 📄 Archivos encontrados: []
2026-08-27 10:53:34,237 | INFO | 📂 REPORT_PATH=C:\MDA\Reportes\Power BI
2026-08-27 10:53:34,238 | INFO | 📄 Archivos encontrados: []
2026-08-27 10:53:36,239 | INFO | 📂 REPORT_PATH=C:\MDA\Reportes\Power BI
2026-08-27 10:53:36,239 | INFO | 📄 Archivos encontrados: []
2026-08-27 10:53:38,241 | INFO | 📂 REPORT_PATH=C:\MDA\Reportes\Power BI
2026-08-27 10:53:38,241 | INFO | 📄 Archivos encontrados: []
2026-08-27 10:53:40,243 | INFO | 📂 REPORT_PATH=C:\MDA\Reportes\Power BI
2026-08-27 10:53:40,244 | INFO | 📄 Archivos encontrados: []
2026-08-27 10:53:42,245 | INFO | 📂 REPORT_PATH=C:\MDA\Reportes\Power BI
2026-08-27 10:53:42,245 | INFO | 📄 Archivos encontrados: []
2026-08-27 10:53:44,246 | INFO | 📂 REPORT_PATH=C:\MDA\Reportes\Power BI
2026-08-27 10:53:44,247 | INFO | 📄 Archivos encontrados: []
2026-08-27 10:53:46,248 | INFO | 📂 REPORT_PATH=C:\MDA\Reportes\Power BI
2026-08-27 10:53:46,249 | INFO | 📄 Archivos encontrados: []
2026-08-27 10:53:48,250 | INFO | 📂 REPORT_PATH=C:\MDA\Reportes\Power BI
2026-08-27 10:53:48,250 | INFO | 📄 Archivos encontrados: []
2026-08-27 10:53:50,251 | INFO | 📂 REPORT_PATH=C:\MDA\Reportes\Power BI
2026-08-27 10:53:50,252 | INFO | 📄 Archivos encontrados: []
2026-08-27 10:53:52,253 | INFO | 📂 REPORT_PATH=C:\MDA\Reportes\Power BI
2026-08-27 10:53:52,254 | INFO | 📄 Archivos encontrados: []
2026-08-27 10:53:54,255 | INFO | 📂 REPORT_PATH=C:\MDA\Reportes\Power BI
2026-08-27 10:53:54,256 | INFO | 📄 Archivos encontrados: []
2026-08-27 10:53:56,257 | INFO | 📂 REPORT_PATH=C:\MDA\Reportes\Power BI
2026-08-27 10:53:56,258 | INFO | 📄 Archivos encontrados: []
2026-08-27 10:53:58,259 | INFO | 📂 REPORT_PATH=C:\MDA\Reportes\Power BI
2026-08-27 10:53:58,259 | INFO | 📄 Archivos encontrados: []
2026-08-27 10:54:00,261 | INFO | 📂 REPORT_PATH=C:\MDA\Reportes\Power BI
2026-08-27 10:54:00,262 | INFO | 📄 Archivos encontrados: []
2026-08-27 10:54:02,264 | INFO | 📂 REPORT_PATH=C:\MDA\Reportes\Power BI
2026-08-27 10:54:02,264 | INFO | 📄 Archivos encontrados: []
2026-08-27 10:54:04,266 | INFO | 📂 REPORT_PATH=C:\MDA\Reportes\Power BI
2026-08-27 10:54:04,266 | INFO | 📄 Archivos encontrados: []
2026-08-27 10:54:06,268 | INFO | 📂 REPORT_PATH=C:\MDA\Reportes\Power BI
2026-08-27 10:54:06,269 | INFO | 📄 Archivos encontrados: []
2026-08-27 10:54:08,271 | INFO | 📂 REPORT_PATH=C:\MDA\Reportes\Power BI
2026-08-27 10:54:08,271 | INFO | 📄 Archivos encontrados: []
2026-08-27 10:54:10,273 | INFO | 📂 REPORT_PATH=C:\MDA\Reportes\Power BI
2026-08-27 10:54:10,274 | INFO | 📄 Archivos encontrados: []
2026-08-27 10:54:12,276 | INFO | 📂 REPORT_PATH=C:\MDA\Reportes\Power BI
2026-08-27 10:54:12,276 | INFO | 📄 Archivos encontrados: []
2026-08-27 10:54:14,278 | INFO | 📂 REPORT_PATH=C:\MDA\Reportes\Power BI
2026-08-27 10:54:14,278 | INFO | 📄 Archivos encontrados: []
2026-08-27 10:54:16,280 | INFO | 📂 REPORT_PATH=C:\MDA\Reportes\Power BI
2026-08-27 10:54:16,281 | INFO | 📄 Archivos encontrados: []
2026-08-27 10:54:18,282 | INFO | 📂 REPORT_PATH=C:\MDA\Reportes\Power BI
2026-08-27 10:54:18,283 | INFO | 📄 Archivos encontrados: []
2026-08-27 10:54:20,284 | INFO | 📂 REPORT_PATH=C:\MDA\Reportes\Power BI
2026-08-27 10:54:20,284 | INFO | 📄 Archivos encontrados: []
2026-08-27 10:54:22,285 | INFO | 📂 REPORT_PATH=C:\MDA\Reportes\Power BI
2026-08-27 10:54:22,286 | INFO | 📄 Archivos encontrados: []
2026-08-27 10:54:24,287 | INFO | 📂 REPORT_PATH=C:\MDA\Reportes\Power BI
2026-08-27 10:54:24,288 | INFO | 📄 Archivos encontrados: []
2026-08-27 10:54:26,289 | INFO | 📂 REPORT_PATH=C:\MDA\Reportes\Power BI
2026-08-27 10:54:26,289 | INFO | 📄 Archivos encontrados: []
2026-08-27 10:54:28,291 | INFO | 📂 REPORT_PATH=C:\MDA\Reportes\Power BI
2026-08-27 10:54:28,291 | INFO | 📄 Archivos encontrados: []
2026-08-27 10:54:30,292 | INFO | 📂 REPORT_PATH=C:\MDA\Reportes\Power BI
2026-08-27 10:54:30,293 | INFO | 📄 Archivos encontrados: []
2026-08-27 10:54:32,295 | INFO | 📂 REPORT_PATH=C:\MDA\Reportes\Power BI
2026-08-27 10:54:32,296 | INFO | 📄 Archivos encontrados: []
2026-08-27 10:54:34,297 | INFO | 📂 REPORT_PATH=C:\MDA\Reportes\Power BI
2026-08-27 10:54:34,298 | INFO | 📄 Archivos encontrados: []
2026-08-27 10:54:36,299 | INFO | 📂 REPORT_PATH=C:\MDA\Reportes\Power BI
2026-08-27 10:54:36,299 | INFO | 📄 Archivos encontrados: []
2026-08-27 10:54:38,300 | INFO | 📂 REPORT_PATH=C:\MDA\Reportes\Power BI
2026-08-27 10:54:38,301 | INFO | 📄 Archivos encontrados: []
2026-08-27 10:54:40,302 | INFO | 📂 REPORT_PATH=C:\MDA\Reportes\Power BI
2026-08-27 10:54:40,303 | INFO | 📄 Archivos encontrados: []
2026-08-27 10:54:42,304 | INFO | 📂 REPORT_PATH=C:\MDA\Reportes\Power BI
2026-08-27 10:54:42,305 | INFO | 📄 Archivos encontrados: []
2026-08-27 10:54:44,306 | INFO | 📂 REPORT_PATH=C:\MDA\Reportes\Power BI
2026-08-27 10:54:44,306 | INFO | 📄 Archivos encontrados: []
2026-08-27 10:54:46,308 | INFO | 📂 REPORT_PATH=C:\MDA\Reportes\Power BI
2026-08-27 10:54:46,308 | INFO | 📄 Archivos encontrados: []
2026-08-27 10:54:48,309 | INFO | 📂 REPORT_PATH=C:\MDA\Reportes\Power BI
2026-08-27 10:54:48,309 | INFO | 📄 Archivos encontrados: []
2026-08-27 10:54:48,310 | ERROR | ❌ Error: No se descargó ningún PDF.
2026-08-27 11:16:13,688 | INFO | 🌐 Abriendo reporte Power BI
2026-08-27 11:16:42,790 | INFO | 📤 Abriendo menú Exportar
2026-08-27 11:16:44,960 | INFO | 📄 Seleccionando PDF
2026-08-27 11:16:48,787 | INFO | 📋 Esperando ventana de confirmación
2026-08-27 11:16:49,386 | INFO | ✅ Confirmación PDF enviada
2026-08-27 11:16:49,386 | INFO | ⏳ Esperando descarga PDF
2026-08-27 11:16:49,386 | INFO | 📂 REPORT_PATH=C:\MDA\Reportes\Power BI
2026-08-27 11:16:49,387 | INFO | 📄 Archivos encontrados: []
2026-08-27 11:16:51,387 | INFO | 📄 Archivos encontrados: []
2026-08-27 11:16:53,389 | INFO | 📄 Archivos encontrados: []
2026-08-27 11:16:55,390 | INFO | 📄 Archivos encontrados: []
2026-08-27 11:16:57,392 | INFO | 📄 Archivos encontrados: []
2026-08-27 11:16:59,393 | INFO | 📄 Archivos encontrados: []
2026-08-27 11:17:01,394 | INFO | 📄 Archivos encontrados: []
2026-08-27 11:17:03,395 | INFO | 📄 Archivos encontrados: []
2026-08-27 11:17:05,396 | INFO | 📄 Archivos encontrados: []
2026-08-27 11:17:07,398 | INFO | 📄 Archivos encontrados: []
2026-08-27 11:17:09,399 | INFO | 📄 Archivos encontrados: []
2026-08-27 11:17:11,401 | INFO | 📄 Archivos encontrados: []
2026-08-27 11:17:13,403 | INFO | 📄 Archivos encontrados: []
2026-08-27 11:17:15,404 | INFO | 📄 Archivos encontrados: []
2026-08-27 11:17:17,406 | INFO | 📄 Archivos encontrados: []
2026-08-27 11:17:19,407 | INFO | 📄 Archivos encontrados: []
2026-08-27 11:17:21,409 | INFO | 📄 Archivos encontrados: []
2026-08-27 11:17:23,410 | INFO | 📄 Archivos encontrados: []
2026-08-27 11:17:25,411 | INFO | 📄 Archivos encontrados: []
2026-08-27 11:17:27,412 | INFO | 📄 Archivos encontrados: []
2026-08-27 11:17:29,414 | INFO | 📄 Archivos encontrados: []
2026-08-27 11:17:31,416 | INFO | 📄 Archivos encontrados: []
2026-08-27 11:17:33,419 | INFO | 📄 Archivos encontrados: []
2026-08-27 11:17:35,421 | INFO | 📄 Archivos encontrados: []
2026-08-27 11:17:37,422 | INFO | 📄 Archivos encontrados: []
2026-08-27 11:17:39,423 | INFO | 📄 Archivos encontrados: []
2026-08-27 11:17:41,424 | INFO | 📄 Archivos encontrados: []
2026-08-27 11:17:43,425 | INFO | 📄 Archivos encontrados: []
2026-08-27 11:17:45,427 | INFO | 📄 Archivos encontrados: []
2026-08-27 11:17:47,428 | INFO | 📄 Archivos encontrados: []
2026-08-27 11:17:49,430 | INFO | 📄 Archivos encontrados: ['MDA.pdf']
2026-08-27 11:17:49,444 | INFO | ✅ PDF renombrado: C:\MDA\Reportes\Power BI\Dashboard_MDA_20260827_111749.pdf
2026-08-27 11:17:54,082 | INFO | ✅ Correo abierto en Outlook
2026-08-27 11:17:54,140 | INFO | ✅ Proceso completado
2026-08-27 11:44:38,035 | INFO | 🌐 Abriendo reporte Power BI
2026-08-27 11:45:08,680 | INFO | 📤 Abriendo menú Exportar
2026-08-27 11:45:10,800 | INFO | 📄 Seleccionando PDF
2026-08-27 11:45:10,866 | INFO | 📋 Esperando ventana de confirmación
2026-08-27 11:45:11,461 | INFO | ✅ Confirmación PDF enviada
2026-08-27 11:45:11,461 | INFO | ⏳ Esperando descarga PDF
2026-08-27 11:45:11,462 | INFO | ✅ PDF guardado: C:\MDA\Reportes\Power BI\Dashboard_MDA_20260827_114511.pdf
2026-08-27 11:45:12,993 | INFO | ✅ Correo enviado
2026-08-27 11:45:12,996 | INFO | ✅ Proceso completado
2026-08-27 12:15:57,465 | INFO | 🌐 Abriendo reporte Power BI
2026-08-27 12:16:19,278 | INFO | 📤 Abriendo menú Exportar
2026-08-27 12:16:21,853 | INFO | 📄 Seleccionando PDF
2026-08-27 12:17:22,048 | ERROR | ❌ Error: Message: 

2026-08-27 12:23:19,569 | INFO | 🚀 Iniciando proceso
2026-08-27 12:23:28,498 | INFO | 🌐 Abriendo reporte Power BI
2026-08-27 12:23:49,697 | INFO | 📤 Abriendo menú Exportar
2026-08-27 12:23:51,893 | INFO | 📄 Seleccionando PDF
2026-08-27 12:24:52,368 | ERROR | ❌ Error: Message: 

2026-08-27 12:24:52,372 | ERROR | Traceback (most recent call last):
  File "c:\Automatizaciones\MDA\SEND_REPORTS\main.py", line 27, in main
    powerbi.export_pdf()
    ~~~~~~~~~~~~~~~~~~^^
  File "c:\Automatizaciones\MDA\SEND_REPORTS\src\powerbi.py", line 122, in export_pdf
    ).until(
      ~~~~~^
        EC.element_to_be_clickable(
        ^^^^^^^^^^^^^^^^^^^^^^^^^^^
    ...<4 lines>...
        )
        ^
    )
    ^
  File "C:\Users\expgsurco\AppData\Local\Python\pythoncore-3.14-64\Lib\site-packages\selenium\webdriver\support\wait.py", line 121, in until
    raise TimeoutException(message, screen, stacktrace)
selenium.common.exceptions.TimeoutException: Message: 


2026-08-27 12:24:54,689 | INFO | 🔒 Navegador cerrado
2026-08-27 13:43:34,838 | INFO | 🚀 Iniciando proceso
2026-08-27 13:43:35,357 | INFO | 🌐 Abriendo reporte Power BI
2026-08-27 13:43:58,786 | INFO | 📤 Abriendo menú Exportar
2026-08-27 13:44:00,979 | INFO | 📄 Seleccionando PDF
2026-08-27 13:45:01,612 | INFO | 📋 Esperando ventana de confirmación
2026-08-27 13:45:01,827 | INFO | ✅ Confirmación PDF enviada
2026-08-27 13:45:01,828 | INFO | ⏳ Esperando descarga PDF
2026-08-27 13:45:01,828 | INFO | Ruta configurada: C:\MDA\Reportes\Power BI
2026-08-27 13:45:01,828 | INFO | 📂 REPORT_PATH=C:\MDA\Reportes\Power BI
2026-08-27 13:45:01,829 | INFO | 📄 Archivos encontrados: ['Dashboard_MDA_20260827_114511.pdf']
2026-08-27 13:45:01,829 | INFO | ✅ PDF guardado: C:\MDA\Reportes\Power BI\Dashboard_MDA_20260827_134501.pdf
2026-08-27 13:45:01,830 | INFO | 📎 Archivo generado: C:\MDA\Reportes\Power BI\Dashboard_MDA_20260827_134501.pdf
2026-08-27 13:45:03,211 | INFO | ✅ Correo enviado: Dashboard_MDA_20260827_134501.pdf
2026-08-27 13:45:03,211 | INFO | 📧 Para: Roberto.Moreno@dpworld.com
2026-08-27 13:45:03,211 | INFO | 📧 CC: canv.lgenaro@dpworld.com
2026-08-27 13:45:03,213 | INFO | ✅ Proceso completado
2026-08-27 13:45:05,471 | INFO | 🔒 Navegador cerrado
2026-08-27 14:08:25,272 | INFO | 🚀 Iniciando proceso
2026-08-27 14:08:25,820 | INFO | 🌐 Abriendo reporte Power BI
2026-08-27 14:08:55,345 | INFO | 📤 Abriendo menú Exportar
2026-08-27 14:08:57,418 | INFO | 📄 Seleccionando PDF
2026-08-27 14:08:57,466 | INFO | 📋 Esperando ventana de confirmación
2026-08-27 14:08:58,026 | INFO | ✅ Confirmación PDF enviada
2026-08-27 14:08:58,026 | INFO | ⏳ Esperando descarga PDF
2026-08-27 14:08:58,026 | INFO | Ruta configurada: C:\MDA\Reportes\Power BI
2026-08-27 14:08:58,026 | INFO | 📂 REPORT_PATH=C:\MDA\Reportes\Power BI
2026-08-27 14:08:58,027 | INFO | 📄 Archivos encontrados: ['Dashboard_MDA_20260827_134501.pdf']
2026-08-27 14:08:58,027 | INFO | ✅ PDF guardado: C:\MDA\Reportes\Power BI\Dashboard_MDA_20260827_140858.pdf
2026-08-27 14:08:58,027 | INFO | 📎 Archivo generado: C:\MDA\Reportes\Power BI\Dashboard_MDA_20260827_140858.pdf
2026-08-27 14:08:58,027 | ERROR | ❌ Error: Mailer.send_mail() got an unexpected keyword argument 'destinatarios'. Did you mean 'destinatario'?
2026-08-27 14:08:58,028 | ERROR | Traceback (most recent call last):
  File "c:\Automatizaciones\MDA\SEND_REPORTS\main.py", line 34, in main
    Mailer().send_mail(
    ~~~~~~~~~~~~~~~~~~^
        destinatarios=
        ^^^^^^^^^^^^^^
    ...<7 lines>...
        adjunto=pdf_file
        ^^^^^^^^^^^^^^^^
    )
    ^
TypeError: Mailer.send_mail() got an unexpected keyword argument 'destinatarios'. Did you mean 'destinatario'?

2026-08-27 14:09:00,266 | INFO | 🔒 Navegador cerrado
2026-08-27 14:16:30,540 | INFO | 🚀 Iniciando proceso
2026-08-27 14:16:31,113 | INFO | 🌐 Abriendo reporte Power BI
2026-08-27 14:17:00,089 | INFO | 📤 Abriendo menú Exportar
2026-08-27 14:17:02,243 | INFO | 📄 Seleccionando PDF
2026-08-27 14:18:02,511 | ERROR | ❌ Error: Message: 

2026-08-27 14:18:02,528 | ERROR | Traceback (most recent call last):
  File "C:\Automatizaciones\MDA\SEND_REPORTS\main.py", line 27, in main
    powerbi.export_pdf()
    ~~~~~~~~~~~~~~~~~~^^
  File "C:\Automatizaciones\MDA\SEND_REPORTS\src\powerbi.py", line 122, in export_pdf
    ).until(
      ~~~~~^
        EC.element_to_be_clickable(
        ^^^^^^^^^^^^^^^^^^^^^^^^^^^
    ...<4 lines>...
        )
        ^
    )
    ^
  File "C:\Users\expgsurco\AppData\Local\Python\pythoncore-3.14-64\Lib\site-packages\selenium\webdriver\support\wait.py", line 121, in until
    raise TimeoutException(message, screen, stacktrace)
selenium.common.exceptions.TimeoutException: Message: 


2026-08-27 14:18:04,782 | INFO | 🔒 Navegador cerrado
2026-08-27 14:22:29,362 | INFO | 🚀 Iniciando proceso
2026-08-27 14:22:29,862 | INFO | 🌐 Abriendo reporte Power BI
2026-08-27 14:22:47,667 | INFO | 📤 Abriendo menú Exportar
2026-08-27 14:22:47,728 | INFO | ✅ Menú Exportar abierto
2026-08-27 14:22:50,729 | INFO | 📄 Seleccionando PDF
2026-08-27 14:22:50,761 | INFO | ✅ Opción PDF seleccionada
2026-08-27 14:22:50,761 | INFO | 📋 Esperando ventana de confirmación
2026-08-27 14:22:50,840 | INFO | ✅ Confirmación PDF enviada
2026-08-27 14:22:55,840 | INFO | 📂 Ruta configurada: C:\MDA\Reportes\Power BI
2026-08-27 14:22:55,843 | INFO | 📄 Archivos encontrados: ['Dashboard_MDA_20260827_140858.pdf']
2026-08-27 14:22:57,844 | INFO | 📄 Archivos encontrados: ['Dashboard_MDA_20260827_140858.pdf']
2026-08-27 14:22:59,845 | INFO | 📄 Archivos encontrados: ['Dashboard_MDA_20260827_140858.pdf']
2026-08-27 14:23:01,847 | INFO | 📄 Archivos encontrados: ['Dashboard_MDA_20260827_140858.pdf']
2026-08-27 14:23:03,848 | INFO | 📄 Archivos encontrados: ['Dashboard_MDA_20260827_140858.pdf']
2026-08-27 14:23:05,851 | INFO | 📄 Archivos encontrados: ['Dashboard_MDA_20260827_140858.pdf']
2026-08-27 14:23:07,852 | INFO | 📄 Archivos encontrados: ['Dashboard_MDA_20260827_140858.pdf']
2026-08-27 14:23:09,853 | INFO | 📄 Archivos encontrados: ['Dashboard_MDA_20260827_140858.pdf']
2026-08-27 14:23:11,854 | INFO | 📄 Archivos encontrados: ['Dashboard_MDA_20260827_140858.pdf']
2026-08-27 14:23:13,856 | INFO | 📄 Archivos encontrados: ['Dashboard_MDA_20260827_140858.pdf']
2026-08-27 14:23:15,857 | INFO | 📄 Archivos encontrados: ['Dashboard_MDA_20260827_140858.pdf']
2026-08-27 14:23:17,858 | INFO | 📄 Archivos encontrados: ['Dashboard_MDA_20260827_140858.pdf']
2026-08-27 14:23:19,860 | INFO | 📄 Archivos encontrados: ['Dashboard_MDA_20260827_140858.pdf']
2026-08-27 14:23:21,861 | INFO | 📄 Archivos encontrados: ['Dashboard_MDA_20260827_140858.pdf']
2026-08-27 14:23:23,862 | INFO | 📄 Archivos encontrados: ['Dashboard_MDA_20260827_140858.pdf']
2026-08-27 14:23:25,863 | INFO | 📄 Archivos encontrados: ['Dashboard_MDA_20260827_140858.pdf']
2026-08-27 14:23:27,865 | INFO | 📄 Archivos encontrados: ['Dashboard_MDA_20260827_140858.pdf']
2026-08-27 14:23:29,867 | INFO | 📄 Archivos encontrados: ['Dashboard_MDA_20260827_140858.pdf']
2026-08-27 14:23:31,869 | INFO | 📄 Archivos encontrados: ['Dashboard_MDA_20260827_140858.pdf']
2026-08-27 14:23:33,869 | INFO | 📄 Archivos encontrados: ['Dashboard_MDA_20260827_140858.pdf']
2026-08-27 14:23:35,871 | INFO | 📄 Archivos encontrados: ['Dashboard_MDA_20260827_140858.pdf']
2026-08-27 14:23:37,873 | INFO | 📄 Archivos encontrados: ['Dashboard_MDA_20260827_140858.pdf']
2026-08-27 14:23:39,874 | INFO | 📄 Archivos encontrados: ['Dashboard_MDA_20260827_140858.pdf']
2026-08-27 14:23:41,876 | INFO | 📄 Archivos encontrados: ['Dashboard_MDA_20260827_140858.pdf']
2026-08-27 14:23:43,878 | INFO | 📄 Archivos encontrados: ['Dashboard_MDA_20260827_140858.pdf']
2026-08-27 14:23:45,879 | INFO | 📄 Archivos encontrados: ['MDA.pdf', 'Dashboard_MDA_20260827_140858.pdf']
2026-08-27 14:23:45,880 | INFO | ✅ PDF renombrado: C:\MDA\Reportes\Power BI\Dashboard_MDA_20260827_142345.pdf
2026-08-27 14:23:45,880 | INFO | 📎 Archivo generado: C:\MDA\Reportes\Power BI\Dashboard_MDA_20260827_142345.pdf
2026-08-27 14:23:46,606 | INFO | Cuenta encontrada: exp.gsurco@dpworld.com
2026-08-27 14:23:47,190 | INFO | TO: Roberto.Moreno@dpworld.com
2026-08-27 14:23:47,191 | INFO | CC: canv.lgenaro@dpworld.com
2026-08-27 14:23:47,191 | INFO | ADJUNTO: C:\MDA\Reportes\Power BI\Dashboard_MDA_20260827_142345.pdf
2026-08-27 14:23:47,442 | INFO | ✅ Solicitud de envío enviada a Outlook
2026-08-27 14:23:47,448 | INFO | ✅ Proceso completado
2026-08-27 14:23:49,711 | INFO | 🔒 Navegador cerrado
2026-08-27 16:12:35,093 | INFO | 🚀 Iniciando proceso
2026-08-27 16:12:36,359 | INFO | 🌐 Abriendo reporte Power BI
2026-08-27 16:13:08,087 | INFO | 📤 Abriendo menú Exportar
2026-08-27 16:13:58,453 | INFO | 🚀 Iniciando proceso
2026-08-27 16:13:58,966 | INFO | 🌐 Abriendo reporte Power BI
2026-08-27 16:13:59,448 | INFO | 🚀 Iniciando proceso
2026-08-27 16:13:59,875 | INFO | 🌐 Abriendo reporte Power BI
2026-08-27 16:14:22,586 | INFO | 📤 Abriendo menú Exportar
2026-08-27 16:14:32,194 | INFO | 📤 Abriendo menú Exportar
2026-08-27 17:04:42,064 | INFO | 🚀 Iniciando proceso
2026-08-27 17:04:42,664 | INFO | 🌐 Abriendo reporte Power BI
2026-08-27 17:05:07,891 | INFO | 📤 Abriendo menú Exportar
2026-08-27 17:07:08,048 | ERROR | ❌ Error: Message: 
Stacktrace:
	chromedriver!GetHandleVerifier [0x7ff73b84abb5+151b5]
	chromedriver!GetHandleVerifier [0x7ff73b84ac10+15210]
	chromedriver!(No symbol) [0x7ff73b375d6d]
	chromedriver!(No symbol) [0x7ff73b3d1289]
	chromedriver!(No symbol) [0x7ff73b3d158c]
	chromedriver!(No symbol) [0x7ff73b422027]
	chromedriver!(No symbol) [0x7ff73b41ec0b]
	chromedriver!(No symbol) [0x7ff73b3c37cc]
	chromedriver!(No symbol) [0x7ff73b3c46f3]
	chromedriver!GetHandleVerifier [0x7ff73be6b79b+635d9b]
	chromedriver!GetHandleVerifier [0x7ff73be65ac6+6300c6]
	chromedriver!GetHandleVerifier [0x7ff73be8bcee+6562ee]
	chromedriver!GetHandleVerifier [0x7ff73b868ffe+335fe]
	chromedriver!GetHandleVerifier [0x7ff73b87147c+3ba7c]
	chromedriver!GetHandleVerifier [0x7ff73b854d64+1f364]
	chromedriver!GetHandleVerifier [0x7ff73b854ef4+1f4f4]
	chromedriver!GetHandleVerifier [0x7ff73b837d97+2397]
	KERNEL32!BaseThreadInitThunk [0x7ffcb570e957+17]
	ntdll!RtlUserThreadStart [0x7ffcb728ad6c+2c]

2026-08-27 17:07:08,055 | ERROR | Traceback (most recent call last):
  File "C:\Automatizaciones\MDA\SEND_REPORTS\main.py", line 27, in main
    powerbi.export_pdf()
    ~~~~~~~~~~~~~~~~~~^^
  File "C:\Automatizaciones\MDA\SEND_REPORTS\src\powerbi.py", line 102, in export_pdf
    ).until(
      ~~~~~^
        EC.presence_of_element_located(
        ^^^^^^^^^^^^^^^^^^^^^^^^^^^^^^^
    ...<4 lines>...
        )
        ^
    )
    ^
  File "C:\Users\expgsurco\AppData\Local\Python\pythoncore-3.14-64\Lib\site-packages\selenium\webdriver\support\wait.py", line 121, in until
    raise TimeoutException(message, screen, stacktrace)
selenium.common.exceptions.TimeoutException: Message: 
Stacktrace:
	chromedriver!GetHandleVerifier [0x7ff73b84abb5+151b5]
	chromedriver!GetHandleVerifier [0x7ff73b84ac10+15210]
	chromedriver!(No symbol) [0x7ff73b375d6d]
	chromedriver!(No symbol) [0x7ff73b3d1289]
	chromedriver!(No symbol) [0x7ff73b3d158c]
	chromedriver!(No symbol) [0x7ff73b422027]
	chromedriver!(No symbol) [0x7ff73b41ec0b]
	chromedriver!(No symbol) [0x7ff73b3c37cc]
	chromedriver!(No symbol) [0x7ff73b3c46f3]
	chromedriver!GetHandleVerifier [0x7ff73be6b79b+635d9b]
	chromedriver!GetHandleVerifier [0x7ff73be65ac6+6300c6]
	chromedriver!GetHandleVerifier [0x7ff73be8bcee+6562ee]
	chromedriver!GetHandleVerifier [0x7ff73b868ffe+335fe]
	chromedriver!GetHandleVerifier [0x7ff73b87147c+3ba7c]
	chromedriver!GetHandleVerifier [0x7ff73b854d64+1f364]
	chromedriver!GetHandleVerifier [0x7ff73b854ef4+1f4f4]
	chromedriver!GetHandleVerifier [0x7ff73b837d97+2397]
	KERNEL32!BaseThreadInitThunk [0x7ffcb570e957+17]
	ntdll!RtlUserThreadStart [0x7ffcb728ad6c+2c]


2026-08-27 17:07:10,204 | INFO | 🔒 Navegador cerrado
2026-08-27 17:29:41,648 | INFO | 🚀 Iniciando proceso
2026-08-27 17:29:42,778 | INFO | 🌐 Abriendo reporte Power BI
2026-08-27 17:30:00,297 | INFO | 📤 Abriendo menú Exportar
2026-08-27 17:30:00,387 | INFO | ✅ Menú Exportar abierto
2026-08-27 17:30:03,388 | INFO | 📄 Seleccionando PDF
2026-08-27 17:30:03,438 | INFO | ✅ Opción PDF seleccionada
2026-08-27 17:30:03,440 | INFO | 📋 Esperando ventana de confirmación
2026-08-27 17:30:03,869 | INFO | ✅ Confirmación PDF enviada
2026-08-27 17:30:08,870 | INFO | 📂 Ruta configurada: C:\MDA\Reportes\Power BI
2026-08-27 17:30:08,871 | INFO | 📄 Archivos encontrados: ['Dashboard_MDA_20260827_140858.pdf', 'Dashboard_MDA_20260827_142345.pdf']
2026-08-27 17:30:10,873 | INFO | 📄 Archivos encontrados: ['Dashboard_MDA_20260827_140858.pdf', 'Dashboard_MDA_20260827_142345.pdf']
2026-08-27 17:30:12,874 | INFO | 📄 Archivos encontrados: ['Dashboard_MDA_20260827_140858.pdf', 'Dashboard_MDA_20260827_142345.pdf']
2026-08-27 17:30:14,875 | INFO | 📄 Archivos encontrados: ['Dashboard_MDA_20260827_140858.pdf', 'Dashboard_MDA_20260827_142345.pdf']
2026-08-27 17:30:16,876 | INFO | 📄 Archivos encontrados: ['Dashboard_MDA_20260827_140858.pdf', 'Dashboard_MDA_20260827_142345.pdf']
2026-08-27 17:30:18,878 | INFO | 📄 Archivos encontrados: ['Dashboard_MDA_20260827_140858.pdf', 'Dashboard_MDA_20260827_142345.pdf']
2026-08-27 17:30:20,881 | INFO | 📄 Archivos encontrados: ['Dashboard_MDA_20260827_140858.pdf', 'Dashboard_MDA_20260827_142345.pdf']
2026-08-27 17:30:22,883 | INFO | 📄 Archivos encontrados: ['Dashboard_MDA_20260827_140858.pdf', 'Dashboard_MDA_20260827_142345.pdf']
2026-08-27 17:30:24,885 | INFO | 📄 Archivos encontrados: ['Dashboard_MDA_20260827_140858.pdf', 'Dashboard_MDA_20260827_142345.pdf']
2026-08-27 17:30:26,886 | INFO | 📄 Archivos encontrados: ['Dashboard_MDA_20260827_140858.pdf', 'Dashboard_MDA_20260827_142345.pdf']
2026-08-27 17:30:28,887 | INFO | 📄 Archivos encontrados: ['Dashboard_MDA_20260827_140858.pdf', 'Dashboard_MDA_20260827_142345.pdf']
2026-08-27 17:30:30,889 | INFO | 📄 Archivos encontrados: ['Dashboard_MDA_20260827_140858.pdf', 'Dashboard_MDA_20260827_142345.pdf']
2026-08-27 17:30:32,891 | INFO | 📄 Archivos encontrados: ['Dashboard_MDA_20260827_140858.pdf', 'Dashboard_MDA_20260827_142345.pdf']
2026-08-27 17:30:34,893 | INFO | 📄 Archivos encontrados: ['Dashboard_MDA_20260827_140858.pdf', 'Dashboard_MDA_20260827_142345.pdf']
2026-08-27 17:30:36,895 | INFO | 📄 Archivos encontrados: ['Dashboard_MDA_20260827_140858.pdf', 'Dashboard_MDA_20260827_142345.pdf']
2026-08-27 17:30:38,897 | INFO | 📄 Archivos encontrados: ['Dashboard_MDA_20260827_140858.pdf', 'Dashboard_MDA_20260827_142345.pdf']
2026-08-27 17:30:40,899 | INFO | 📄 Archivos encontrados: ['Dashboard_MDA_20260827_140858.pdf', 'Dashboard_MDA_20260827_142345.pdf']
2026-08-27 17:30:42,900 | INFO | 📄 Archivos encontrados: ['Dashboard_MDA_20260827_140858.pdf', 'Dashboard_MDA_20260827_142345.pdf']
2026-08-27 17:30:44,901 | INFO | 📄 Archivos encontrados: ['Dashboard_MDA_20260827_140858.pdf', 'Dashboard_MDA_20260827_142345.pdf']
2026-08-27 17:30:46,903 | INFO | 📄 Archivos encontrados: ['Dashboard_MDA_20260827_140858.pdf', 'Dashboard_MDA_20260827_142345.pdf']
2026-08-27 17:30:48,905 | INFO | 📄 Archivos encontrados: ['Dashboard_MDA_20260827_140858.pdf', 'Dashboard_MDA_20260827_142345.pdf']
2026-08-27 17:30:50,906 | INFO | 📄 Archivos encontrados: ['Dashboard_MDA_20260827_140858.pdf', 'Dashboard_MDA_20260827_142345.pdf']
2026-08-27 17:30:52,908 | INFO | 📄 Archivos encontrados: ['Dashboard_MDA_20260827_140858.pdf', 'Dashboard_MDA_20260827_142345.pdf']
2026-08-27 17:30:54,909 | INFO | 📄 Archivos encontrados: ['Dashboard_MDA_20260827_140858.pdf', 'Dashboard_MDA_20260827_142345.pdf']
2026-08-27 17:30:56,911 | INFO | 📄 Archivos encontrados: ['Dashboard_MDA_20260827_140858.pdf', 'Dashboard_MDA_20260827_142345.pdf']
2026-08-27 17:30:58,913 | INFO | 📄 Archivos encontrados: ['MDA.pdf', 'Dashboard_MDA_20260827_140858.pdf', 'Dashboard_MDA_20260827_142345.pdf']
2026-08-27 17:30:58,915 | INFO | ✅ PDF renombrado: C:\MDA\Reportes\Power BI\Dashboard_MDA_20260827_173058.pdf
2026-08-27 17:30:58,915 | INFO | 📎 Archivo generado: C:\MDA\Reportes\Power BI\Dashboard_MDA_20260827_173058.pdf
2026-08-27 17:30:58,977 | INFO | Cuenta encontrada: exp.gsurco@dpworld.com
2026-08-27 17:30:59,066 | INFO | TO: Roberto.Moreno@dpworld.com
2026-08-27 17:30:59,067 | INFO | CC: canv.lgenaro@dpworld.com
2026-08-27 17:30:59,067 | INFO | ADJUNTO: C:\MDA\Reportes\Power BI\Dashboard_MDA_20260827_173058.pdf
2026-08-27 17:30:59,394 | INFO | ✅ Solicitud de envío enviada a Outlook
2026-08-27 17:30:59,437 | INFO | ✅ Proceso completado
2026-08-27 17:31:01,761 | INFO | 🔒 Navegador cerrado
2026-08-28 09:06:41,645 | INFO | 🚀 Iniciando proceso
2026-08-28 09:06:45,144 | INFO | 🌐 Abriendo reporte Power BI
2026-08-28 09:07:12,316 | INFO | 📤 Abriendo menú Exportar
2026-08-28 09:09:12,521 | ERROR | ❌ Error: Message: 
Stacktrace:
	chromedriver!GetHandleVerifier [0x7ff78ee3abb5+151b5]
	chromedriver!GetHandleVerifier [0x7ff78ee3ac10+15210]
	chromedriver!(No symbol) [0x7ff78e965d6d]
	chromedriver!(No symbol) [0x7ff78e9c1289]
	chromedriver!(No symbol) [0x7ff78e9c158c]
	chromedriver!(No symbol) [0x7ff78ea12027]
	chromedriver!(No symbol) [0x7ff78ea0ec0b]
	chromedriver!(No symbol) [0x7ff78e9b37cc]
	chromedriver!(No symbol) [0x7ff78e9b46f3]
	chromedriver!GetHandleVerifier [0x7ff78f45b79b+635d9b]
	chromedriver!GetHandleVerifier [0x7ff78f455ac6+6300c6]
	chromedriver!GetHandleVerifier [0x7ff78f47bcee+6562ee]
	chromedriver!GetHandleVerifier [0x7ff78ee58ffe+335fe]
	chromedriver!GetHandleVerifier [0x7ff78ee6147c+3ba7c]
	chromedriver!GetHandleVerifier [0x7ff78ee44d64+1f364]
	chromedriver!GetHandleVerifier [0x7ff78ee44ef4+1f4f4]
	chromedriver!GetHandleVerifier [0x7ff78ee27d97+2397]
	KERNEL32!BaseThreadInitThunk [0x7ffdba01e957+17]
	ntdll!RtlUserThreadStart [0x7ffdbae0ad6c+2c]

2026-08-28 09:09:12,608 | ERROR | Traceback (most recent call last):
  File "C:\Automatizaciones\MDA\SEND_REPORTS\main.py", line 27, in main
    powerbi.export_pdf()
    ~~~~~~~~~~~~~~~~~~^^
  File "C:\Automatizaciones\MDA\SEND_REPORTS\src\powerbi.py", line 102, in export_pdf
    ).until(
      ~~~~~^
        EC.presence_of_element_located(
        ^^^^^^^^^^^^^^^^^^^^^^^^^^^^^^^
    ...<4 lines>...
        )
        ^
    )
    ^
  File "C:\Users\expgsurco\AppData\Local\Python\pythoncore-3.14-64\Lib\site-packages\selenium\webdriver\support\wait.py", line 121, in until
    raise TimeoutException(message, screen, stacktrace)
selenium.common.exceptions.TimeoutException: Message: 
Stacktrace:
	chromedriver!GetHandleVerifier [0x7ff78ee3abb5+151b5]
	chromedriver!GetHandleVerifier [0x7ff78ee3ac10+15210]
	chromedriver!(No symbol) [0x7ff78e965d6d]
	chromedriver!(No symbol) [0x7ff78e9c1289]
	chromedriver!(No symbol) [0x7ff78e9c158c]
	chromedriver!(No symbol) [0x7ff78ea12027]
	chromedriver!(No symbol) [0x7ff78ea0ec0b]
	chromedriver!(No symbol) [0x7ff78e9b37cc]
	chromedriver!(No symbol) [0x7ff78e9b46f3]
	chromedriver!GetHandleVerifier [0x7ff78f45b79b+635d9b]
	chromedriver!GetHandleVerifier [0x7ff78f455ac6+6300c6]
	chromedriver!GetHandleVerifier [0x7ff78f47bcee+6562ee]
	chromedriver!GetHandleVerifier [0x7ff78ee58ffe+335fe]
	chromedriver!GetHandleVerifier [0x7ff78ee6147c+3ba7c]
	chromedriver!GetHandleVerifier [0x7ff78ee44d64+1f364]
	chromedriver!GetHandleVerifier [0x7ff78ee44ef4+1f4f4]
	chromedriver!GetHandleVerifier [0x7ff78ee27d97+2397]
	KERNEL32!BaseThreadInitThunk [0x7ffdba01e957+17]
	ntdll!RtlUserThreadStart [0x7ffdbae0ad6c+2c]


2026-08-28 09:09:15,270 | INFO | 🔒 Navegador cerrado
2026-08-28 09:46:34,095 | INFO | 🚀 Iniciando proceso
2026-08-28 09:46:35,672 | INFO | 🌐 Abriendo reporte Power BI
2026-08-28 09:47:21,827 | INFO | 📤 Abriendo menú Exportar
2026-08-28 09:50:22,133 | ERROR | ❌ Error: Message: 
Stacktrace:
	chromedriver!GetHandleVerifier [0x7ff78ee3abb5+151b5]
	chromedriver!GetHandleVerifier [0x7ff78ee3ac10+15210]
	chromedriver!(No symbol) [0x7ff78e965d6d]
	chromedriver!(No symbol) [0x7ff78e9c1289]
	chromedriver!(No symbol) [0x7ff78e9c158c]
	chromedriver!(No symbol) [0x7ff78ea12027]
	chromedriver!(No symbol) [0x7ff78ea0ec0b]
	chromedriver!(No symbol) [0x7ff78e9b37cc]
	chromedriver!(No symbol) [0x7ff78e9b46f3]
	chromedriver!GetHandleVerifier [0x7ff78f45b79b+635d9b]
	chromedriver!GetHandleVerifier [0x7ff78f455ac6+6300c6]
	chromedriver!GetHandleVerifier [0x7ff78f47bcee+6562ee]
	chromedriver!GetHandleVerifier [0x7ff78ee58ffe+335fe]
	chromedriver!GetHandleVerifier [0x7ff78ee6147c+3ba7c]
	chromedriver!GetHandleVerifier [0x7ff78ee44d64+1f364]
	chromedriver!GetHandleVerifier [0x7ff78ee44ef4+1f4f4]
	chromedriver!GetHandleVerifier [0x7ff78ee27d97+2397]
	KERNEL32!BaseThreadInitThunk [0x7ffdba01e957+17]
	ntdll!RtlUserThreadStart [0x7ffdbae0ad6c+2c]

2026-08-28 09:50:22,142 | ERROR | Traceback (most recent call last):
  File "C:\Automatizaciones\MDA\SEND_REPORTS\main.py", line 27, in main
    powerbi.export_pdf()
    ~~~~~~~~~~~~~~~~~~^^
  File "C:\Automatizaciones\MDA\SEND_REPORTS\src\powerbi.py", line 103, in export_pdf
    ).until(
      ~~~~~^
        EC.element_to_be_clickable(
        ^^^^^^^^^^^^^^^^^^^^^^^^^^^
    ...<4 lines>...
        )
        ^
    )
    ^
  File "C:\Users\expgsurco\AppData\Local\Python\pythoncore-3.14-64\Lib\site-packages\selenium\webdriver\support\wait.py", line 121, in until
    raise TimeoutException(message, screen, stacktrace)
selenium.common.exceptions.TimeoutException: Message: 
Stacktrace:
	chromedriver!GetHandleVerifier [0x7ff78ee3abb5+151b5]
	chromedriver!GetHandleVerifier [0x7ff78ee3ac10+15210]
	chromedriver!(No symbol) [0x7ff78e965d6d]
	chromedriver!(No symbol) [0x7ff78e9c1289]
	chromedriver!(No symbol) [0x7ff78e9c158c]
	chromedriver!(No symbol) [0x7ff78ea12027]
	chromedriver!(No symbol) [0x7ff78ea0ec0b]
	chromedriver!(No symbol) [0x7ff78e9b37cc]
	chromedriver!(No symbol) [0x7ff78e9b46f3]
	chromedriver!GetHandleVerifier [0x7ff78f45b79b+635d9b]
	chromedriver!GetHandleVerifier [0x7ff78f455ac6+6300c6]
	chromedriver!GetHandleVerifier [0x7ff78f47bcee+6562ee]
	chromedriver!GetHandleVerifier [0x7ff78ee58ffe+335fe]
	chromedriver!GetHandleVerifier [0x7ff78ee6147c+3ba7c]
	chromedriver!GetHandleVerifier [0x7ff78ee44d64+1f364]
	chromedriver!GetHandleVerifier [0x7ff78ee44ef4+1f4f4]
	chromedriver!GetHandleVerifier [0x7ff78ee27d97+2397]
	KERNEL32!BaseThreadInitThunk [0x7ffdba01e957+17]
	ntdll!RtlUserThreadStart [0x7ffdbae0ad6c+2c]


2026-08-28 09:50:24,834 | INFO | 🔒 Navegador cerrado
2026-08-28 09:58:45,025 | INFO | 🚀 Iniciando proceso
2026-08-28 09:58:46,520 | INFO | 🌐 Abriendo reporte Power BI
2026-08-28 09:59:47,979 | INFO | 📤 Abriendo menú Exportar
2026-08-28 10:02:48,409 | ERROR | ❌ Error: Message: 
Stacktrace:
	chromedriver!GetHandleVerifier [0x7ff78ee3abb5+151b5]
	chromedriver!GetHandleVerifier [0x7ff78ee3ac10+15210]
	chromedriver!(No symbol) [0x7ff78e965d6d]
	chromedriver!(No symbol) [0x7ff78e9c1289]
	chromedriver!(No symbol) [0x7ff78e9c158c]
	chromedriver!(No symbol) [0x7ff78ea12027]
	chromedriver!(No symbol) [0x7ff78ea0ec0b]
	chromedriver!(No symbol) [0x7ff78e9b37cc]
	chromedriver!(No symbol) [0x7ff78e9b46f3]
	chromedriver!GetHandleVerifier [0x7ff78f45b79b+635d9b]
	chromedriver!GetHandleVerifier [0x7ff78f455ac6+6300c6]
	chromedriver!GetHandleVerifier [0x7ff78f47bcee+6562ee]
	chromedriver!GetHandleVerifier [0x7ff78ee58ffe+335fe]
	chromedriver!GetHandleVerifier [0x7ff78ee6147c+3ba7c]
	chromedriver!GetHandleVerifier [0x7ff78ee44d64+1f364]
	chromedriver!GetHandleVerifier [0x7ff78ee44ef4+1f4f4]
	chromedriver!GetHandleVerifier [0x7ff78ee27d97+2397]
	KERNEL32!BaseThreadInitThunk [0x7ffdba01e957+17]
	ntdll!RtlUserThreadStart [0x7ffdbae0ad6c+2c]

2026-08-28 10:02:48,414 | ERROR | Traceback (most recent call last):
  File "C:\Automatizaciones\MDA\SEND_REPORTS\main.py", line 27, in main
    powerbi.export_pdf()
    ~~~~~~~~~~~~~~~~~~^^
  File "C:\Automatizaciones\MDA\SEND_REPORTS\src\powerbi.py", line 94, in export_pdf
    ).until(
      ~~~~~^
        EC.presence_of_element_located(
        ^^^^^^^^^^^^^^^^^^^^^^^^^^^^^^^
    ...<4 lines>...
        )
        ^
    )
    ^
  File "C:\Users\expgsurco\AppData\Local\Python\pythoncore-3.14-64\Lib\site-packages\selenium\webdriver\support\wait.py", line 121, in until
    raise TimeoutException(message, screen, stacktrace)
selenium.common.exceptions.TimeoutException: Message: 
Stacktrace:
	chromedriver!GetHandleVerifier [0x7ff78ee3abb5+151b5]
	chromedriver!GetHandleVerifier [0x7ff78ee3ac10+15210]
	chromedriver!(No symbol) [0x7ff78e965d6d]
	chromedriver!(No symbol) [0x7ff78e9c1289]
	chromedriver!(No symbol) [0x7ff78e9c158c]
	chromedriver!(No symbol) [0x7ff78ea12027]
	chromedriver!(No symbol) [0x7ff78ea0ec0b]
	chromedriver!(No symbol) [0x7ff78e9b37cc]
	chromedriver!(No symbol) [0x7ff78e9b46f3]
	chromedriver!GetHandleVerifier [0x7ff78f45b79b+635d9b]
	chromedriver!GetHandleVerifier [0x7ff78f455ac6+6300c6]
	chromedriver!GetHandleVerifier [0x7ff78f47bcee+6562ee]
	chromedriver!GetHandleVerifier [0x7ff78ee58ffe+335fe]
	chromedriver!GetHandleVerifier [0x7ff78ee6147c+3ba7c]
	chromedriver!GetHandleVerifier [0x7ff78ee44d64+1f364]
	chromedriver!GetHandleVerifier [0x7ff78ee44ef4+1f4f4]
	chromedriver!GetHandleVerifier [0x7ff78ee27d97+2397]
	KERNEL32!BaseThreadInitThunk [0x7ffdba01e957+17]
	ntdll!RtlUserThreadStart [0x7ffdbae0ad6c+2c]


2026-08-28 10:02:51,111 | INFO | 🔒 Navegador cerrado
2026-08-28 10:06:29,824 | INFO | 🚀 Iniciando proceso
2026-08-28 10:06:31,082 | INFO | 🌐 Abriendo reporte Power BI
2026-08-28 10:07:32,555 | INFO | 📤 Abriendo menú Exportar
2026-08-28 10:07:34,645 | INFO | ✅ Menú Exportar abierto
2026-08-28 10:07:39,646 | INFO | 📄 Seleccionando PDF
2026-08-28 10:07:39,666 | INFO | ✅ Opción PDF seleccionada
2026-08-28 10:07:39,666 | INFO | 📋 Esperando ventana de confirmación
2026-08-28 10:07:39,726 | INFO | ✅ Confirmación PDF enviada
2026-08-28 10:07:49,727 | INFO | 📂 Ruta configurada: REPORT_PATH=C:\Users\expgsurco\Downloads
2026-08-28 10:07:50,003 | ERROR | ❌ Error: [WinError 123] El nombre de archivo, el nombre de directorio o la sintaxis de la etiqueta del volumen no son correctos: 'REPORT_PATH=C:\\Users\\expgsurco\\Downloads'
2026-08-28 10:07:50,005 | ERROR | Traceback (most recent call last):
  File "c:\Automatizaciones\MDA\SEND_REPORTS\main.py", line 27, in main
    powerbi.export_pdf()
    ~~~~~~~~~~~~~~~~~~^^
  File "c:\Automatizaciones\MDA\SEND_REPORTS\src\powerbi.py", line 177, in export_pdf
    return self.wait_pdf_download()
           ~~~~~~~~~~~~~~~~~~~~~~^^
  File "c:\Automatizaciones\MDA\SEND_REPORTS\src\powerbi.py", line 215, in wait_pdf_download
    os.listdir(REPORT_PATH)
    ~~~~~~~~~~^^^^^^^^^^^^^
OSError: [WinError 123] El nombre de archivo, el nombre de directorio o la sintaxis de la etiqueta del volumen no son correctos: 'REPORT_PATH=C:\\Users\\expgsurco\\Downloads'

2026-08-28 10:07:52,217 | INFO | 🔒 Navegador cerrado
2026-08-28 10:12:38,604 | INFO | 🚀 Iniciando proceso
2026-08-28 10:12:39,388 | INFO | 🌐 Abriendo reporte Power BI
2026-08-28 10:12:41,919 | INFO | URL actual: https://app.powerbi.com/groups/214d3eb4-a116-4ebf-a233-a9ff58f47ba0/reports/b6b06332-c9a4-4f82-b7c4-fa7252838ffd/1d3763661cd912f949b5?experience=power-bi
2026-08-28 10:13:41,943 | INFO | Título página: Carátula - MDA - Power BI
2026-08-28 10:13:41,943 | INFO | 📤 Abriendo menú Exportar
2026-08-28 10:13:41,943 | INFO | 📸 Guardando evidencia antes de buscar Exportar
2026-08-28 10:13:44,199 | INFO | ✅ Menú Exportar abierto
2026-08-28 10:13:49,200 | INFO | 📄 Seleccionando PDF
2026-08-28 10:13:49,223 | INFO | ✅ Opción PDF seleccionada
2026-08-28 10:13:49,223 | INFO | 📋 Esperando ventana de confirmación
2026-08-28 10:13:49,287 | INFO | ✅ Confirmación PDF enviada
2026-08-28 10:13:59,287 | INFO | 📂 Ruta configurada: REPORT_PATH=C:\Users\expgsurco\Downloads
2026-08-28 10:13:59,583 | ERROR | ❌ Error: [WinError 123] El nombre de archivo, el nombre de directorio o la sintaxis de la etiqueta del volumen no son correctos: 'REPORT_PATH=C:\\Users\\expgsurco\\Downloads'
2026-08-28 10:13:59,585 | ERROR | Traceback (most recent call last):
  File "c:\Automatizaciones\MDA\SEND_REPORTS\main.py", line 27, in main
    powerbi.export_pdf()
    ~~~~~~~~~~~~~~~~~~^^
  File "c:\Automatizaciones\MDA\SEND_REPORTS\src\powerbi.py", line 196, in export_pdf
    return self.wait_pdf_download()
           ~~~~~~~~~~~~~~~~~~~~~~^^
  File "c:\Automatizaciones\MDA\SEND_REPORTS\src\powerbi.py", line 234, in wait_pdf_download
    os.listdir(REPORT_PATH)
    ~~~~~~~~~~^^^^^^^^^^^^^
OSError: [WinError 123] El nombre de archivo, el nombre de directorio o la sintaxis de la etiqueta del volumen no son correctos: 'REPORT_PATH=C:\\Users\\expgsurco\\Downloads'

2026-08-28 10:14:01,848 | INFO | 🔒 Navegador cerrado
2026-08-28 10:35:10,998 | INFO | REPORT_PATH cargado: [C:\Users\expgsurco\Downloads]
2026-08-28 10:35:11,020 | INFO | 🚀 Iniciando proceso
2026-08-28 10:35:12,255 | INFO | 🌐 Abriendo reporte Power BI
2026-08-28 10:35:20,810 | INFO | URL actual: https://app.powerbi.com/groups/214d3eb4-a116-4ebf-a233-a9ff58f47ba0/reports/b6b06332-c9a4-4f82-b7c4-fa7252838ffd/1d3763661cd912f949b5?experience=power-bi
2026-08-28 10:36:20,819 | INFO | Título página: Carátula - MDA - Power BI
2026-08-28 10:36:20,820 | INFO | 📤 Abriendo menú Exportar
2026-08-28 10:36:20,820 | INFO | 📸 Guardando evidencia antes de buscar Exportar
2026-08-28 10:36:23,050 | INFO | ✅ Menú Exportar abierto
2026-08-28 10:36:28,051 | INFO | 📄 Seleccionando PDF
2026-08-28 10:36:28,079 | INFO | ✅ Opción PDF seleccionada
2026-08-28 10:36:28,079 | INFO | 📋 Esperando ventana de confirmación
2026-08-28 10:36:28,143 | INFO | ✅ Confirmación PDF enviada
2026-08-28 10:36:38,144 | INFO | 📂 Ruta configurada: C:\Users\expgsurco\Downloads
2026-08-28 10:36:38,145 | INFO | 📄 Archivos encontrados: []
2026-08-28 10:36:40,146 | INFO | 📄 Archivos encontrados: []
2026-08-28 10:36:42,149 | INFO | 📄 Archivos encontrados: []
2026-08-28 10:36:44,151 | INFO | 📄 Archivos encontrados: []
2026-08-28 10:36:46,152 | INFO | 📄 Archivos encontrados: []
2026-08-28 10:36:48,154 | INFO | 📄 Archivos encontrados: []
2026-08-28 10:36:50,155 | INFO | 📄 Archivos encontrados: []
2026-08-28 10:36:52,157 | INFO | 📄 Archivos encontrados: []
2026-08-28 10:36:54,159 | INFO | 📄 Archivos encontrados: []
2026-08-28 10:36:56,162 | INFO | 📄 Archivos encontrados: []
2026-08-28 10:36:58,164 | INFO | 📄 Archivos encontrados: []
2026-08-28 10:37:00,168 | INFO | 📄 Archivos encontrados: []
2026-08-28 10:37:02,170 | INFO | 📄 Archivos encontrados: []
2026-08-28 10:37:04,172 | INFO | 📄 Archivos encontrados: []
2026-08-28 10:37:06,174 | INFO | 📄 Archivos encontrados: []
2026-08-28 10:37:08,176 | INFO | 📄 Archivos encontrados: []
2026-08-28 10:37:10,179 | INFO | 📄 Archivos encontrados: []
2026-08-28 10:37:12,180 | INFO | 📄 Archivos encontrados: []
2026-08-28 10:37:14,182 | INFO | 📄 Archivos encontrados: []
2026-08-28 10:37:16,183 | INFO | 📄 Archivos encontrados: []
2026-08-28 10:37:18,185 | INFO | 📄 Archivos encontrados: []
2026-08-28 10:37:20,187 | INFO | 📄 Archivos encontrados: []
2026-08-28 10:37:22,188 | INFO | 📄 Archivos encontrados: ['MDA (1).pdf']
2026-08-28 10:37:22,190 | INFO | ✅ PDF renombrado: C:\Users\expgsurco\Downloads\Dashboard_MDA_20260828_103722.pdf
2026-08-28 10:37:22,190 | INFO | 📎 Archivo generado: C:\Users\expgsurco\Downloads\Dashboard_MDA_20260828_103722.pdf
2026-08-28 10:37:22,232 | INFO | Cuenta encontrada: exp.gsurco@dpworld.com
2026-08-28 10:37:22,317 | INFO | TO: Roberto.Moreno@dpworld.com
2026-08-28 10:37:22,318 | INFO | CC: canv.lgenaro@dpworld.com; Miguel.Curi@dpworld.com
2026-08-28 10:37:22,318 | INFO | ADJUNTO: C:\Users\expgsurco\Downloads\Dashboard_MDA_20260828_103722.pdf
2026-08-28 10:37:22,504 | INFO | ✅ Solicitud de envío enviada a Outlook
2026-08-28 10:37:22,536 | INFO | ✅ Proceso completado
2026-08-28 10:37:24,744 | INFO | 🔒 Navegador cerrado
2026-08-28 10:47:33,998 | INFO | REPORT_PATH cargado: [C:\MDA\Reportes\Power BI]
2026-08-28 10:47:34,023 | INFO | 🚀 Iniciando proceso
2026-08-28 10:47:34,805 | INFO | 🌐 Abriendo reporte Power BI
2026-08-28 10:47:37,149 | INFO | URL actual: https://app.powerbi.com/groups/214d3eb4-a116-4ebf-a233-a9ff58f47ba0/reports/b6b06332-c9a4-4f82-b7c4-fa7252838ffd/1d3763661cd912f949b5?experience=power-bi
2026-08-28 10:48:37,186 | INFO | Título página: Carátula - MDA - Power BI
2026-08-28 10:48:37,186 | INFO | 📤 Abriendo menú Exportar
2026-08-28 10:48:39,457 | INFO | ✅ Menú Exportar abierto
2026-08-28 10:48:44,458 | INFO | 📄 Seleccionando PDF
2026-08-28 10:48:44,512 | INFO | ✅ Opción PDF seleccionada
2026-08-28 10:48:44,512 | INFO | 📋 Esperando ventana de confirmación
2026-08-28 10:48:44,773 | INFO | ✅ Confirmación PDF enviada
2026-08-28 10:48:54,774 | INFO | 📂 Ruta configurada: C:\MDA\Reportes\Power BI
2026-08-28 10:48:54,776 | INFO | 📄 Archivos encontrados: []
2026-08-28 10:48:56,777 | INFO | 📄 Archivos encontrados: []
2026-08-28 10:48:58,779 | INFO | 📄 Archivos encontrados: []
2026-08-28 10:49:00,780 | INFO | 📄 Archivos encontrados: []
2026-08-28 10:49:02,782 | INFO | 📄 Archivos encontrados: []
2026-08-28 10:49:04,783 | INFO | 📄 Archivos encontrados: []
2026-08-28 10:49:06,784 | INFO | 📄 Archivos encontrados: []
2026-08-28 10:49:08,785 | INFO | 📄 Archivos encontrados: []
2026-08-28 10:49:10,786 | INFO | 📄 Archivos encontrados: []
2026-08-28 10:49:12,788 | INFO | 📄 Archivos encontrados: []
2026-08-28 10:49:14,789 | INFO | 📄 Archivos encontrados: []
2026-08-28 10:49:16,791 | INFO | 📄 Archivos encontrados: []
2026-08-28 10:49:18,792 | INFO | 📄 Archivos encontrados: []
2026-08-28 10:49:20,793 | INFO | 📄 Archivos encontrados: []
2026-08-28 10:49:22,794 | INFO | 📄 Archivos encontrados: []
2026-08-28 10:49:24,797 | INFO | 📄 Archivos encontrados: []
2026-08-28 10:49:26,798 | INFO | 📄 Archivos encontrados: []
2026-08-28 10:49:28,799 | INFO | 📄 Archivos encontrados: []
2026-08-28 10:49:30,801 | INFO | 📄 Archivos encontrados: []
2026-08-28 10:49:32,802 | INFO | 📄 Archivos encontrados: []
2026-08-28 10:49:34,804 | INFO | 📄 Archivos encontrados: []
2026-08-28 10:49:36,805 | INFO | 📄 Archivos encontrados: []
2026-08-28 10:49:38,806 | INFO | 📄 Archivos encontrados: []
2026-08-28 10:49:40,807 | INFO | 📄 Archivos encontrados: []
2026-08-28 10:49:42,808 | INFO | 📄 Archivos encontrados: []
2026-08-28 10:49:44,810 | INFO | 📄 Archivos encontrados: ['MDA.pdf']
2026-08-28 10:49:44,812 | INFO | ✅ PDF renombrado: C:\MDA\Reportes\Power BI\Dashboard_MDA_20260828_104944.pdf
2026-08-28 10:49:44,813 | INFO | 📎 Archivo generado: C:\MDA\Reportes\Power BI\Dashboard_MDA_20260828_104944.pdf
2026-08-28 10:49:44,813 | INFO | ✅ Proceso completado
2026-08-28 10:49:47,072 | INFO | 🔒 Navegador cerrado
2026-08-28 10:50:42,423 | INFO | REPORT_PATH cargado: [C:\MDA\Reportes\Power BI]
2026-08-28 10:50:42,445 | INFO | 🚀 Iniciando proceso
2026-08-28 10:50:43,910 | INFO | 🌐 Abriendo reporte Power BI
2026-08-28 10:50:46,148 | INFO | URL actual: https://app.powerbi.com/signin#code=1.AXMAm2zRKyF-dEKcBnkZ92R7uw8BHIdhXrFPg6yYYQp-kRAAAJhzAA.BQABBAIAAAADAOz_BQD0_0V2b1N0c0FydGlmYWN0cwIAAAAAAGUGkd7juGC8sp8bS-lYPbrpn6WhLMxQRPAG_DutWRT5uWaxr68BB2VZWwP_tp9kEusbT331sHtFKrCbrP_Ku5TCJ9NHY3GP19-sap_5igAWj6jGJy5mpvkcDmX6IiIJeOtsxUwjnGCkskIzsiKojDwNHfFnMpH8ufMHfX0LMFL6j2H-tjVIAav1jPOghvjjIypl2B8FYvyyn06u5p8uX0gKYKEk98kY0rDTSOnvujx8GXy2wnRg1JRxrBVKQ2LQNA3o5SBSjU_itaYTaT0Vq13bKFYI_7VdImB20a1g1wSLRxhOFOMIB6suywLuInVnoyVMcYphDoNQME6lpTi77i2wWJ6fiCWtxvW_8f38GlGO1Idv-4qYjxYFvxYK1xCkSlhPB4INmmwWTAnKf0o1PJiNRCHosRgGaoL7F2oQ2yOVZ3px4D18mDDmxqEfiH81Xd928LRZ_zDvY3rroAMZz54cEJ_qBC_nmDkkMNPotWVkYYPdltIdQdl8ETlJvgniZfG67kuCbMGdHqDDDrleU7v3V4HbZuoMgos1AjKKKk58XDXfop54bTx-vRoujf37dYBT8dwsZLlIDE_h321Ia8lU5T2IM0we6jLYlmPcSiTaaK0LsksW80s-fua39Z01dcFf5pTBF1oo97jvAkqECJb4L8Hdt9it1OsgUB9AMcH5PF82bZd_a3niGOSLxAYec3sMtjGNJk3CB4nSv6G8D3A688dvykrgDQ3XjiD4oNA23iO7r_AI3rbPeFu-Jvi6J2MxwJxw-4tLoYiEBAL_OC5e50JVGa2DtQJN0doek2gd_oOxuC8m4lZUZK9JmJWVcQBW-9YRc2ZzThhChNMQVtkGW0zY5ZOmg8B1kJTPjxex-la99Kr-H_O7AHs1Ooi4i5eEq4skg5OKiqiFIrbBWODhiDL0aj4HoTxOOWRe-l3x5Qf9E9yrGNYjUcFdXFbyV9IhxOYSrkkS0NqcXm8MrOGIwaiqubsKp6anahoyFS6B2ng479Nu5QwqkjlaTDMGudROwVo9jZuMhYYLgp8M65SiCLfemNwxUVfcU5wBjj_qt8mRUMqU4U2dZOHrRrwTxEm94RS8Dh0HpeGxrO53eAuHKYneZ1zmhlVxAYod6pERVj31pWxRxK85hvn75XWexD1e4T7jbnMlKTm2QlKfdUa4PLdXV90UOUBMiv-W0Zetm3SnHEaKbaA1EaemfWYIg_n0SCWH7kWbrZEn1AknayUfpCfUXuRfG2I9Aevjx_wN2_aT07WEc-dnHbNqLLODC64j1GrINwtiFh9HvGg-QH0pFjarTHJ0bwVWB_VJTsrFM4bgHSvU4EmLQmVNMZYABBGVV85Y&client_info=eyJ1aWQiOiJjNzYyYmRhZS0wNzcwLTRhMDMtODg2NC05ZTE1ODU4NzEwNWUiLCJ1dGlkIjoiMmJkMTZjOWItN2UyMS00Mjc0LTljMDYtNzkxOWY3NjQ3YmJiIn0&state=eyJpZCI6IjAxYTA0OTEwLWY4YWEtN2YwYy1iMDE4LTJiMzdmYWIzZjcxNSIsIm1ldGEiOnsiaW50ZXJhY3Rpb25UeXBlIjoicmVkaXJlY3QifX0%3d%7c1787932244136.5%3b1787932244137.9%3b1787932243930.9&session_state=007e389a-e5eb-915b-aafc-1e723d08f25c&correlation_id=01a04910-f8aa-706c-9422-adcdf50425d7&clientdata=e%7c%7c%7cmicrosoftonline.com%7cnone
2026-08-28 10:51:46,195 | INFO | Título página: Carátula - MDA - Power BI
2026-08-28 10:51:46,197 | INFO | 📤 Abriendo menú Exportar
2026-08-28 10:51:48,557 | INFO | ✅ Menú Exportar abierto
2026-08-28 10:51:53,558 | INFO | 📄 Seleccionando PDF
2026-08-28 10:51:53,601 | INFO | ✅ Opción PDF seleccionada
2026-08-28 10:51:53,601 | INFO | 📋 Esperando ventana de confirmación
2026-08-28 10:51:53,932 | INFO | ✅ Confirmación PDF enviada
2026-08-28 10:52:03,934 | INFO | 📂 Ruta configurada: C:\MDA\Reportes\Power BI
2026-08-28 10:52:03,935 | INFO | 📄 Archivos encontrados: []
2026-08-28 10:52:05,937 | INFO | 📄 Archivos encontrados: []
2026-08-28 10:52:07,941 | INFO | 📄 Archivos encontrados: []
2026-08-28 10:52:09,943 | INFO | 📄 Archivos encontrados: []
2026-08-28 10:52:11,945 | INFO | 📄 Archivos encontrados: []
2026-08-28 10:52:13,946 | INFO | 📄 Archivos encontrados: []
2026-08-28 10:52:15,947 | INFO | 📄 Archivos encontrados: []
2026-08-28 10:52:17,949 | INFO | 📄 Archivos encontrados: []
2026-08-28 10:52:19,950 | INFO | 📄 Archivos encontrados: []
2026-08-28 10:52:21,952 | INFO | 📄 Archivos encontrados: []
2026-08-28 10:52:23,954 | INFO | 📄 Archivos encontrados: []
2026-08-28 10:52:25,956 | INFO | 📄 Archivos encontrados: []
2026-08-28 10:52:27,958 | INFO | 📄 Archivos encontrados: []
2026-08-28 10:52:29,959 | INFO | 📄 Archivos encontrados: []
2026-08-28 10:52:31,960 | INFO | 📄 Archivos encontrados: []
2026-08-28 10:52:33,962 | INFO | 📄 Archivos encontrados: []
2026-08-28 10:52:35,964 | INFO | 📄 Archivos encontrados: []
2026-08-28 10:52:37,966 | INFO | 📄 Archivos encontrados: []
2026-08-28 10:52:39,967 | INFO | 📄 Archivos encontrados: []
2026-08-28 10:52:41,969 | INFO | 📄 Archivos encontrados: []
2026-08-28 10:52:43,970 | INFO | 📄 Archivos encontrados: []
2026-08-28 10:52:45,972 | INFO | 📄 Archivos encontrados: []
2026-08-28 10:52:47,974 | INFO | 📄 Archivos encontrados: ['MDA.pdf.crdownload']
2026-08-28 10:52:47,977 | INFO | ⏳ Descargando: ['MDA.pdf.crdownload']
2026-08-28 10:52:49,979 | INFO | 📄 Archivos encontrados: ['MDA.pdf']
2026-08-28 10:52:49,986 | INFO | ✅ PDF renombrado: C:\MDA\Reportes\Power BI\Dashboard_MDA_20260828_105249.pdf
2026-08-28 10:52:49,987 | INFO | 📎 Archivo generado: C:\MDA\Reportes\Power BI\Dashboard_MDA_20260828_105249.pdf
2026-08-28 11:13:44,752 | INFO | REPORT_PATH cargado: [C:\MDA\Reportes\Power BI]
2026-08-28 11:13:44,781 | INFO | 🚀 Iniciando proceso
2026-08-28 11:13:47,019 | ERROR | ❌ Error: Message: session not created: Chrome failed to start: crashed.
  (session not created: DevToolsActivePort file doesn't exist)
  (The process started from chrome location C:\Program Files\Google\Chrome\Application\chrome.exe is no longer running, so ChromeDriver is assuming that Chrome has crashed.); For documentation on this error, please visit: https://www.selenium.dev/documentation/webdriver/troubleshooting/errors#sessionnotcreatedexception
Stacktrace:
	chromedriver!GetHandleVerifier [0x7ff78ee3abb5+151b5]
	chromedriver!GetHandleVerifier [0x7ff78ee3ac10+15210]
	chromedriver!(No symbol) [0x7ff78e965d6d]
	chromedriver!(No symbol) [0x7ff78e9a89eb]
	chromedriver!(No symbol) [0x7ff78e9a3e4f]
	chromedriver!(No symbol) [0x7ff78e9f7e81]
	chromedriver!(No symbol) [0x7ff78e9f76e6]
	chromedriver!(No symbol) [0x7ff78e9b37cc]
	chromedriver!(No symbol) [0x7ff78e9b46f3]
	chromedriver!GetHandleVerifier [0x7ff78f45b79b+635d9b]
	chromedriver!GetHandleVerifier [0x7ff78f455ac6+6300c6]
	chromedriver!GetHandleVerifier [0x7ff78f47bcee+6562ee]
	chromedriver!GetHandleVerifier [0x7ff78ee58ffe+335fe]
	chromedriver!GetHandleVerifier [0x7ff78ee6147c+3ba7c]
	chromedriver!GetHandleVerifier [0x7ff78ee44d64+1f364]
	chromedriver!GetHandleVerifier [0x7ff78ee44ef4+1f4f4]
	chromedriver!GetHandleVerifier [0x7ff78ee27d97+2397]
	KERNEL32!BaseThreadInitThunk [0x7ffdba01e957+17]
	ntdll!RtlUserThreadStart [0x7ffdbae0ad6c+2c]

2026-08-28 11:13:47,079 | ERROR | Traceback (most recent call last):
  File "C:\Automatizaciones\MDA\SEND_REPORTS\main.py", line 24, in main
    powerbi = PowerBI()
  File "C:\Automatizaciones\MDA\SEND_REPORTS\src\powerbi.py", line 61, in __init__
    self.driver = webdriver.Chrome(
                  ~~~~~~~~~~~~~~~~^
        service=Service(
        ^^^^^^^^^^^^^^^^
    ...<2 lines>...
        options=options
        ^^^^^^^^^^^^^^^
    )
    ^
  File "C:\Users\expgsurco\AppData\Local\Python\pythoncore-3.14-64\Lib\site-packages\selenium\webdriver\chrome\webdriver.py", line 45, in __init__
    super().__init__(
    ~~~~~~~~~~~~~~~~^
        browser_name=DesiredCapabilities.CHROME["browserName"],
        ^^^^^^^^^^^^^^^^^^^^^^^^^^^^^^^^^^^^^^^^^^^^^^^^^^^^^^^
    ...<3 lines>...
        keep_alive=keep_alive,
        ^^^^^^^^^^^^^^^^^^^^^^
    )
    ^
  File "C:\Users\expgsurco\AppData\Local\Python\pythoncore-3.14-64\Lib\site-packages\selenium\webdriver\chromium\webdriver.py", line 66, in __init__
    super().__init__(command_executor=executor, options=self.options)
    ~~~~~~~~~~~~~~~~^^^^^^^^^^^^^^^^^^^^^^^^^^^^^^^^^^^^^^^^^^^^^^^^^
  File "C:\Users\expgsurco\AppData\Local\Python\pythoncore-3.14-64\Lib\site-packages\selenium\webdriver\common\webdriver.py", line 25, in __init__
    super().__init__(*args, **kwargs)
    ~~~~~~~~~~~~~~~~^^^^^^^^^^^^^^^^^
  File "C:\Users\expgsurco\AppData\Local\Python\pythoncore-3.14-64\Lib\site-packages\selenium\webdriver\remote\webdriver.py", line 300, in __init__
    self.start_session(capabilities)
    ~~~~~~~~~~~~~~~~~~^^^^^^^^^^^^^^
  File "C:\Users\expgsurco\AppData\Local\Python\pythoncore-3.14-64\Lib\site-packages\selenium\webdriver\remote\webdriver.py", line 399, in start_session
    response = self.execute(Command.NEW_SESSION, caps)["value"]
               ~~~~~~~~~~~~^^^^^^^^^^^^^^^^^^^^^^^^^^^
  File "C:\Users\expgsurco\AppData\Local\Python\pythoncore-3.14-64\Lib\site-packages\selenium\webdriver\remote\webdriver.py", line 504, in execute
    self.error_handler.check_response(response)
    ~~~~~~~~~~~~~~~~~~~~~~~~~~~~~~~~~^^^^^^^^^^
  File "C:\Users\expgsurco\AppData\Local\Python\pythoncore-3.14-64\Lib\site-packages\selenium\webdriver\remote\errorhandler.py", line 232, in check_response
    raise exception_class(message, screen, stacktrace)
selenium.common.exceptions.SessionNotCreatedException: Message: session not created: Chrome failed to start: crashed.
  (session not created: DevToolsActivePort file doesn't exist)
  (The process started from chrome location C:\Program Files\Google\Chrome\Application\chrome.exe is no longer running, so ChromeDriver is assuming that Chrome has crashed.); For documentation on this error, please visit: https://www.selenium.dev/documentation/webdriver/troubleshooting/errors#sessionnotcreatedexception
Stacktrace:
	chromedriver!GetHandleVerifier [0x7ff78ee3abb5+151b5]
	chromedriver!GetHandleVerifier [0x7ff78ee3ac10+15210]
	chromedriver!(No symbol) [0x7ff78e965d6d]
	chromedriver!(No symbol) [0x7ff78e9a89eb]
	chromedriver!(No symbol) [0x7ff78e9a3e4f]
	chromedriver!(No symbol) [0x7ff78e9f7e81]
	chromedriver!(No symbol) [0x7ff78e9f76e6]
	chromedriver!(No symbol) [0x7ff78e9b37cc]
	chromedriver!(No symbol) [0x7ff78e9b46f3]
	chromedriver!GetHandleVerifier [0x7ff78f45b79b+635d9b]
	chromedriver!GetHandleVerifier [0x7ff78f455ac6+6300c6]
	chromedriver!GetHandleVerifier [0x7ff78f47bcee+6562ee]
	chromedriver!GetHandleVerifier [0x7ff78ee58ffe+335fe]
	chromedriver!GetHandleVerifier [0x7ff78ee6147c+3ba7c]
	chromedriver!GetHandleVerifier [0x7ff78ee44d64+1f364]
	chromedriver!GetHandleVerifier [0x7ff78ee44ef4+1f4f4]
	chromedriver!GetHandleVerifier [0x7ff78ee27d97+2397]
	KERNEL32!BaseThreadInitThunk [0x7ffdba01e957+17]
	ntdll!RtlUserThreadStart [0x7ffdbae0ad6c+2c]


2026-08-28 11:28:17,780 | INFO | REPORT_PATH cargado: [C:\MDA\Reportes\Power BI]
2026-08-28 11:28:23,309 | INFO | 🚀 Iniciando proceso
2026-08-28 11:28:24,047 | INFO | 🌐 Abriendo reporte Power BI
2026-08-28 11:28:26,382 | INFO | URL actual: https://app.powerbi.com/groups/214d3eb4-a116-4ebf-a233-a9ff58f47ba0/reports/b6b06332-c9a4-4f82-b7c4-fa7252838ffd/1d3763661cd912f949b5?experience=power-bi
2026-08-28 11:29:26,392 | INFO | Título página: Carátula - MDA - Power BI
2026-08-28 11:29:26,393 | INFO | 📤 Abriendo menú Exportar
2026-08-28 11:29:28,529 | INFO | ✅ Menú Exportar abierto
2026-08-28 11:29:33,531 | INFO | 📄 Seleccionando PDF
2026-08-28 11:29:33,601 | INFO | ✅ Opción PDF seleccionada
2026-08-28 11:29:33,602 | INFO | 📋 Esperando ventana de confirmación
2026-08-28 11:29:33,900 | INFO | ✅ Confirmación PDF enviada
2026-08-28 11:29:43,905 | INFO | 📂 Ruta configurada: C:\MDA\Reportes\Power BI
2026-08-28 11:29:43,906 | INFO | 📄 Archivos encontrados: []
2026-08-28 11:29:45,908 | INFO | 📄 Archivos encontrados: []
2026-08-28 11:29:47,909 | INFO | 📄 Archivos encontrados: []
2026-08-28 11:29:49,911 | INFO | 📄 Archivos encontrados: []
2026-08-28 11:29:51,913 | INFO | 📄 Archivos encontrados: []
2026-08-28 11:29:53,915 | INFO | 📄 Archivos encontrados: []
2026-08-28 11:29:55,918 | INFO | 📄 Archivos encontrados: []
2026-08-28 11:29:57,921 | INFO | 📄 Archivos encontrados: []
2026-08-28 11:29:59,925 | INFO | 📄 Archivos encontrados: []
2026-08-28 11:30:01,927 | INFO | 📄 Archivos encontrados: []
2026-08-28 11:30:03,929 | INFO | 📄 Archivos encontrados: []
2026-08-28 11:30:05,930 | INFO | 📄 Archivos encontrados: []
2026-08-28 11:30:07,932 | INFO | 📄 Archivos encontrados: []
2026-08-28 11:30:09,934 | INFO | 📄 Archivos encontrados: []
2026-08-28 11:30:11,936 | INFO | 📄 Archivos encontrados: []
2026-08-28 11:30:13,938 | INFO | 📄 Archivos encontrados: []
2026-08-28 11:30:15,940 | INFO | 📄 Archivos encontrados: []
2026-08-28 11:30:17,942 | INFO | 📄 Archivos encontrados: []
2026-08-28 11:30:19,943 | INFO | 📄 Archivos encontrados: []
2026-08-28 11:30:21,954 | INFO | 📄 Archivos encontrados: []
2026-08-28 11:30:23,956 | INFO | 📄 Archivos encontrados: []
2026-08-28 11:30:25,958 | INFO | 📄 Archivos encontrados: []
2026-08-28 11:30:27,959 | INFO | 📄 Archivos encontrados: []
2026-08-28 11:30:29,961 | INFO | 📄 Archivos encontrados: ['MDA.pdf']
2026-08-28 11:30:29,969 | INFO | ✅ PDF renombrado: C:\MDA\Reportes\Power BI\Dashboard_MDA_20260828_113029.pdf
2026-08-28 11:30:29,970 | INFO | 📎 Archivo generado: C:\MDA\Reportes\Power BI\Dashboard_MDA_20260828_113029.pdf
2026-08-28 11:30:29,972 | INFO | 📧 Entrando a Mailer
2026-08-28 11:30:29,973 | INFO | 📧 Iniciando Outlook
2026-08-28 11:32:30,037 | ERROR | ❌ Error Outlook: (-2146959355, 'Error en la ejecución de servidor', None, None)
2026-08-28 11:32:30,038 | ERROR | ❌ Error: (-2146959355, 'Error en la ejecución de servidor', None, None)
2026-08-28 11:32:30,140 | ERROR | Traceback (most recent call last):
  File "C:\Users\expgsurco\AppData\Local\Python\pythoncore-3.14-64\Lib\site-packages\win32com\client\dynamic.py", line 81, in _GetGoodDispatch
    IDispatch = pythoncom.connect(IDispatch)
pywintypes.com_error: (-2147221021, 'Operación no disponible', None, None)

During handling of the above exception, another exception occurred:

Traceback (most recent call last):
  File "C:\Automatizaciones\MDA\SEND_REPORTS\main.py", line 49, in main
    Mailer().send_mail(
    ~~~~~~~~~~~~~~~~~~^
        destinatarios=
        ^^^^^^^^^^^^^^
    ...<12 lines>...
        adjunto=pdf_file
        ^^^^^^^^^^^^^^^^
    )
    ^
  File "C:\Automatizaciones\MDA\SEND_REPORTS\src\mailer.py", line 29, in send_mail
    outlook = win32com.client.Dispatch(
        "Outlook.Application"
    )
  File "C:\Users\expgsurco\AppData\Local\Python\pythoncore-3.14-64\Lib\site-packages\win32com\client\__init__.py", line 116, in Dispatch
    dispatch, userName = dynamic._GetGoodDispatchAndUserName(dispatch, userName, clsctx)
                         ~~~~~~~~~~~~~~~~~~~~~~~~~~~~~~~~~~~^^^^^^^^^^^^^^^^^^^^^^^^^^^^
  File "C:\Users\expgsurco\AppData\Local\Python\pythoncore-3.14-64\Lib\site-packages\win32com\client\dynamic.py", line 101, in _GetGoodDispatchAndUserName
    return (_GetGoodDispatch(IDispatch, clsctx), userName)
            ~~~~~~~~~~~~~~~~^^^^^^^^^^^^^^^^^^^
  File "C:\Users\expgsurco\AppData\Local\Python\pythoncore-3.14-64\Lib\site-packages\win32com\client\dynamic.py", line 83, in _GetGoodDispatch
    IDispatch = pythoncom.CoCreateInstance(
        IDispatch, None, clsctx, pythoncom.IID_IDispatch
    )
pywintypes.com_error: (-2146959355, 'Error en la ejecución de servidor', None, None)

2026-08-28 11:32:32,737 | INFO | 🔒 Navegador cerrado
2026-08-28 11:37:43,235 | INFO | REPORT_PATH cargado: [C:\MDA\Reportes\Power BI]
2026-08-28 11:37:48,736 | INFO | 🚀 Iniciando proceso
2026-08-28 11:37:49,447 | INFO | 🌐 Abriendo reporte Power BI
2026-08-28 11:37:51,950 | INFO | URL actual: https://app.powerbi.com/groups/214d3eb4-a116-4ebf-a233-a9ff58f47ba0/reports/b6b06332-c9a4-4f82-b7c4-fa7252838ffd/1d3763661cd912f949b5?experience=power-bi
2026-08-28 11:38:51,964 | INFO | Título página: MDA - Power BI
2026-08-28 11:38:51,964 | INFO | 📤 Abriendo menú Exportar
2026-08-28 11:38:54,031 | INFO | ✅ Menú Exportar abierto
2026-08-28 11:38:59,032 | INFO | 📄 Seleccionando PDF
2026-08-28 11:38:59,055 | INFO | ✅ Opción PDF seleccionada
2026-08-28 11:38:59,055 | INFO | 📋 Esperando ventana de confirmación
2026-08-28 11:38:59,111 | INFO | ✅ Confirmación PDF enviada
2026-08-28 11:39:09,112 | INFO | 📂 Ruta configurada: C:\MDA\Reportes\Power BI
2026-08-28 11:39:09,113 | INFO | 📄 Archivos encontrados: []
2026-08-28 11:39:11,119 | INFO | 📄 Archivos encontrados: []
2026-08-28 11:39:13,120 | INFO | 📄 Archivos encontrados: []
2026-08-28 11:39:15,121 | INFO | 📄 Archivos encontrados: []
2026-08-28 11:39:17,122 | INFO | 📄 Archivos encontrados: []
2026-08-28 11:39:19,124 | INFO | 📄 Archivos encontrados: []
2026-08-28 11:39:21,125 | INFO | 📄 Archivos encontrados: []
2026-08-28 11:39:23,127 | INFO | 📄 Archivos encontrados: []
2026-08-28 11:39:25,128 | INFO | 📄 Archivos encontrados: []
2026-08-28 11:39:27,129 | INFO | 📄 Archivos encontrados: []
2026-08-28 11:39:29,130 | INFO | 📄 Archivos encontrados: []
2026-08-28 11:39:31,132 | INFO | 📄 Archivos encontrados: []
2026-08-28 11:39:33,133 | INFO | 📄 Archivos encontrados: []
2026-08-28 11:39:35,135 | INFO | 📄 Archivos encontrados: []
2026-08-28 11:39:37,136 | INFO | 📄 Archivos encontrados: []
2026-08-28 11:39:39,138 | INFO | 📄 Archivos encontrados: []
2026-08-28 11:39:41,139 | INFO | 📄 Archivos encontrados: []
2026-08-28 11:39:43,140 | INFO | 📄 Archivos encontrados: []
2026-08-28 11:39:45,142 | INFO | 📄 Archivos encontrados: []
2026-08-28 11:39:47,144 | INFO | 📄 Archivos encontrados: []
2026-08-28 11:39:49,145 | INFO | 📄 Archivos encontrados: []
2026-08-28 11:39:51,146 | INFO | 📄 Archivos encontrados: []
2026-08-28 11:39:53,148 | INFO | 📄 Archivos encontrados: []
2026-08-28 11:39:55,149 | INFO | 📄 Archivos encontrados: ['MDA.pdf']
2026-08-28 11:39:55,150 | INFO | ✅ PDF renombrado: C:\MDA\Reportes\Power BI\Dashboard_MDA_20260828_113955.pdf
2026-08-28 11:39:55,151 | INFO | 📎 Archivo generado: C:\MDA\Reportes\Power BI\Dashboard_MDA_20260828_113955.pdf
2026-08-28 11:39:55,151 | INFO | 📧 Entrando a Mailer
2026-08-28 11:39:55,151 | INFO | 📧 Iniciando Outlook
2026-08-28 11:39:55,174 | INFO | ✅ Outlook iniciado
2026-08-28 11:39:55,178 | INFO | ✅ Namespace obtenido
2026-08-28 11:39:55,183 | INFO | ✅ Objeto Mail creado
2026-08-28 11:39:55,197 | INFO | 📨 Cuenta encontrada: exp.gsurco@dpworld.com
2026-08-28 11:39:55,212 | INFO | 📎 Adjuntando archivo: C:\MDA\Reportes\Power BI\Dashboard_MDA_20260828_113955.pdf
2026-08-28 11:39:55,769 | INFO | ✅ Archivo adjuntado
2026-08-28 11:39:55,916 | INFO | ✅ Correo guardado
2026-08-28 11:39:55,916 | INFO | 📤 Enviando correo...
2026-08-28 11:39:55,979 | INFO | ✅ Outlook aceptó Send()
2026-08-28 11:39:55,980 | INFO | ✅ Tiempo total: 0.83 segundos
2026-08-28 11:39:56,012 | INFO | 📧 Mailer finalizado
2026-08-28 11:39:56,013 | INFO | ✅ Proceso completado
2026-08-28 11:39:58,351 | INFO | 🔒 Navegador cerrado
2026-08-28 11:58:49,788 | INFO | REPORT_PATH cargado: [C:\MDA\Reportes\Power BI]
2026-08-28 11:58:55,169 | INFO | 🚀 Iniciando proceso
2026-08-28 11:59:01,429 | INFO | 🌐 Abriendo reporte Power BI
2026-08-28 11:59:03,969 | INFO | URL actual: https://app.powerbi.com/groups/214d3eb4-a116-4ebf-a233-a9ff58f47ba0/reports/b6b06332-c9a4-4f82-b7c4-fa7252838ffd/1d3763661cd912f949b5?experience=power-bi
2026-08-28 12:00:04,002 | INFO | Título página: MDA - Power BI
2026-08-28 12:00:04,003 | INFO | 📤 Abriendo menú Exportar
2026-08-28 12:00:06,233 | INFO | ✅ Menú Exportar abierto
2026-08-28 12:00:11,237 | INFO | 📄 Seleccionando PDF
2026-08-28 12:00:11,300 | INFO | ✅ Opción PDF seleccionada
2026-08-28 12:00:11,301 | INFO | 📋 Esperando ventana de confirmación
2026-08-28 12:00:11,371 | INFO | ✅ Confirmación PDF enviada
2026-08-28 12:00:21,383 | INFO | 📂 Ruta configurada: C:\MDA\Reportes\Power BI
2026-08-28 12:00:21,385 | INFO | 📄 Archivos encontrados: []
2026-08-28 12:00:23,395 | INFO | 📄 Archivos encontrados: []
2026-08-28 12:00:25,404 | INFO | 📄 Archivos encontrados: []
2026-08-28 12:00:27,407 | INFO | 📄 Archivos encontrados: []
2026-08-28 12:00:29,410 | INFO | 📄 Archivos encontrados: []
2026-08-28 12:00:31,412 | INFO | 📄 Archivos encontrados: []
2026-08-28 12:00:33,424 | INFO | 📄 Archivos encontrados: []
2026-08-28 12:00:35,427 | INFO | 📄 Archivos encontrados: []
2026-08-28 12:00:37,441 | INFO | 📄 Archivos encontrados: []
2026-08-28 12:00:39,445 | INFO | 📄 Archivos encontrados: []
2026-08-28 12:00:41,449 | INFO | 📄 Archivos encontrados: []
2026-08-28 12:00:43,453 | INFO | 📄 Archivos encontrados: []
2026-08-28 12:00:45,454 | INFO | 📄 Archivos encontrados: []
2026-08-28 12:00:47,459 | INFO | 📄 Archivos encontrados: []
2026-08-28 12:00:49,460 | INFO | 📄 Archivos encontrados: []
2026-08-28 12:00:51,462 | INFO | 📄 Archivos encontrados: []
2026-08-28 12:00:53,467 | INFO | 📄 Archivos encontrados: []
2026-08-28 12:00:55,472 | INFO | 📄 Archivos encontrados: []
2026-08-28 12:00:57,474 | INFO | 📄 Archivos encontrados: []
2026-08-28 12:00:59,495 | INFO | 📄 Archivos encontrados: []
2026-08-28 12:01:01,500 | INFO | 📄 Archivos encontrados: []
2026-08-28 12:01:03,506 | INFO | 📄 Archivos encontrados: []
2026-08-28 12:01:05,510 | INFO | 📄 Archivos encontrados: ['MDA.pdf']
2026-08-28 12:01:05,512 | INFO | ✅ PDF renombrado: C:\MDA\Reportes\Power BI\Dashboard_MDA_20260828_120105.pdf
2026-08-28 12:01:05,513 | INFO | 📎 Archivo generado: C:\MDA\Reportes\Power BI\Dashboard_MDA_20260828_120105.pdf
2026-08-28 12:01:05,513 | INFO | 📧 Entrando a Mailer
2026-08-28 12:01:05,514 | INFO | 📧 Iniciando Outlook
2026-08-28 12:01:05,517 | INFO | 📧 Outlook no estaba abierto
2026-08-28 12:01:20,712 | ERROR | ❌ Error Outlook: (-2146959355, 'Error en la ejecución de servidor', None, None)
2026-08-28 12:01:20,713 | ERROR | ❌ Error: (-2146959355, 'Error en la ejecución de servidor', None, None)
2026-08-28 12:01:20,718 | ERROR | Traceback (most recent call last):
  File "C:\Automatizaciones\MDA\SEND_REPORTS\src\mailer.py", line 35, in send_mail
    outlook = win32com.client.GetActiveObject(
        "Outlook.Application"
    )
  File "C:\Users\expgsurco\AppData\Local\Python\pythoncore-3.14-64\Lib\site-packages\win32com\client\__init__.py", line 94, in GetActiveObject
    dispatch = pythoncom.GetActiveObject(resultCLSID)
pywintypes.com_error: (-2147221021, 'Operación no disponible', None, None)

During handling of the above exception, another exception occurred:

Traceback (most recent call last):
  File "C:\Users\expgsurco\AppData\Local\Python\pythoncore-3.14-64\Lib\site-packages\win32com\client\dynamic.py", line 81, in _GetGoodDispatch
    IDispatch = pythoncom.connect(IDispatch)
pywintypes.com_error: (-2147221021, 'Operación no disponible', None, None)

During handling of the above exception, another exception occurred:

Traceback (most recent call last):
  File "C:\Automatizaciones\MDA\SEND_REPORTS\main.py", line 49, in main
    Mailer().send_mail(
    ~~~~~~~~~~~~~~~~~~^
        destinatarios=
        ^^^^^^^^^^^^^^
    ...<12 lines>...
        adjunto=pdf_file
        ^^^^^^^^^^^^^^^^
    )
    ^
  File "C:\Automatizaciones\MDA\SEND_REPORTS\src\mailer.py", line 55, in send_mail
    outlook = win32com.client.Dispatch(
        "Outlook.Application"
    )
  File "C:\Users\expgsurco\AppData\Local\Python\pythoncore-3.14-64\Lib\site-packages\win32com\client\__init__.py", line 116, in Dispatch
    dispatch, userName = dynamic._GetGoodDispatchAndUserName(dispatch, userName, clsctx)
                         ~~~~~~~~~~~~~~~~~~~~~~~~~~~~~~~~~~~^^^^^^^^^^^^^^^^^^^^^^^^^^^^
  File "C:\Users\expgsurco\AppData\Local\Python\pythoncore-3.14-64\Lib\site-packages\win32com\client\dynamic.py", line 101, in _GetGoodDispatchAndUserName
    return (_GetGoodDispatch(IDispatch, clsctx), userName)
            ~~~~~~~~~~~~~~~~^^^^^^^^^^^^^^^^^^^
  File "C:\Users\expgsurco\AppData\Local\Python\pythoncore-3.14-64\Lib\site-packages\win32com\client\dynamic.py", line 83, in _GetGoodDispatch
    IDispatch = pythoncom.CoCreateInstance(
        IDispatch, None, clsctx, pythoncom.IID_IDispatch
    )
pywintypes.com_error: (-2146959355, 'Error en la ejecución de servidor', None, None)

2026-08-28 12:01:22,898 | INFO | 🔒 Navegador cerrado
2026-08-28 12:04:14,597 | INFO | REPORT_PATH cargado: [C:\MDA\Reportes\Power BI]
2026-08-28 12:04:20,029 | INFO | 🚀 Iniciando proceso
2026-08-28 12:04:26,431 | INFO | 🌐 Abriendo reporte Power BI
2026-08-28 12:04:28,694 | INFO | URL actual: https://app.powerbi.com/groups/214d3eb4-a116-4ebf-a233-a9ff58f47ba0/reports/b6b06332-c9a4-4f82-b7c4-fa7252838ffd/1d3763661cd912f949b5?experience=power-bi
2026-08-28 12:05:28,704 | INFO | Título página: MDA - Power BI
2026-08-28 12:05:28,704 | INFO | 📤 Abriendo menú Exportar
2026-08-28 12:05:30,773 | INFO | ✅ Menú Exportar abierto
2026-08-28 12:05:35,784 | INFO | 📄 Seleccionando PDF
2026-08-28 12:05:35,814 | INFO | ✅ Opción PDF seleccionada
2026-08-28 12:05:35,815 | INFO | 📋 Esperando ventana de confirmación
2026-08-28 12:05:35,874 | INFO | ✅ Confirmación PDF enviada
2026-08-28 12:05:45,883 | INFO | 📂 Ruta configurada: C:\MDA\Reportes\Power BI
2026-08-28 12:05:45,886 | INFO | 📄 Archivos encontrados: []
2026-08-28 12:05:47,896 | INFO | 📄 Archivos encontrados: []
2026-08-28 12:05:49,899 | INFO | 📄 Archivos encontrados: []
2026-08-28 12:05:51,901 | INFO | 📄 Archivos encontrados: []
2026-08-28 12:05:53,903 | INFO | 📄 Archivos encontrados: []
2026-08-28 12:05:55,923 | INFO | 📄 Archivos encontrados: []
2026-08-28 12:05:57,939 | INFO | 📄 Archivos encontrados: []
2026-08-28 12:05:59,941 | INFO | 📄 Archivos encontrados: []
2026-08-28 12:06:01,945 | INFO | 📄 Archivos encontrados: []
2026-08-28 12:06:03,948 | INFO | 📄 Archivos encontrados: []
2026-08-28 12:06:05,949 | INFO | 📄 Archivos encontrados: []
2026-08-28 12:06:07,950 | INFO | 📄 Archivos encontrados: []
2026-08-28 12:06:09,953 | INFO | 📄 Archivos encontrados: []
2026-08-28 12:06:11,968 | INFO | 📄 Archivos encontrados: []
2026-08-28 12:06:13,970 | INFO | 📄 Archivos encontrados: []
2026-08-28 12:06:15,972 | INFO | 📄 Archivos encontrados: []
2026-08-28 12:06:17,983 | INFO | 📄 Archivos encontrados: []
2026-08-28 12:06:19,987 | INFO | 📄 Archivos encontrados: []
2026-08-28 12:06:21,991 | INFO | 📄 Archivos encontrados: []
2026-08-28 12:06:24,000 | INFO | 📄 Archivos encontrados: []
2026-08-28 12:06:26,003 | INFO | 📄 Archivos encontrados: []
2026-08-28 12:06:28,007 | INFO | 📄 Archivos encontrados: []
2026-08-28 12:06:30,009 | INFO | 📄 Archivos encontrados: ['MDA.pdf']
2026-08-28 12:06:30,017 | INFO | ✅ PDF renombrado: C:\MDA\Reportes\Power BI\Dashboard_MDA_20260828_120630.pdf
2026-08-28 12:06:30,019 | INFO | 📎 Archivo generado: C:\MDA\Reportes\Power BI\Dashboard_MDA_20260828_120630.pdf
2026-08-28 12:06:30,021 | INFO | 📧 Entrando a Mailer
2026-08-28 12:06:30,023 | INFO | 📧 Iniciando Outlook
2026-08-28 12:06:30,028 | INFO | 📧 Outlook no estaba abierto
2026-08-28 12:07:15,584 | ERROR | ❌ Error Outlook: (-2146959355, 'Error en la ejecución de servidor', None, None)
2026-08-28 12:07:15,585 | ERROR | ❌ Error: (-2146959355, 'Error en la ejecución de servidor', None, None)
2026-08-28 12:07:15,594 | ERROR | Traceback (most recent call last):
  File "C:\Automatizaciones\MDA\SEND_REPORTS\src\mailer.py", line 35, in send_mail
    outlook = win32com.client.GetActiveObject(
        "Outlook.Application"
    )
  File "C:\Users\expgsurco\AppData\Local\Python\pythoncore-3.14-64\Lib\site-packages\win32com\client\__init__.py", line 94, in GetActiveObject
    dispatch = pythoncom.GetActiveObject(resultCLSID)
pywintypes.com_error: (-2147221021, 'Operación no disponible', None, None)

During handling of the above exception, another exception occurred:

Traceback (most recent call last):
  File "C:\Users\expgsurco\AppData\Local\Python\pythoncore-3.14-64\Lib\site-packages\win32com\client\dynamic.py", line 81, in _GetGoodDispatch
    IDispatch = pythoncom.connect(IDispatch)
pywintypes.com_error: (-2147221021, 'Operación no disponible', None, None)

During handling of the above exception, another exception occurred:

Traceback (most recent call last):
  File "C:\Automatizaciones\MDA\SEND_REPORTS\main.py", line 49, in main
    Mailer().send_mail(
    ~~~~~~~~~~~~~~~~~~^
        destinatarios=
        ^^^^^^^^^^^^^^
    ...<12 lines>...
        adjunto=pdf_file
        ^^^^^^^^^^^^^^^^
    )
    ^
  File "C:\Automatizaciones\MDA\SEND_REPORTS\src\mailer.py", line 55, in send_mail
    outlook = win32com.client.Dispatch(
        "Outlook.Application"
    )
  File "C:\Users\expgsurco\AppData\Local\Python\pythoncore-3.14-64\Lib\site-packages\win32com\client\__init__.py", line 116, in Dispatch
    dispatch, userName = dynamic._GetGoodDispatchAndUserName(dispatch, userName, clsctx)
                         ~~~~~~~~~~~~~~~~~~~~~~~~~~~~~~~~~~~^^^^^^^^^^^^^^^^^^^^^^^^^^^^
  File "C:\Users\expgsurco\AppData\Local\Python\pythoncore-3.14-64\Lib\site-packages\win32com\client\dynamic.py", line 101, in _GetGoodDispatchAndUserName
    return (_GetGoodDispatch(IDispatch, clsctx), userName)
            ~~~~~~~~~~~~~~~~^^^^^^^^^^^^^^^^^^^
  File "C:\Users\expgsurco\AppData\Local\Python\pythoncore-3.14-64\Lib\site-packages\win32com\client\dynamic.py", line 83, in _GetGoodDispatch
    IDispatch = pythoncom.CoCreateInstance(
        IDispatch, None, clsctx, pythoncom.IID_IDispatch
    )
pywintypes.com_error: (-2146959355, 'Error en la ejecución de servidor', None, None)

2026-08-28 12:07:17,790 | INFO | 🔒 Navegador cerrado
2026-08-28 12:17:59,481 | INFO | REPORT_PATH cargado: [C:\MDA\Reportes\Power BI]
2026-08-28 12:17:59,504 | INFO | 🚀 Iniciando proceso
2026-08-28 12:18:06,123 | INFO | 🌐 Abriendo reporte Power BI
2026-08-28 12:18:09,727 | INFO | URL actual: https://app.powerbi.com/groups/214d3eb4-a116-4ebf-a233-a9ff58f47ba0/reports/b6b06332-c9a4-4f82-b7c4-fa7252838ffd/1d3763661cd912f949b5?experience=power-bi
2026-08-28 12:25:25,324 | INFO | REPORT_PATH cargado: [C:\MDA\Reportes\Power BI]
2026-08-28 12:25:25,368 | INFO | 🚀 Iniciando proceso
2026-08-28 12:25:31,582 | INFO | 🌐 Abriendo reporte Power BI
2026-08-28 12:25:34,098 | INFO | URL actual: https://app.powerbi.com/groups/214d3eb4-a116-4ebf-a233-a9ff58f47ba0/reports/b6b06332-c9a4-4f82-b7c4-fa7252838ffd/1d3763661cd912f949b5?experience=power-bi
2026-08-28 12:26:34,115 | INFO | Título página: MDA - Power BI
2026-08-28 12:26:34,116 | INFO | 📤 Abriendo menú Exportar
2026-08-28 12:26:36,323 | INFO | ✅ Menú Exportar abierto
2026-08-28 12:26:41,324 | INFO | 📄 Seleccionando PDF
2026-08-28 12:26:41,384 | INFO | ✅ Opción PDF seleccionada
2026-08-28 12:26:41,384 | INFO | 📋 Esperando ventana de confirmación
2026-08-28 12:26:41,655 | INFO | ✅ Confirmación PDF enviada
2026-08-28 12:26:51,656 | INFO | 📂 Ruta configurada: C:\MDA\Reportes\Power BI
2026-08-28 12:26:51,658 | INFO | 📄 Archivos encontrados: []
2026-08-28 12:26:53,659 | INFO | 📄 Archivos encontrados: []
2026-08-28 12:26:55,660 | INFO | 📄 Archivos encontrados: []
2026-08-28 12:26:57,661 | INFO | 📄 Archivos encontrados: []
2026-08-28 12:26:59,662 | INFO | 📄 Archivos encontrados: []
2026-08-28 12:27:01,663 | INFO | 📄 Archivos encontrados: []
2026-08-28 12:27:03,665 | INFO | 📄 Archivos encontrados: []
2026-08-28 12:27:05,666 | INFO | 📄 Archivos encontrados: []
2026-08-28 12:27:07,667 | INFO | 📄 Archivos encontrados: []
2026-08-28 12:27:09,669 | INFO | 📄 Archivos encontrados: []
2026-08-28 12:27:11,670 | INFO | 📄 Archivos encontrados: []
2026-08-28 12:27:13,671 | INFO | 📄 Archivos encontrados: []
2026-08-28 12:27:15,672 | INFO | 📄 Archivos encontrados: []
2026-08-28 12:27:17,673 | INFO | 📄 Archivos encontrados: []
2026-08-28 12:27:19,674 | INFO | 📄 Archivos encontrados: []
2026-08-28 12:27:21,675 | INFO | 📄 Archivos encontrados: []
2026-08-28 12:27:23,677 | INFO | 📄 Archivos encontrados: []
2026-08-28 12:27:25,679 | INFO | 📄 Archivos encontrados: []
2026-08-28 12:27:27,680 | INFO | 📄 Archivos encontrados: []
2026-08-28 12:27:29,681 | INFO | 📄 Archivos encontrados: []
2026-08-28 12:27:31,682 | INFO | 📄 Archivos encontrados: []
2026-08-28 12:27:33,683 | INFO | 📄 Archivos encontrados: []
2026-08-28 12:27:35,684 | INFO | 📄 Archivos encontrados: ['MDA.pdf']
2026-08-28 12:27:35,686 | INFO | ✅ PDF renombrado: C:\MDA\Reportes\Power BI\Dashboard_MDA_20260828_122735.pdf
2026-08-28 12:27:35,686 | INFO | 📎 Archivo generado: C:\MDA\Reportes\Power BI\Dashboard_MDA_20260828_122735.pdf
2026-08-28 12:27:35,686 | INFO | 📧 Entrando a Mailer
2026-08-28 12:27:35,686 | INFO | 📧 Iniciando Outlook
2026-08-28 12:27:35,695 | INFO | ✅ Outlook ya estaba abierto
2026-08-28 12:27:35,696 | INFO | ✅ Outlook listo
2026-08-28 12:27:35,700 | INFO | ✅ Namespace obtenido
2026-08-28 12:27:35,721 | INFO | ✅ Objeto Mail creado
2026-08-28 12:27:35,733 | INFO | 📨 Cuenta encontrada: exp.gsurco@dpworld.com
2026-08-28 12:27:35,747 | INFO | 📧 Para: Roberto.Moreno@dpworld.com
2026-08-28 12:27:35,747 | INFO | 📧 CC: canv.lgenaro@dpworld.com;Miguel.Curi@dpworld.com
2026-08-28 12:27:35,747 | INFO | 📧 BCC: Jose.biminchumo@viaexperis.pe;pedro.vilchez@experis.pe
2026-08-28 12:27:35,747 | INFO | 📎 Adjuntando archivo: C:\MDA\Reportes\Power BI\Dashboard_MDA_20260828_122735.pdf
2026-08-28 12:27:36,324 | INFO | ✅ Archivo adjuntado
2026-08-28 12:27:36,458 | INFO | ✅ Correo guardado
2026-08-28 12:27:36,458 | INFO | 📤 Enviando correo...
2026-08-28 12:27:36,476 | INFO | ✅ Outlook aceptó Send() en 0.02 segundos
2026-08-28 12:27:36,476 | INFO | ✅ Tiempo total: 0.79 segundos
2026-08-28 12:27:36,489 | INFO | ✅ Proceso completado
2026-08-28 12:27:38,785 | INFO | 🔒 Navegador cerrado
2026-08-28 12:32:04,505 | INFO | REPORT_PATH cargado: [C:\MDA\Reportes\Power BI]
2026-08-28 12:32:04,531 | INFO | ✅ Scheduler iniciado
2026-08-28 12:32:04,532 | INFO | ⏳ Esperando corte... 12:32:04
2026-08-28 12:33:04,524 | INFO | ⏳ Esperando corte... 12:33:04
2026-08-28 12:34:04,517 | INFO | ⏳ Esperando corte... 12:34:04
2026-08-28 12:35:04,509 | INFO | ⏰ Hora programada alcanzada
2026-08-28 12:35:04,510 | INFO | 🚀 Iniciando proceso
2026-08-28 12:35:10,593 | INFO | 🌐 Abriendo reporte Power BI
2026-08-28 12:35:13,666 | INFO | URL actual: https://app.powerbi.com/groups/214d3eb4-a116-4ebf-a233-a9ff58f47ba0/reports/b6b06332-c9a4-4f82-b7c4-fa7252838ffd/1d3763661cd912f949b5?experience=power-bi
2026-08-28 12:36:13,672 | INFO | Título página: Carátula - MDA - Power BI
2026-08-28 12:36:13,673 | INFO | 📤 Abriendo menú Exportar
2026-08-28 12:36:15,984 | INFO | ✅ Menú Exportar abierto
2026-08-28 12:36:20,985 | INFO | 📄 Seleccionando PDF
2026-08-28 12:36:21,100 | INFO | ✅ Opción PDF seleccionada
2026-08-28 12:36:21,100 | INFO | 📋 Esperando ventana de confirmación
2026-08-28 12:36:21,352 | INFO | ✅ Confirmación PDF enviada
2026-08-28 12:36:31,351 | INFO | 📂 Ruta configurada: C:\MDA\Reportes\Power BI
2026-08-28 12:36:31,353 | INFO | 📄 Archivos encontrados: []
2026-08-28 12:36:33,354 | INFO | 📄 Archivos encontrados: []
2026-08-28 12:36:35,355 | INFO | 📄 Archivos encontrados: []
2026-08-28 12:36:37,357 | INFO | 📄 Archivos encontrados: []
2026-08-28 12:36:39,358 | INFO | 📄 Archivos encontrados: []
2026-08-28 12:36:41,359 | INFO | 📄 Archivos encontrados: []
2026-08-28 12:36:43,360 | INFO | 📄 Archivos encontrados: []
2026-08-28 12:36:45,361 | INFO | 📄 Archivos encontrados: []
2026-08-28 12:36:47,363 | INFO | 📄 Archivos encontrados: []
2026-08-28 12:36:49,364 | INFO | 📄 Archivos encontrados: []
2026-08-28 12:36:51,365 | INFO | 📄 Archivos encontrados: []
2026-08-28 12:36:53,366 | INFO | 📄 Archivos encontrados: []
2026-08-28 12:36:55,368 | INFO | 📄 Archivos encontrados: []
2026-08-28 12:36:57,369 | INFO | 📄 Archivos encontrados: []
2026-08-28 12:36:59,370 | INFO | 📄 Archivos encontrados: []
2026-08-28 12:37:01,371 | INFO | 📄 Archivos encontrados: []
2026-08-28 12:37:03,372 | INFO | 📄 Archivos encontrados: []
2026-08-28 12:37:05,373 | INFO | 📄 Archivos encontrados: []
2026-08-28 12:37:07,375 | INFO | 📄 Archivos encontrados: []
2026-08-28 12:37:09,376 | INFO | 📄 Archivos encontrados: []
2026-08-28 12:37:11,378 | INFO | 📄 Archivos encontrados: []
2026-08-28 12:37:13,379 | INFO | 📄 Archivos encontrados: []
2026-08-28 12:37:15,380 | INFO | 📄 Archivos encontrados: ['MDA.pdf']
2026-08-28 12:37:15,381 | INFO | ✅ PDF renombrado: C:\MDA\Reportes\Power BI\Dashboard_MDA_20260828_123715.pdf
2026-08-28 12:37:15,382 | INFO | 📎 Archivo generado: C:\MDA\Reportes\Power BI\Dashboard_MDA_20260828_123715.pdf
2026-08-28 12:37:15,382 | INFO | 📧 Entrando a Mailer
2026-08-28 12:37:15,382 | INFO | 📧 Iniciando Outlook
2026-08-28 12:37:15,395 | INFO | ✅ Outlook ya estaba abierto
2026-08-28 12:37:15,395 | INFO | ✅ Outlook listo
2026-08-28 12:37:15,400 | INFO | ✅ Namespace obtenido
2026-08-28 12:37:15,406 | INFO | ✅ Objeto Mail creado
2026-08-28 12:37:15,415 | INFO | 📨 Cuenta encontrada: exp.gsurco@dpworld.com
2026-08-28 12:37:15,436 | INFO | 📧 Para: Roberto.Moreno@dpworld.com
2026-08-28 12:37:15,437 | INFO | 📧 CC: canv.lgenaro@dpworld.com;Miguel.Curi@dpworld.com
2026-08-28 12:37:15,437 | INFO | 📧 BCC: Jose.biminchumo@viaexperis.pe;pedro.vilchez@experis.pe
2026-08-28 12:37:15,437 | INFO | 📎 Adjuntando archivo: C:\MDA\Reportes\Power BI\Dashboard_MDA_20260828_123715.pdf
2026-08-28 12:37:15,504 | INFO | ✅ Archivo adjuntado
2026-08-28 12:37:15,664 | INFO | ✅ Correo guardado
2026-08-28 12:37:15,664 | INFO | 📤 Enviando correo...
2026-08-28 12:37:15,689 | INFO | ✅ Outlook aceptó Send() en 0.03 segundos
2026-08-28 12:37:15,690 | INFO | ✅ Tiempo total: 0.31 segundos
2026-08-28 12:37:15,729 | INFO | ✅ Proceso completado
2026-08-28 12:37:17,974 | INFO | 🔒 Navegador cerrado
2026-08-28 12:37:17,974 | INFO | ⏳ Esperando corte... 12:37:17
2026-08-28 12:38:17,973 | INFO | ⏳ Esperando corte... 12:38:17
2026-08-28 12:39:17,973 | INFO | ⏳ Esperando corte... 12:39:17
2026-08-28 12:40:17,973 | INFO | ⏳ Esperando corte... 12:40:17
2026-08-28 12:41:17,972 | INFO | ⏳ Esperando corte... 12:41:17
2026-08-28 12:42:17,971 | INFO | ⏳ Esperando corte... 12:42:17
2026-08-28 12:43:17,971 | INFO | ⏳ Esperando corte... 12:43:17
2026-08-28 12:44:17,971 | INFO | ⏳ Esperando corte... 12:44:17
2026-08-28 12:45:17,971 | INFO | ⏳ Esperando corte... 12:45:17
2026-08-28 12:46:17,971 | INFO | ⏳ Esperando corte... 12:46:17
2026-08-28 12:47:17,971 | INFO | ⏳ Esperando corte... 12:47:17
2026-08-28 12:48:17,971 | INFO | ⏳ Esperando corte... 12:48:17
2026-08-28 12:49:17,972 | INFO | ⏳ Esperando corte... 12:49:17
2026-08-28 12:50:17,972 | INFO | ⏳ Esperando corte... 12:50:17
2026-08-28 12:51:17,972 | INFO | ⏳ Esperando corte... 12:51:17
2026-08-28 12:52:17,973 | INFO | ⏳ Esperando corte... 12:52:17
2026-08-28 12:53:17,974 | INFO | ⏳ Esperando corte... 12:53:17
2026-08-28 12:54:17,975 | INFO | ⏳ Esperando corte... 12:54:17
2026-08-28 12:55:17,976 | INFO | ⏳ Esperando corte... 12:55:17
2026-08-28 12:56:17,977 | INFO | ⏳ Esperando corte... 12:56:17
2026-08-28 12:57:17,978 | INFO | ⏳ Esperando corte... 12:57:17
2026-08-28 12:58:17,978 | INFO | ⏳ Esperando corte... 12:58:17
2026-08-28 12:59:17,979 | INFO | ⏳ Esperando corte... 12:59:17
2026-08-28 13:00:17,979 | INFO | ⏳ Esperando corte... 13:00:17
2026-08-28 13:01:17,980 | INFO | ⏳ Esperando corte... 13:01:17
2026-08-28 13:02:17,981 | INFO | ⏳ Esperando corte... 13:02:17
2026-08-28 13:03:17,982 | INFO | ⏳ Esperando corte... 13:03:17
2026-08-28 13:04:17,983 | INFO | ⏳ Esperando corte... 13:04:17
2026-08-28 13:05:17,984 | INFO | ⏳ Esperando corte... 13:05:17
2026-08-28 13:06:17,984 | INFO | ⏳ Esperando corte... 13:06:17
2026-08-28 13:06:58,698 | INFO | REPORT_PATH cargado: [C:\MDA\Reportes\Power BI]
2026-08-28 13:06:58,721 | INFO | ✅ Scheduler iniciado
2026-08-28 13:06:58,721 | INFO | ⏳ Esperando siguiente corte... 13:06:58
2026-08-28 14:06:58,636 | INFO | ⏳ Esperando siguiente corte... 14:06:58
2026-08-28 15:06:58,590 | INFO | ⏳ Esperando siguiente corte... 15:06:58
2026-08-28 16:00:01,784 | INFO | REPORT_PATH cargado: [C:\MDA\Reportes\Power BI]
2026-08-28 16:00:01,815 | INFO | 🚀 Iniciando proceso
2026-08-28 16:00:08,567 | INFO | 🌐 Abriendo reporte Power BI
2026-08-28 16:00:10,881 | INFO | URL actual: https://app.powerbi.com/groups/214d3eb4-a116-4ebf-a233-a9ff58f47ba0/reports/b6b06332-c9a4-4f82-b7c4-fa7252838ffd/1d3763661cd912f949b5?experience=power-bi
2026-08-28 16:01:10,909 | INFO | Título página: Carátula - MDA - Power BI
2026-08-28 16:01:10,910 | INFO | 📤 Abriendo menú Exportar
2026-08-28 16:01:13,153 | INFO | ✅ Menú Exportar abierto
2026-08-28 16:01:18,154 | INFO | 📄 Seleccionando PDF
2026-08-28 16:01:18,197 | INFO | ✅ Opción PDF seleccionada
2026-08-28 16:01:18,198 | INFO | 📋 Esperando ventana de confirmación
2026-08-28 16:01:18,489 | INFO | ✅ Confirmación PDF enviada
2026-08-28 16:01:28,490 | INFO | 📂 Ruta configurada: C:\MDA\Reportes\Power BI
2026-08-28 16:01:28,492 | INFO | 📄 Archivos encontrados: []
2026-08-28 16:01:30,494 | INFO | 📄 Archivos encontrados: []
2026-08-28 16:01:32,495 | INFO | 📄 Archivos encontrados: []
2026-08-28 16:01:34,498 | INFO | 📄 Archivos encontrados: []
2026-08-28 16:01:36,499 | INFO | 📄 Archivos encontrados: []
2026-08-28 16:01:38,501 | INFO | 📄 Archivos encontrados: []
2026-08-28 16:01:40,502 | INFO | 📄 Archivos encontrados: []
2026-08-28 16:01:42,504 | INFO | 📄 Archivos encontrados: []
2026-08-28 16:01:44,507 | INFO | 📄 Archivos encontrados: []
2026-08-28 16:01:46,511 | INFO | 📄 Archivos encontrados: []
2026-08-28 16:01:48,515 | INFO | 📄 Archivos encontrados: []
2026-08-28 16:01:50,520 | INFO | 📄 Archivos encontrados: []
2026-08-28 16:01:52,522 | INFO | 📄 Archivos encontrados: []
2026-08-28 16:01:54,524 | INFO | 📄 Archivos encontrados: []
2026-08-28 16:01:56,526 | INFO | 📄 Archivos encontrados: []
2026-08-28 16:01:58,533 | INFO | 📄 Archivos encontrados: []
2026-08-28 16:02:00,534 | INFO | 📄 Archivos encontrados: []
2026-08-28 16:02:02,537 | INFO | 📄 Archivos encontrados: []
2026-08-28 16:02:04,540 | INFO | 📄 Archivos encontrados: []
2026-08-28 16:02:06,541 | INFO | 📄 Archivos encontrados: []
2026-08-28 16:02:08,544 | INFO | 📄 Archivos encontrados: []
2026-08-28 16:02:10,550 | INFO | 📄 Archivos encontrados: []
2026-08-28 16:02:12,552 | INFO | 📄 Archivos encontrados: []
2026-08-28 16:02:14,554 | INFO | 📄 Archivos encontrados: []
2026-08-28 16:02:16,558 | INFO | 📄 Archivos encontrados: []
2026-08-28 16:02:18,560 | INFO | 📄 Archivos encontrados: ['MDA.pdf']
2026-08-28 16:02:18,563 | INFO | ✅ PDF renombrado: C:\MDA\Reportes\Power BI\Dashboard_MDA_20260828_160218.pdf
2026-08-28 16:02:18,564 | INFO | 📎 Archivo generado: C:\MDA\Reportes\Power BI\Dashboard_MDA_20260828_160218.pdf
2026-08-28 16:02:18,565 | INFO | 📧 Entrando a Mailer
2026-08-28 16:02:18,565 | INFO | 📧 Iniciando Outlook
2026-08-28 16:02:18,573 | INFO | 📧 Outlook no estaba abierto
2026-08-28 16:02:18,636 | INFO | ⏳ Esperando inicio de Outlook...
2026-08-28 16:03:03,804 | ERROR | ❌ Error Outlook: (-2146959355, 'Error en la ejecución de servidor', None, None)
2026-08-28 16:03:03,804 | ERROR | ❌ Error: (-2146959355, 'Error en la ejecución de servidor', None, None)
2026-08-28 16:03:03,890 | ERROR | Traceback (most recent call last):
  File "C:\Automatizaciones\MDA\SEND_REPORTS\src\mailer.py", line 33, in send_mail
    outlook = win32com.client.GetActiveObject(
        "Outlook.Application"
    )
  File "C:\Users\expgsurco\AppData\Local\Python\pythoncore-3.14-64\Lib\site-packages\win32com\client\__init__.py", line 94, in GetActiveObject
    dispatch = pythoncom.GetActiveObject(resultCLSID)
pywintypes.com_error: (-2147221021, 'Operación no disponible', None, None)

During handling of the above exception, another exception occurred:

Traceback (most recent call last):
  File "C:\Users\expgsurco\AppData\Local\Python\pythoncore-3.14-64\Lib\site-packages\win32com\client\dynamic.py", line 81, in _GetGoodDispatch
    IDispatch = pythoncom.connect(IDispatch)
pywintypes.com_error: (-2147221021, 'Operación no disponible', None, None)

During handling of the above exception, another exception occurred:

Traceback (most recent call last):
  File "C:\Automatizaciones\MDA\SEND_REPORTS\main.py", line 34, in main
    Mailer().send_mail(
    ~~~~~~~~~~~~~~~~~~^
        destinatarios=
        ^^^^^^^^^^^^^^
    ...<12 lines>...
        adjunto=pdf_file
        ^^^^^^^^^^^^^^^^
    )
    ^
  File "C:\Automatizaciones\MDA\SEND_REPORTS\src\mailer.py", line 57, in send_mail
    outlook = win32com.client.Dispatch(
        "Outlook.Application"
    )
  File "C:\Users\expgsurco\AppData\Local\Python\pythoncore-3.14-64\Lib\site-packages\win32com\client\__init__.py", line 116, in Dispatch
    dispatch, userName = dynamic._GetGoodDispatchAndUserName(dispatch, userName, clsctx)
                         ~~~~~~~~~~~~~~~~~~~~~~~~~~~~~~~~~~~^^^^^^^^^^^^^^^^^^^^^^^^^^^^
  File "C:\Users\expgsurco\AppData\Local\Python\pythoncore-3.14-64\Lib\site-packages\win32com\client\dynamic.py", line 101, in _GetGoodDispatchAndUserName
    return (_GetGoodDispatch(IDispatch, clsctx), userName)
            ~~~~~~~~~~~~~~~~^^^^^^^^^^^^^^^^^^^
  File "C:\Users\expgsurco\AppData\Local\Python\pythoncore-3.14-64\Lib\site-packages\win32com\client\dynamic.py", line 83, in _GetGoodDispatch
    IDispatch = pythoncom.CoCreateInstance(
        IDispatch, None, clsctx, pythoncom.IID_IDispatch
    )
pywintypes.com_error: (-2146959355, 'Error en la ejecución de servidor', None, None)

2026-08-28 16:03:06,207 | INFO | 🔒 Navegador cerrado
2026-08-28 16:06:58,509 | INFO | ⏰ Hora programada alcanzada
2026-08-28 16:06:58,511 | INFO | 🚀 Iniciando proceso
2026-08-28 16:07:04,722 | INFO | 🌐 Abriendo reporte Power BI
2026-08-28 16:07:07,004 | INFO | URL actual: https://app.powerbi.com/groups/214d3eb4-a116-4ebf-a233-a9ff58f47ba0/reports/b6b06332-c9a4-4f82-b7c4-fa7252838ffd/1d3763661cd912f949b5?experience=power-bi
2026-08-28 16:08:07,034 | INFO | Título página: Carátula - MDA - Power BI
2026-08-28 16:08:07,034 | INFO | 📤 Abriendo menú Exportar
2026-08-28 16:08:09,243 | INFO | ✅ Menú Exportar abierto
2026-08-28 16:08:14,243 | INFO | 📄 Seleccionando PDF
2026-08-28 16:08:14,314 | INFO | ✅ Opción PDF seleccionada
2026-08-28 16:08:14,314 | INFO | 📋 Esperando ventana de confirmación
2026-08-28 16:08:14,707 | INFO | ✅ Confirmación PDF enviada
2026-08-28 16:08:24,708 | INFO | 📂 Ruta configurada: C:\MDA\Reportes\Power BI
2026-08-28 16:08:24,709 | INFO | 📄 Archivos encontrados: []
2026-08-28 16:08:26,710 | INFO | 📄 Archivos encontrados: []
2026-08-28 16:08:28,712 | INFO | 📄 Archivos encontrados: []
2026-08-28 16:08:30,714 | INFO | 📄 Archivos encontrados: []
2026-08-28 16:08:32,715 | INFO | 📄 Archivos encontrados: []
2026-08-28 16:08:34,717 | INFO | 📄 Archivos encontrados: []
2026-08-28 16:08:36,718 | INFO | 📄 Archivos encontrados: []
2026-08-28 16:08:38,720 | INFO | 📄 Archivos encontrados: []
2026-08-28 16:08:40,721 | INFO | 📄 Archivos encontrados: []
2026-08-28 16:08:42,723 | INFO | 📄 Archivos encontrados: []
2026-08-28 16:08:44,724 | INFO | 📄 Archivos encontrados: []
2026-08-28 16:08:46,725 | INFO | 📄 Archivos encontrados: []
2026-08-28 16:08:48,727 | INFO | 📄 Archivos encontrados: []
2026-08-28 16:08:50,728 | INFO | 📄 Archivos encontrados: []
2026-08-28 16:08:52,730 | INFO | 📄 Archivos encontrados: []
2026-08-28 16:08:54,732 | INFO | 📄 Archivos encontrados: []
2026-08-28 16:08:56,735 | INFO | 📄 Archivos encontrados: []
2026-08-28 16:08:58,741 | INFO | 📄 Archivos encontrados: []
2026-08-28 16:09:00,743 | INFO | 📄 Archivos encontrados: []
2026-08-28 16:09:02,743 | INFO | 📄 Archivos encontrados: []
2026-08-28 16:09:04,745 | INFO | 📄 Archivos encontrados: []
2026-08-28 16:09:06,746 | INFO | 📄 Archivos encontrados: []
2026-08-28 16:09:08,748 | INFO | 📄 Archivos encontrados: ['MDA.pdf']
2026-08-28 16:09:08,750 | INFO | ✅ PDF renombrado: C:\MDA\Reportes\Power BI\Dashboard_MDA_20260828_160908.pdf
2026-08-28 16:09:08,750 | INFO | 📎 Archivo generado: C:\MDA\Reportes\Power BI\Dashboard_MDA_20260828_160908.pdf
2026-08-28 16:09:08,751 | INFO | 📧 Entrando a Mailer
2026-08-28 16:09:08,751 | INFO | 📧 Iniciando Outlook
2026-08-28 16:09:08,773 | INFO | ✅ Outlook ya estaba abierto
2026-08-28 16:09:08,774 | INFO | ✅ Outlook listo
2026-08-28 16:09:08,783 | INFO | ✅ Namespace obtenido
2026-08-28 16:09:08,791 | INFO | ✅ Objeto Mail creado
2026-08-28 16:09:08,802 | INFO | 📨 Cuenta encontrada: exp.gsurco@dpworld.com
2026-08-28 16:09:08,813 | INFO | 📧 Para: Roberto.Moreno@dpworld.com
2026-08-28 16:09:08,814 | INFO | 📧 CC: canv.lgenaro@dpworld.com;Miguel.Curi@dpworld.com
2026-08-28 16:09:08,814 | INFO | 📧 BCC: Jose.biminchumo@viaexperis.pe;pedro.vilchez@experis.pe
2026-08-28 16:09:08,814 | INFO | 📎 Adjuntando archivo: C:\MDA\Reportes\Power BI\Dashboard_MDA_20260828_160908.pdf
2026-08-28 16:09:08,871 | INFO | ✅ Archivo adjuntado
2026-08-28 16:09:09,105 | INFO | ✅ Correo guardado
2026-08-28 16:09:09,105 | INFO | 📤 Enviando correo...
2026-08-28 16:09:09,143 | INFO | ✅ Outlook aceptó Send() en 0.04 segundos
2026-08-28 16:09:09,143 | INFO | ✅ Tiempo total: 0.39 segundos
2026-08-28 16:09:09,186 | INFO | ✅ Proceso completado
2026-08-28 16:09:11,407 | INFO | 🔒 Navegador cerrado
2026-08-28 16:09:11,408 | INFO | ⏳ Esperando siguiente corte... 16:09:11
2026-08-28 17:09:11,297 | INFO | ⏳ Esperando siguiente corte... 17:09:11
2026-08-28 18:09:11,281 | INFO | ⏳ Esperando siguiente corte... 18:09:11
2026-08-28 19:09:11,191 | INFO | ⏳ Esperando siguiente corte... 19:09:11
2026-08-28 20:09:11,106 | INFO | ⏳ Esperando siguiente corte... 20:09:11
2026-08-28 21:09:11,080 | INFO | ⏳ Esperando siguiente corte... 21:09:11
2026-08-28 22:09:10,930 | INFO | ⏳ Esperando siguiente corte... 22:09:10
2026-08-28 23:09:10,865 | INFO | ⏳ Esperando siguiente corte... 23:09:10
2026-08-29 00:09:10,843 | INFO | ⏳ Esperando siguiente corte... 00:09:10
2026-08-29 01:09:10,771 | INFO | ⏳ Esperando siguiente corte... 01:09:10
2026-08-29 02:09:10,638 | INFO | ⏳ Esperando siguiente corte... 02:09:10
2026-08-29 03:09:10,550 | INFO | ⏳ Esperando siguiente corte... 03:09:10
2026-08-29 04:09:10,461 | INFO | ⏳ Esperando siguiente corte... 04:09:10
2026-08-29 05:09:10,394 | INFO | ⏳ Esperando siguiente corte... 05:09:10
2026-08-29 06:09:10,356 | INFO | ⏳ Esperando siguiente corte... 06:09:10
2026-08-29 07:09:10,277 | INFO | ⏳ Esperando siguiente corte... 07:09:10
2026-08-29 08:09:10,203 | INFO | ⏳ Esperando siguiente corte... 08:09:10
2026-08-29 09:09:10,137 | INFO | ⏰ Hora programada alcanzada
2026-08-29 09:09:10,138 | INFO | 🚀 Iniciando proceso
2026-08-29 09:09:16,890 | INFO | 🌐 Abriendo reporte Power BI
2026-08-29 09:09:19,291 | INFO | URL actual: https://app.powerbi.com/groups/214d3eb4-a116-4ebf-a233-a9ff58f47ba0/reports/b6b06332-c9a4-4f82-b7c4-fa7252838ffd/1d3763661cd912f949b5?experience=power-bi
2026-08-29 09:10:19,328 | INFO | Título página: Carátula - MDA - Power BI
2026-08-29 09:10:19,328 | INFO | 📤 Abriendo menú Exportar
2026-08-29 09:10:21,602 | INFO | ✅ Menú Exportar abierto
2026-08-29 09:10:26,603 | INFO | 📄 Seleccionando PDF
2026-08-29 09:10:26,683 | INFO | ✅ Opción PDF seleccionada
2026-08-29 09:10:26,684 | INFO | 📋 Esperando ventana de confirmación
2026-08-29 09:10:27,115 | INFO | ✅ Confirmación PDF enviada
2026-08-29 09:10:37,115 | INFO | 📂 Ruta configurada: C:\MDA\Reportes\Power BI
2026-08-29 09:10:37,116 | INFO | 📄 Archivos encontrados: []
2026-08-29 09:10:39,117 | INFO | 📄 Archivos encontrados: []
2026-08-29 09:10:41,119 | INFO | 📄 Archivos encontrados: []
2026-08-29 09:10:43,120 | INFO | 📄 Archivos encontrados: []
2026-08-29 09:10:45,121 | INFO | 📄 Archivos encontrados: []
2026-08-29 09:10:47,122 | INFO | 📄 Archivos encontrados: []
2026-08-29 09:10:49,123 | INFO | 📄 Archivos encontrados: []
2026-08-29 09:10:51,125 | INFO | 📄 Archivos encontrados: []
2026-08-29 09:10:53,126 | INFO | 📄 Archivos encontrados: []
2026-08-29 09:10:55,128 | INFO | 📄 Archivos encontrados: []
2026-08-29 09:10:57,129 | INFO | 📄 Archivos encontrados: []
2026-08-29 09:10:59,131 | INFO | 📄 Archivos encontrados: []
2026-08-29 09:11:01,133 | INFO | 📄 Archivos encontrados: []
2026-08-29 09:11:03,135 | INFO | 📄 Archivos encontrados: []
2026-08-29 09:11:05,136 | INFO | 📄 Archivos encontrados: []
2026-08-29 09:11:07,138 | INFO | 📄 Archivos encontrados: []
2026-08-29 09:11:09,140 | INFO | 📄 Archivos encontrados: []
2026-08-29 09:11:11,141 | INFO | 📄 Archivos encontrados: []
2026-08-29 09:11:13,142 | INFO | 📄 Archivos encontrados: []
2026-08-29 09:11:15,144 | INFO | 📄 Archivos encontrados: []
2026-08-29 09:11:17,146 | INFO | 📄 Archivos encontrados: []
2026-08-29 09:11:19,148 | INFO | 📄 Archivos encontrados: []
2026-08-29 09:11:21,149 | INFO | 📄 Archivos encontrados: ['MDA.pdf']
2026-08-29 09:11:21,152 | INFO | ✅ PDF renombrado: C:\MDA\Reportes\Power BI\Dashboard_MDA_20260829_091121.pdf
2026-08-29 09:11:21,152 | INFO | 📎 Archivo generado: C:\MDA\Reportes\Power BI\Dashboard_MDA_20260829_091121.pdf
2026-08-29 09:11:21,152 | INFO | 📧 Entrando a Mailer
2026-08-29 09:11:21,153 | INFO | 📧 Iniciando Outlook
2026-08-29 09:11:21,178 | INFO | ✅ Outlook ya estaba abierto
2026-08-29 09:11:21,179 | INFO | ✅ Outlook listo
2026-08-29 09:11:21,215 | INFO | ✅ Namespace obtenido
2026-08-29 09:11:21,243 | INFO | ✅ Objeto Mail creado
2026-08-29 09:11:21,254 | INFO | 📨 Cuenta encontrada: exp.gsurco@dpworld.com
2026-08-29 09:11:21,278 | INFO | 📧 Para: Roberto.Moreno@dpworld.com
2026-08-29 09:11:21,278 | INFO | 📧 CC: canv.lgenaro@dpworld.com;Miguel.Curi@dpworld.com
2026-08-29 09:11:21,279 | INFO | 📧 BCC: Jose.biminchumo@viaexperis.pe;pedro.vilchez@experis.pe
2026-08-29 09:11:21,279 | INFO | 📎 Adjuntando archivo: C:\MDA\Reportes\Power BI\Dashboard_MDA_20260829_091121.pdf
2026-08-29 09:11:21,356 | INFO | ✅ Archivo adjuntado
2026-08-29 09:11:21,621 | INFO | ✅ Correo guardado
2026-08-29 09:11:21,621 | INFO | 📤 Enviando correo...
2026-08-29 09:11:21,688 | INFO | ✅ Outlook aceptó Send() en 0.07 segundos
2026-08-29 09:11:21,689 | INFO | ✅ Tiempo total: 0.54 segundos
2026-08-29 09:11:21,731 | INFO | ✅ Proceso completado
2026-08-29 09:11:23,971 | INFO | 🔒 Navegador cerrado
2026-08-29 09:11:23,972 | INFO | ⏳ Esperando siguiente corte... 09:11:23
2026-08-29 10:11:23,877 | INFO | ⏳ Esperando siguiente corte... 10:11:23
2026-08-29 11:11:23,830 | INFO | ⏳ Esperando siguiente corte... 11:11:23
2026-08-29 12:11:23,802 | INFO | ⏳ Esperando siguiente corte... 12:11:23
2026-08-29 13:11:23,782 | INFO | ⏳ Esperando siguiente corte... 13:11:23
2026-08-29 14:11:23,764 | INFO | ⏳ Esperando siguiente corte... 14:11:23
2026-08-29 15:11:23,748 | INFO | ⏳ Esperando siguiente corte... 15:11:23
2026-08-29 16:11:23,556 | INFO | ⏰ Hora programada alcanzada
2026-08-29 16:11:23,557 | INFO | 🚀 Iniciando proceso
2026-08-29 16:11:30,141 | INFO | 🌐 Abriendo reporte Power BI
2026-08-29 16:11:32,461 | INFO | URL actual: https://app.powerbi.com/groups/214d3eb4-a116-4ebf-a233-a9ff58f47ba0/reports/b6b06332-c9a4-4f82-b7c4-fa7252838ffd/1d3763661cd912f949b5?experience=power-bi
2026-08-29 16:12:32,506 | INFO | Título página: Carátula - MDA - Power BI
2026-08-29 16:12:32,507 | INFO | 📤 Abriendo menú Exportar
2026-08-29 16:12:34,766 | INFO | ✅ Menú Exportar abierto
2026-08-29 16:12:39,767 | INFO | 📄 Seleccionando PDF
2026-08-29 16:12:39,846 | INFO | ✅ Opción PDF seleccionada
2026-08-29 16:12:39,847 | INFO | 📋 Esperando ventana de confirmación
2026-08-29 16:12:40,361 | INFO | ✅ Confirmación PDF enviada
2026-08-29 16:12:50,361 | INFO | 📂 Ruta configurada: C:\MDA\Reportes\Power BI
2026-08-29 16:12:50,363 | INFO | 📄 Archivos encontrados: []
2026-08-29 16:12:52,364 | INFO | 📄 Archivos encontrados: []
2026-08-29 16:12:54,366 | INFO | 📄 Archivos encontrados: []
2026-08-29 16:12:56,367 | INFO | 📄 Archivos encontrados: []
2026-08-29 16:12:58,368 | INFO | 📄 Archivos encontrados: []
2026-08-29 16:13:00,369 | INFO | 📄 Archivos encontrados: []
2026-08-29 16:13:02,370 | INFO | 📄 Archivos encontrados: []
2026-08-29 16:13:04,372 | INFO | 📄 Archivos encontrados: []
2026-08-29 16:13:06,374 | INFO | 📄 Archivos encontrados: []
2026-08-29 16:13:08,375 | INFO | 📄 Archivos encontrados: []
2026-08-29 16:13:10,376 | INFO | 📄 Archivos encontrados: []
2026-08-29 16:13:12,378 | INFO | 📄 Archivos encontrados: []
2026-08-29 16:13:14,379 | INFO | 📄 Archivos encontrados: []
2026-08-29 16:13:16,381 | INFO | 📄 Archivos encontrados: []
2026-08-29 16:13:18,382 | INFO | 📄 Archivos encontrados: []
2026-08-29 16:13:20,383 | INFO | 📄 Archivos encontrados: []
2026-08-29 16:13:22,384 | INFO | 📄 Archivos encontrados: []
2026-08-29 16:13:24,385 | INFO | 📄 Archivos encontrados: []
2026-08-29 16:13:26,387 | INFO | 📄 Archivos encontrados: []
2026-08-29 16:13:28,389 | INFO | 📄 Archivos encontrados: ['8d81518c-3c1f-4032-b0b5-45177c3cba6c.tmp']
2026-08-29 16:13:30,391 | INFO | 📄 Archivos encontrados: ['MDA.pdf']
2026-08-29 16:13:30,393 | INFO | ✅ PDF renombrado: C:\MDA\Reportes\Power BI\Dashboard_MDA_20260829_161330.pdf
2026-08-29 16:13:30,393 | INFO | 📎 Archivo generado: C:\MDA\Reportes\Power BI\Dashboard_MDA_20260829_161330.pdf
2026-08-29 16:13:30,394 | INFO | 📧 Entrando a Mailer
2026-08-29 16:13:30,394 | INFO | 📧 Iniciando Outlook
2026-08-29 16:13:30,411 | INFO | ✅ Outlook ya estaba abierto
2026-08-29 16:13:30,412 | INFO | ✅ Outlook listo
2026-08-29 16:13:30,423 | INFO | ✅ Namespace obtenido
2026-08-29 16:13:30,429 | INFO | ✅ Objeto Mail creado
2026-08-29 16:13:30,439 | INFO | 📨 Cuenta encontrada: exp.gsurco@dpworld.com
2026-08-29 16:13:30,463 | INFO | 📧 Para: Roberto.Moreno@dpworld.com
2026-08-29 16:13:30,464 | INFO | 📧 CC: canv.lgenaro@dpworld.com;Miguel.Curi@dpworld.com
2026-08-29 16:13:30,464 | INFO | 📧 BCC: Jose.biminchumo@viaexperis.pe;pedro.vilchez@experis.pe
2026-08-29 16:13:30,464 | INFO | 📎 Adjuntando archivo: C:\MDA\Reportes\Power BI\Dashboard_MDA_20260829_161330.pdf
2026-08-29 16:13:30,530 | INFO | ✅ Archivo adjuntado
2026-08-29 16:13:30,671 | INFO | ✅ Correo guardado
2026-08-29 16:13:30,671 | INFO | 📤 Enviando correo...
2026-08-29 16:13:30,714 | INFO | ✅ Outlook aceptó Send() en 0.04 segundos
2026-08-29 16:13:30,714 | INFO | ✅ Tiempo total: 0.32 segundos
2026-08-29 16:13:30,768 | INFO | ✅ Proceso completado
2026-08-29 16:13:33,043 | INFO | 🔒 Navegador cerrado
2026-08-29 16:13:33,043 | INFO | ⏳ Esperando siguiente corte... 16:13:33
2026-08-29 17:13:32,819 | INFO | ⏳ Esperando siguiente corte... 17:13:32
2026-08-29 18:13:32,719 | INFO | ⏳ Esperando siguiente corte... 18:13:32
2026-08-29 19:13:32,669 | INFO | ⏳ Esperando siguiente corte... 19:13:32
2026-08-29 20:13:32,638 | INFO | ⏳ Esperando siguiente corte... 20:13:32
2026-08-29 21:13:32,616 | INFO | ⏳ Esperando siguiente corte... 21:13:32
2026-08-29 22:13:32,596 | INFO | ⏳ Esperando siguiente corte... 22:13:32
2026-08-29 23:13:32,579 | INFO | ⏳ Esperando siguiente corte... 23:13:32
2026-08-30 00:13:32,561 | INFO | ⏳ Esperando siguiente corte... 00:13:32
2026-08-30 01:13:32,449 | INFO | ⏳ Esperando siguiente corte... 01:13:32
2026-08-30 02:13:32,279 | INFO | ⏳ Esperando siguiente corte... 02:13:32
2026-08-30 03:13:32,163 | INFO | ⏳ Esperando siguiente corte... 03:13:32
2026-08-30 04:13:32,082 | INFO | ⏳ Esperando siguiente corte... 04:13:32
2026-08-30 05:13:32,023 | INFO | ⏳ Esperando siguiente corte... 05:13:32
2026-08-30 06:13:31,892 | INFO | ⏳ Esperando siguiente corte... 06:13:31
2026-08-30 07:13:31,787 | INFO | ⏳ Esperando siguiente corte... 07:13:31
2026-08-30 08:13:31,712 | INFO | ⏳ Esperando siguiente corte... 08:13:31
2026-08-30 09:13:31,658 | INFO | ⏰ Hora programada alcanzada
2026-08-30 09:13:31,659 | INFO | 🚀 Iniciando proceso
2026-08-30 09:13:38,306 | INFO | 🌐 Abriendo reporte Power BI
2026-08-30 09:13:49,002 | INFO | URL actual: https://app.powerbi.com/groups/214d3eb4-a116-4ebf-a233-a9ff58f47ba0/reports/b6b06332-c9a4-4f82-b7c4-fa7252838ffd/1d3763661cd912f949b5?experience=power-bi
2026-08-30 09:14:49,030 | INFO | Título página: Carátula - MDA - Power BI
2026-08-30 09:14:49,030 | INFO | 📤 Abriendo menú Exportar
2026-08-30 09:14:51,336 | INFO | ✅ Menú Exportar abierto
2026-08-30 09:14:56,338 | INFO | 📄 Seleccionando PDF
2026-08-30 09:14:56,406 | INFO | ✅ Opción PDF seleccionada
2026-08-30 09:14:56,406 | INFO | 📋 Esperando ventana de confirmación
2026-08-30 09:14:56,987 | INFO | ✅ Confirmación PDF enviada
2026-08-30 09:15:06,989 | INFO | 📂 Ruta configurada: C:\MDA\Reportes\Power BI
2026-08-30 09:15:06,990 | INFO | 📄 Archivos encontrados: []
2026-08-30 09:15:08,992 | INFO | 📄 Archivos encontrados: []
2026-08-30 09:15:10,993 | INFO | 📄 Archivos encontrados: []
2026-08-30 09:15:12,995 | INFO | 📄 Archivos encontrados: []
2026-08-30 09:15:14,996 | INFO | 📄 Archivos encontrados: []
2026-08-30 09:15:16,998 | INFO | 📄 Archivos encontrados: []
2026-08-30 09:15:18,999 | INFO | 📄 Archivos encontrados: []
2026-08-30 09:15:21,001 | INFO | 📄 Archivos encontrados: []
2026-08-30 09:15:23,002 | INFO | 📄 Archivos encontrados: []
2026-08-30 09:15:25,004 | INFO | 📄 Archivos encontrados: []
2026-08-30 09:15:27,005 | INFO | 📄 Archivos encontrados: []
2026-08-30 09:15:29,006 | INFO | 📄 Archivos encontrados: []
2026-08-30 09:15:31,009 | INFO | 📄 Archivos encontrados: []
2026-08-30 09:15:33,010 | INFO | 📄 Archivos encontrados: []
2026-08-30 09:15:35,012 | INFO | 📄 Archivos encontrados: []
2026-08-30 09:15:37,014 | INFO | 📄 Archivos encontrados: []
2026-08-30 09:15:39,015 | INFO | 📄 Archivos encontrados: []
2026-08-30 09:15:41,017 | INFO | 📄 Archivos encontrados: []
2026-08-30 09:15:43,019 | INFO | 📄 Archivos encontrados: []
2026-08-30 09:15:45,021 | INFO | 📄 Archivos encontrados: []
2026-08-30 09:15:47,022 | INFO | 📄 Archivos encontrados: []
2026-08-30 09:15:49,024 | INFO | 📄 Archivos encontrados: []
2026-08-30 09:15:51,025 | INFO | 📄 Archivos encontrados: []
2026-08-30 09:15:53,027 | INFO | 📄 Archivos encontrados: ['MDA.pdf']
2026-08-30 09:15:53,030 | INFO | ✅ PDF renombrado: C:\MDA\Reportes\Power BI\Dashboard_MDA_20260830_091553.pdf
2026-08-30 09:15:53,030 | INFO | 📎 Archivo generado: C:\MDA\Reportes\Power BI\Dashboard_MDA_20260830_091553.pdf
2026-08-30 09:15:53,031 | INFO | 📧 Entrando a Mailer
2026-08-30 09:15:53,031 | INFO | 📧 Iniciando Outlook
2026-08-30 09:15:53,045 | INFO | ✅ Outlook ya estaba abierto
2026-08-30 09:15:53,046 | INFO | ✅ Outlook listo
2026-08-30 09:15:53,064 | INFO | ✅ Namespace obtenido
2026-08-30 09:15:53,084 | INFO | ✅ Objeto Mail creado
2026-08-30 09:15:53,099 | INFO | 📨 Cuenta encontrada: exp.gsurco@dpworld.com
2026-08-30 09:15:53,128 | INFO | 📧 Para: Roberto.Moreno@dpworld.com
2026-08-30 09:15:53,128 | INFO | 📧 CC: canv.lgenaro@dpworld.com;Miguel.Curi@dpworld.com
2026-08-30 09:15:53,128 | INFO | 📧 BCC: Jose.biminchumo@viaexperis.pe;pedro.vilchez@experis.pe
2026-08-30 09:15:53,129 | INFO | 📎 Adjuntando archivo: C:\MDA\Reportes\Power BI\Dashboard_MDA_20260830_091553.pdf
2026-08-30 09:15:53,216 | INFO | ✅ Archivo adjuntado
2026-08-30 09:15:53,482 | INFO | ✅ Correo guardado
2026-08-30 09:15:53,483 | INFO | 📤 Enviando correo...
2026-08-30 09:15:53,535 | INFO | ✅ Outlook aceptó Send() en 0.05 segundos
2026-08-30 09:15:53,535 | INFO | ✅ Tiempo total: 0.50 segundos
2026-08-30 09:15:53,584 | INFO | ✅ Proceso completado
2026-08-30 09:15:55,814 | INFO | 🔒 Navegador cerrado
2026-08-30 09:15:55,815 | INFO | ⏳ Esperando siguiente corte... 09:15:55
2026-08-30 10:15:55,774 | INFO | ⏳ Esperando siguiente corte... 10:15:55
2026-08-30 11:15:55,740 | INFO | ⏳ Esperando siguiente corte... 11:15:55
2026-08-30 12:15:55,712 | INFO | ⏳ Esperando siguiente corte... 12:15:55
2026-08-30 13:15:55,687 | INFO | ⏳ Esperando siguiente corte... 13:15:55
2026-08-30 14:15:55,664 | INFO | ⏳ Esperando siguiente corte... 14:15:55
2026-08-30 15:15:55,480 | INFO | ⏳ Esperando siguiente corte... 15:15:55
2026-08-30 16:15:55,314 | INFO | ⏰ Hora programada alcanzada
2026-08-30 16:15:55,314 | INFO | 🚀 Iniciando proceso
2026-08-30 16:16:01,886 | INFO | 🌐 Abriendo reporte Power BI
2026-08-30 16:16:12,203 | INFO | URL actual: https://app.powerbi.com/groups/214d3eb4-a116-4ebf-a233-a9ff58f47ba0/reports/b6b06332-c9a4-4f82-b7c4-fa7252838ffd/1d3763661cd912f949b5?experience=power-bi
2026-08-30 16:17:12,225 | INFO | Título página: Carátula - MDA - Power BI
2026-08-30 16:17:12,225 | INFO | 📤 Abriendo menú Exportar
2026-08-30 16:17:14,543 | INFO | ✅ Menú Exportar abierto
2026-08-30 16:17:19,544 | INFO | 📄 Seleccionando PDF
2026-08-30 16:17:19,603 | INFO | ✅ Opción PDF seleccionada
2026-08-30 16:17:19,604 | INFO | 📋 Esperando ventana de confirmación
2026-08-30 16:17:20,022 | INFO | ✅ Confirmación PDF enviada
2026-08-30 16:17:30,023 | INFO | 📂 Ruta configurada: C:\MDA\Reportes\Power BI
2026-08-30 16:17:30,024 | INFO | 📄 Archivos encontrados: []
2026-08-30 16:17:32,026 | INFO | 📄 Archivos encontrados: []
2026-08-30 16:17:34,028 | INFO | 📄 Archivos encontrados: []
2026-08-30 16:17:36,030 | INFO | 📄 Archivos encontrados: []
2026-08-30 16:17:38,031 | INFO | 📄 Archivos encontrados: []
2026-08-30 16:17:40,032 | INFO | 📄 Archivos encontrados: []
2026-08-30 16:17:42,034 | INFO | 📄 Archivos encontrados: []
2026-08-30 16:17:44,036 | INFO | 📄 Archivos encontrados: []
2026-08-30 16:17:46,038 | INFO | 📄 Archivos encontrados: []
2026-08-30 16:17:48,040 | INFO | 📄 Archivos encontrados: []
2026-08-30 16:17:50,041 | INFO | 📄 Archivos encontrados: []
2026-08-30 16:17:52,043 | INFO | 📄 Archivos encontrados: []
2026-08-30 16:17:54,045 | INFO | 📄 Archivos encontrados: []
2026-08-30 16:17:56,047 | INFO | 📄 Archivos encontrados: []
2026-08-30 16:17:58,049 | INFO | 📄 Archivos encontrados: []
2026-08-30 16:18:00,050 | INFO | 📄 Archivos encontrados: []
2026-08-30 16:18:02,052 | INFO | 📄 Archivos encontrados: []
2026-08-30 16:18:04,054 | INFO | 📄 Archivos encontrados: []
2026-08-30 16:18:06,055 | INFO | 📄 Archivos encontrados: []
2026-08-30 16:18:08,057 | INFO | 📄 Archivos encontrados: []
2026-08-30 16:18:10,059 | INFO | 📄 Archivos encontrados: []
2026-08-30 16:18:12,060 | INFO | 📄 Archivos encontrados: []
2026-08-30 16:18:14,062 | INFO | 📄 Archivos encontrados: []
2026-08-30 16:18:16,064 | INFO | 📄 Archivos encontrados: ['MDA.pdf']
2026-08-30 16:18:16,067 | INFO | ✅ PDF renombrado: C:\MDA\Reportes\Power BI\Dashboard_MDA_20260830_161816.pdf
2026-08-30 16:18:16,068 | INFO | 📎 Archivo generado: C:\MDA\Reportes\Power BI\Dashboard_MDA_20260830_161816.pdf
2026-08-30 16:18:16,068 | INFO | 📧 Entrando a Mailer
2026-08-30 16:18:16,068 | INFO | 📧 Iniciando Outlook
2026-08-30 16:18:16,085 | INFO | ✅ Outlook ya estaba abierto
2026-08-30 16:18:16,085 | INFO | ✅ Outlook listo
2026-08-30 16:18:16,095 | INFO | ✅ Namespace obtenido
2026-08-30 16:18:16,104 | INFO | ✅ Objeto Mail creado
2026-08-30 16:18:16,113 | INFO | 📨 Cuenta encontrada: exp.gsurco@dpworld.com
2026-08-30 16:18:16,124 | INFO | 📧 Para: Roberto.Moreno@dpworld.com
2026-08-30 16:18:16,124 | INFO | 📧 CC: canv.lgenaro@dpworld.com;Miguel.Curi@dpworld.com
2026-08-30 16:18:16,124 | INFO | 📧 BCC: Jose.biminchumo@viaexperis.pe;pedro.vilchez@experis.pe
2026-08-30 16:18:16,124 | INFO | 📎 Adjuntando archivo: C:\MDA\Reportes\Power BI\Dashboard_MDA_20260830_161816.pdf
2026-08-30 16:18:16,196 | INFO | ✅ Archivo adjuntado
2026-08-30 16:18:16,423 | INFO | ✅ Correo guardado
2026-08-30 16:18:16,424 | INFO | 📤 Enviando correo...
2026-08-30 16:18:16,453 | INFO | ✅ Outlook aceptó Send() en 0.03 segundos
2026-08-30 16:18:16,453 | INFO | ✅ Tiempo total: 0.39 segundos
2026-08-30 16:18:16,488 | INFO | ✅ Proceso completado
2026-08-30 16:18:18,720 | INFO | 🔒 Navegador cerrado
2026-08-30 16:18:18,720 | INFO | ⏳ Esperando siguiente corte... 16:18:18
2026-08-30 17:18:18,608 | INFO | ⏳ Esperando siguiente corte... 17:18:18
2026-08-30 18:18:18,530 | INFO | ⏳ Esperando siguiente corte... 18:18:18
2026-08-30 19:18:18,473 | INFO | ⏳ Esperando siguiente corte... 19:18:18
2026-08-30 20:18:18,431 | INFO | ⏳ Esperando siguiente corte... 20:18:18
2026-08-30 21:18:18,396 | INFO | ⏳ Esperando siguiente corte... 21:18:18
2026-08-30 22:18:18,367 | INFO | ⏳ Esperando siguiente corte... 22:18:18
2026-08-30 23:18:18,342 | INFO | ⏳ Esperando siguiente corte... 23:18:18
2026-08-31 00:18:18,168 | INFO | ⏳ Esperando siguiente corte... 00:18:18
2026-08-31 01:18:17,998 | INFO | ⏳ Esperando siguiente corte... 01:18:17
2026-08-31 02:18:17,882 | INFO | ⏳ Esperando siguiente corte... 02:18:17
2026-08-31 03:18:17,800 | INFO | ⏳ Esperando siguiente corte... 03:18:17
2026-08-31 04:18:17,741 | INFO | ⏳ Esperando siguiente corte... 04:18:17
2026-08-31 05:18:17,696 | INFO | ⏳ Esperando siguiente corte... 05:18:17
2026-08-31 07:47:27,555 | INFO | ⏳ Esperando siguiente corte... 07:47:27
2026-08-31 08:47:27,472 | INFO | ⏳ Esperando siguiente corte... 08:47:27
2026-08-31 09:47:27,397 | INFO | ⏰ Hora programada alcanzada
2026-08-31 09:47:27,400 | INFO | 🚀 Iniciando proceso
2026-08-31 09:47:33,531 | INFO | 🌐 Abriendo reporte Power BI
2026-08-31 09:47:42,312 | INFO | URL actual: https://app.powerbi.com/groups/214d3eb4-a116-4ebf-a233-a9ff58f47ba0/reports/b6b06332-c9a4-4f82-b7c4-fa7252838ffd/1d3763661cd912f949b5?experience=power-bi
2026-08-31 09:48:42,317 | INFO | Título página: Carátula - MDA - Power BI
2026-08-31 09:48:42,317 | INFO | 📤 Abriendo menú Exportar
2026-08-31 09:48:44,381 | INFO | ✅ Menú Exportar abierto
2026-08-31 09:48:49,382 | INFO | 📄 Seleccionando PDF
2026-08-31 09:48:49,413 | INFO | ✅ Opción PDF seleccionada
2026-08-31 09:48:49,413 | INFO | 📋 Esperando ventana de confirmación
2026-08-31 09:48:49,499 | INFO | ✅ Confirmación PDF enviada
2026-08-31 09:48:59,500 | INFO | 📂 Ruta configurada: C:\MDA\Reportes\Power BI
2026-08-31 09:48:59,502 | INFO | 📄 Archivos encontrados: []
2026-08-31 09:49:01,503 | INFO | 📄 Archivos encontrados: []
2026-08-31 09:49:03,505 | INFO | 📄 Archivos encontrados: []
2026-08-31 09:49:05,507 | INFO | 📄 Archivos encontrados: []
2026-08-31 09:49:07,509 | INFO | 📄 Archivos encontrados: []
2026-08-31 09:49:09,511 | INFO | 📄 Archivos encontrados: []
2026-08-31 09:49:11,513 | INFO | 📄 Archivos encontrados: []
2026-08-31 09:49:13,515 | INFO | 📄 Archivos encontrados: []
2026-08-31 09:49:15,517 | INFO | 📄 Archivos encontrados: []
2026-08-31 09:49:17,519 | INFO | 📄 Archivos encontrados: []
2026-08-31 09:49:19,520 | INFO | 📄 Archivos encontrados: []
2026-08-31 09:49:21,522 | INFO | 📄 Archivos encontrados: []
2026-08-31 09:49:23,524 | INFO | 📄 Archivos encontrados: []
2026-08-31 09:49:25,526 | INFO | 📄 Archivos encontrados: []
2026-08-31 09:49:27,528 | INFO | 📄 Archivos encontrados: []
2026-08-31 09:49:29,529 | INFO | 📄 Archivos encontrados: []
2026-08-31 09:49:31,532 | INFO | 📄 Archivos encontrados: []
2026-08-31 09:49:33,533 | INFO | 📄 Archivos encontrados: []
2026-08-31 09:49:35,535 | INFO | 📄 Archivos encontrados: []
2026-08-31 09:49:37,538 | INFO | 📄 Archivos encontrados: []
2026-08-31 09:49:39,540 | INFO | 📄 Archivos encontrados: []
2026-08-31 09:49:41,541 | INFO | 📄 Archivos encontrados: []
2026-08-31 09:49:43,542 | INFO | 📄 Archivos encontrados: ['MDA.pdf']
2026-08-31 09:49:43,543 | INFO | ✅ PDF renombrado: C:\MDA\Reportes\Power BI\Dashboard_MDA_20260831_094943.pdf
2026-08-31 09:49:43,544 | INFO | 📎 Archivo generado: C:\MDA\Reportes\Power BI\Dashboard_MDA_20260831_094943.pdf
2026-08-31 09:49:43,544 | INFO | 📧 Entrando a Mailer
2026-08-31 09:49:43,544 | INFO | 📧 Iniciando Outlook
2026-08-31 09:49:43,557 | INFO | ✅ Outlook ya estaba abierto
2026-08-31 09:49:43,558 | INFO | ✅ Outlook listo
2026-08-31 09:49:43,562 | INFO | ✅ Namespace obtenido
2026-08-31 09:49:43,567 | INFO | ✅ Objeto Mail creado
2026-08-31 09:49:43,572 | INFO | 📨 Cuenta encontrada: exp.gsurco@dpworld.com
2026-08-31 09:49:43,579 | INFO | 📧 Para: Roberto.Moreno@dpworld.com
2026-08-31 09:49:43,579 | INFO | 📧 CC: canv.lgenaro@dpworld.com;Miguel.Curi@dpworld.com
2026-08-31 09:49:43,579 | INFO | 📧 BCC: Jose.biminchumo@viaexperis.pe;pedro.vilchez@experis.pe
2026-08-31 09:49:43,579 | INFO | 📎 Adjuntando archivo: C:\MDA\Reportes\Power BI\Dashboard_MDA_20260831_094943.pdf
2026-08-31 09:49:43,638 | INFO | ✅ Archivo adjuntado
2026-08-31 09:49:43,803 | INFO | ✅ Correo guardado
2026-08-31 09:49:43,804 | INFO | 📤 Enviando correo...
2026-08-31 09:49:43,847 | INFO | ✅ Outlook aceptó Send() en 0.04 segundos
2026-08-31 09:49:43,847 | INFO | ✅ Tiempo total: 0.30 segundos
2026-08-31 09:49:43,870 | INFO | ✅ Proceso completado
2026-08-31 09:49:46,109 | INFO | 🔒 Navegador cerrado
2026-08-31 09:49:46,110 | INFO | ⏳ Esperando siguiente corte... 09:49:46
2026-08-31 10:49:46,049 | INFO | ⏳ Esperando siguiente corte... 10:49:46
2026-08-31 11:49:45,980 | INFO | ⏳ Esperando siguiente corte... 11:49:45
2026-08-31 12:49:45,904 | INFO | ⏳ Esperando siguiente corte... 12:49:45
2026-08-31 13:49:45,877 | INFO | ⏳ Esperando siguiente corte... 13:49:45
2026-08-31 14:49:45,771 | INFO | ⏳ Esperando siguiente corte... 14:49:45
2026-08-31 15:49:45,698 | INFO | ⏳ Esperando siguiente corte... 15:49:45
2026-08-31 16:49:45,634 | INFO | ⏰ Hora programada alcanzada
2026-08-31 16:49:45,636 | INFO | 🚀 Iniciando proceso
2026-08-31 16:49:57,583 | ERROR | ❌ Error: Message: session not created: Chrome instance exited. Examine ChromeDriver verbose log to determine the cause.; For documentation on this error, please visit: https://www.selenium.dev/documentation/webdriver/troubleshooting/errors#sessionnotcreatedexception
Stacktrace:
	chromedriver!GetHandleVerifier [0x7ff62f97abb5+151b5]
	chromedriver!GetHandleVerifier [0x7ff62f97ac10+15210]
	chromedriver!(No symbol) [0x7ff62f4a5d6d]
	chromedriver!(No symbol) [0x7ff62f4e8788]
	chromedriver!(No symbol) [0x7ff62f4e3e4f]
	chromedriver!(No symbol) [0x7ff62f537e81]
	chromedriver!(No symbol) [0x7ff62f5376e6]
	chromedriver!(No symbol) [0x7ff62f4f37cc]
	chromedriver!(No symbol) [0x7ff62f4f46f3]
	chromedriver!GetHandleVerifier [0x7ff62ff9b79b+635d9b]
	chromedriver!GetHandleVerifier [0x7ff62ff95ac6+6300c6]
	chromedriver!GetHandleVerifier [0x7ff62ffbbcee+6562ee]
	chromedriver!GetHandleVerifier [0x7ff62f998ffe+335fe]
	chromedriver!GetHandleVerifier [0x7ff62f9a147c+3ba7c]
	chromedriver!GetHandleVerifier [0x7ff62f984d64+1f364]
	chromedriver!GetHandleVerifier [0x7ff62f984ef4+1f4f4]
	chromedriver!GetHandleVerifier [0x7ff62f967d97+2397]
	KERNEL32!BaseThreadInitThunk [0x7ffdba01e957+17]
	ntdll!RtlUserThreadStart [0x7ffdbae0ad6c+2c]

2026-08-31 16:49:57,698 | ERROR | Traceback (most recent call last):
  File "c:\Automatizaciones\MDA\SEND_REPORTS\main.py", line 22, in main
    powerbi = PowerBI()
  File "c:\Automatizaciones\MDA\SEND_REPORTS\src\powerbi.py", line 74, in __init__
    self.driver = webdriver.Chrome(
                  ~~~~~~~~~~~~~~~~^
        service=Service(
        ^^^^^^^^^^^^^^^^
    ...<2 lines>...
        options=options
        ^^^^^^^^^^^^^^^
    )
    ^
  File "C:\Users\expgsurco\AppData\Local\Python\pythoncore-3.14-64\Lib\site-packages\selenium\webdriver\chrome\webdriver.py", line 45, in __init__
    super().__init__(
    ~~~~~~~~~~~~~~~~^
        browser_name=DesiredCapabilities.CHROME["browserName"],
        ^^^^^^^^^^^^^^^^^^^^^^^^^^^^^^^^^^^^^^^^^^^^^^^^^^^^^^^
    ...<3 lines>...
        keep_alive=keep_alive,
        ^^^^^^^^^^^^^^^^^^^^^^
    )
    ^
  File "C:\Users\expgsurco\AppData\Local\Python\pythoncore-3.14-64\Lib\site-packages\selenium\webdriver\chromium\webdriver.py", line 66, in __init__
    super().__init__(command_executor=executor, options=self.options)
    ~~~~~~~~~~~~~~~~^^^^^^^^^^^^^^^^^^^^^^^^^^^^^^^^^^^^^^^^^^^^^^^^^
  File "C:\Users\expgsurco\AppData\Local\Python\pythoncore-3.14-64\Lib\site-packages\selenium\webdriver\common\webdriver.py", line 25, in __init__
    super().__init__(*args, **kwargs)
    ~~~~~~~~~~~~~~~~^^^^^^^^^^^^^^^^^
  File "C:\Users\expgsurco\AppData\Local\Python\pythoncore-3.14-64\Lib\site-packages\selenium\webdriver\remote\webdriver.py", line 300, in __init__
    self.start_session(capabilities)
    ~~~~~~~~~~~~~~~~~~^^^^^^^^^^^^^^
  File "C:\Users\expgsurco\AppData\Local\Python\pythoncore-3.14-64\Lib\site-packages\selenium\webdriver\remote\webdriver.py", line 399, in start_session
    response = self.execute(Command.NEW_SESSION, caps)["value"]
               ~~~~~~~~~~~~^^^^^^^^^^^^^^^^^^^^^^^^^^^
  File "C:\Users\expgsurco\AppData\Local\Python\pythoncore-3.14-64\Lib\site-packages\selenium\webdriver\remote\webdriver.py", line 504, in execute
    self.error_handler.check_response(response)
    ~~~~~~~~~~~~~~~~~~~~~~~~~~~~~~~~~^^^^^^^^^^
  File "C:\Users\expgsurco\AppData\Local\Python\pythoncore-3.14-64\Lib\site-packages\selenium\webdriver\remote\errorhandler.py", line 232, in check_response
    raise exception_class(message, screen, stacktrace)
selenium.common.exceptions.SessionNotCreatedException: Message: session not created: Chrome instance exited. Examine ChromeDriver verbose log to determine the cause.; For documentation on this error, please visit: https://www.selenium.dev/documentation/webdriver/troubleshooting/errors#sessionnotcreatedexception
Stacktrace:
	chromedriver!GetHandleVerifier [0x7ff62f97abb5+151b5]
	chromedriver!GetHandleVerifier [0x7ff62f97ac10+15210]
	chromedriver!(No symbol) [0x7ff62f4a5d6d]
	chromedriver!(No symbol) [0x7ff62f4e8788]
	chromedriver!(No symbol) [0x7ff62f4e3e4f]
	chromedriver!(No symbol) [0x7ff62f537e81]
	chromedriver!(No symbol) [0x7ff62f5376e6]
	chromedriver!(No symbol) [0x7ff62f4f37cc]
	chromedriver!(No symbol) [0x7ff62f4f46f3]
	chromedriver!GetHandleVerifier [0x7ff62ff9b79b+635d9b]
	chromedriver!GetHandleVerifier [0x7ff62ff95ac6+6300c6]
	chromedriver!GetHandleVerifier [0x7ff62ffbbcee+6562ee]
	chromedriver!GetHandleVerifier [0x7ff62f998ffe+335fe]
	chromedriver!GetHandleVerifier [0x7ff62f9a147c+3ba7c]
	chromedriver!GetHandleVerifier [0x7ff62f984d64+1f364]
	chromedriver!GetHandleVerifier [0x7ff62f984ef4+1f4f4]
	chromedriver!GetHandleVerifier [0x7ff62f967d97+2397]
	KERNEL32!BaseThreadInitThunk [0x7ffdba01e957+17]
	ntdll!RtlUserThreadStart [0x7ffdbae0ad6c+2c]


2026-08-31 16:49:57,699 | INFO | ⏳ Esperando siguiente corte... 16:49:57
2026-08-31 17:49:57,624 | INFO | ⏳ Esperando siguiente corte... 17:49:57
2026-08-31 18:49:57,542 | INFO | ⏳ Esperando siguiente corte... 18:49:57
2026-08-31 19:49:57,458 | INFO | ⏳ Esperando siguiente corte... 19:49:57
2026-08-31 20:49:57,403 | INFO | ⏳ Esperando siguiente corte... 20:49:57
2026-08-31 21:49:57,373 | INFO | ⏳ Esperando siguiente corte... 21:49:57
2026-08-31 22:49:57,234 | INFO | ⏳ Esperando siguiente corte... 22:49:57
2026-08-31 23:49:57,208 | INFO | ⏳ Esperando siguiente corte... 23:49:57
2026-09-01 00:49:57,070 | INFO | ⏳ Esperando siguiente corte... 00:49:57
2026-09-01 01:49:57,025 | INFO | ⏳ Esperando siguiente corte... 01:49:57
2026-09-01 02:49:56,942 | INFO | ⏳ Esperando siguiente corte... 02:49:56
2026-09-01 03:49:56,871 | INFO | ⏳ Esperando siguiente corte... 03:49:56
2026-09-01 04:49:56,804 | INFO | ⏳ Esperando siguiente corte... 04:49:56
2026-09-01 05:49:56,699 | INFO | ⏳ Esperando siguiente corte... 05:49:56
2026-09-01 06:49:56,647 | INFO | ⏳ Esperando siguiente corte... 06:49:56
2026-09-01 07:49:56,536 | INFO | ⏳ Esperando siguiente corte... 07:49:56
2026-09-01 08:49:56,482 | INFO | ⏳ Esperando siguiente corte... 08:49:56
2026-09-01 09:49:56,382 | INFO | ⏰ Hora programada alcanzada
2026-09-01 09:49:56,383 | INFO | 🚀 Iniciando proceso
2026-09-01 09:50:02,499 | INFO | 🌐 Abriendo reporte Power BI
2026-09-01 09:50:22,244 | INFO | URL actual: https://app.powerbi.com/groups/214d3eb4-a116-4ebf-a233-a9ff58f47ba0/reports/b6b06332-c9a4-4f82-b7c4-fa7252838ffd/1d3763661cd912f949b5?experience=power-bi
2026-09-01 09:51:22,252 | INFO | Título página: Carátula - MDA - Power BI
2026-09-01 09:51:22,253 | INFO | 📤 Abriendo menú Exportar
2026-09-01 09:51:24,461 | INFO | ✅ Menú Exportar abierto
2026-09-01 09:51:29,462 | INFO | 📄 Seleccionando PDF
2026-09-01 09:51:29,541 | INFO | ✅ Opción PDF seleccionada
2026-09-01 09:51:29,541 | INFO | 📋 Esperando ventana de confirmación
2026-09-01 09:51:30,146 | INFO | ✅ Confirmación PDF enviada
2026-09-01 09:51:40,147 | INFO | 📂 Ruta configurada: C:\MDA\Reportes\Power BI
2026-09-01 09:51:40,150 | INFO | 📄 Archivos encontrados: []
2026-09-01 09:51:42,152 | INFO | 📄 Archivos encontrados: []
2026-09-01 09:51:44,154 | INFO | 📄 Archivos encontrados: []
2026-09-01 09:51:46,156 | INFO | 📄 Archivos encontrados: []
2026-09-01 09:51:48,157 | INFO | 📄 Archivos encontrados: []
2026-09-01 09:51:50,159 | INFO | 📄 Archivos encontrados: []
2026-09-01 09:51:52,160 | INFO | 📄 Archivos encontrados: []
2026-09-01 09:51:54,161 | INFO | 📄 Archivos encontrados: []
2026-09-01 09:51:56,162 | INFO | 📄 Archivos encontrados: []
2026-09-01 09:51:58,163 | INFO | 📄 Archivos encontrados: []
2026-09-01 09:52:00,165 | INFO | 📄 Archivos encontrados: []
2026-09-01 09:52:02,168 | INFO | 📄 Archivos encontrados: []
2026-09-01 09:52:04,169 | INFO | 📄 Archivos encontrados: []
2026-09-01 09:52:06,171 | INFO | 📄 Archivos encontrados: []
2026-09-01 09:52:08,173 | INFO | 📄 Archivos encontrados: []
2026-09-01 09:52:10,175 | INFO | 📄 Archivos encontrados: []
2026-09-01 09:52:12,178 | INFO | 📄 Archivos encontrados: []
2026-09-01 09:52:14,180 | INFO | 📄 Archivos encontrados: []
2026-09-01 09:52:16,182 | INFO | 📄 Archivos encontrados: []
2026-09-01 09:52:18,184 | INFO | 📄 Archivos encontrados: []
2026-09-01 09:52:20,185 | INFO | 📄 Archivos encontrados: []
2026-09-01 09:52:22,187 | INFO | 📄 Archivos encontrados: []
2026-09-01 09:52:24,188 | INFO | 📄 Archivos encontrados: []
2026-09-01 09:52:26,190 | INFO | 📄 Archivos encontrados: []
2026-09-01 09:52:28,192 | INFO | 📄 Archivos encontrados: []
2026-09-01 09:52:30,193 | INFO | 📄 Archivos encontrados: []
2026-09-01 09:52:32,195 | INFO | 📄 Archivos encontrados: ['MDA.pdf']
2026-09-01 09:52:32,199 | INFO | ✅ PDF renombrado: C:\MDA\Reportes\Power BI\Dashboard_MDA_20260901_095232.pdf
2026-09-01 09:52:32,199 | INFO | 📎 Archivo generado: C:\MDA\Reportes\Power BI\Dashboard_MDA_20260901_095232.pdf
2026-09-01 09:52:32,199 | INFO | 📧 Entrando a Mailer
2026-09-01 09:52:32,200 | INFO | 📧 Iniciando Outlook
2026-09-01 09:52:32,231 | INFO | ✅ Outlook ya estaba abierto
2026-09-01 09:52:32,232 | INFO | ✅ Outlook listo
2026-09-01 09:52:32,246 | INFO | ✅ Namespace obtenido
2026-09-01 09:52:32,266 | INFO | ✅ Objeto Mail creado
2026-09-01 09:52:32,301 | INFO | 📨 Cuenta encontrada: exp.gsurco@dpworld.com
2026-09-01 09:52:32,330 | INFO | 📧 Para: Roberto.Moreno@dpworld.com
2026-09-01 09:52:32,330 | INFO | 📧 CC: canv.lgenaro@dpworld.com;Miguel.Curi@dpworld.com
2026-09-01 09:52:32,331 | INFO | 📧 BCC: Jose.biminchumo@viaexperis.pe;pedro.vilchez@experis.pe
2026-09-01 09:52:32,331 | INFO | 📎 Adjuntando archivo: C:\MDA\Reportes\Power BI\Dashboard_MDA_20260901_095232.pdf
2026-09-01 09:52:32,405 | INFO | ✅ Archivo adjuntado
2026-09-01 09:52:32,593 | INFO | ✅ Correo guardado
2026-09-01 09:52:32,593 | INFO | 📤 Enviando correo...
2026-09-01 09:52:32,630 | INFO | ✅ Outlook aceptó Send() en 0.04 segundos
2026-09-01 09:52:32,630 | INFO | ✅ Tiempo total: 0.43 segundos
2026-09-01 09:52:32,662 | INFO | ✅ Proceso completado
2026-09-01 09:52:34,905 | INFO | 🔒 Navegador cerrado
2026-09-01 09:52:34,906 | INFO | ⏳ Esperando siguiente corte... 09:52:34
2026-09-01 10:52:34,838 | INFO | ⏳ Esperando siguiente corte... 10:52:34
2026-09-01 11:52:34,804 | INFO | ⏳ Esperando siguiente corte... 11:52:34
2026-09-01 12:52:34,787 | INFO | ⏳ Esperando siguiente corte... 12:52:34
2026-09-01 13:52:34,730 | INFO | ⏳ Esperando siguiente corte... 13:52:34
2026-09-01 14:52:34,554 | INFO | ⏳ Esperando siguiente corte... 14:52:34
2026-09-01 15:52:34,474 | INFO | ⏳ Esperando siguiente corte... 15:52:34
2026-09-01 16:52:34,435 | INFO | ⏰ Hora programada alcanzada
2026-09-01 16:52:34,437 | INFO | 🚀 Iniciando proceso
2026-09-01 16:52:46,909 | ERROR | ❌ Error: Message: session not created: Chrome instance exited. Examine ChromeDriver verbose log to determine the cause.; For documentation on this error, please visit: https://www.selenium.dev/documentation/webdriver/troubleshooting/errors#sessionnotcreatedexception
Stacktrace:
	chromedriver!GetHandleVerifier [0x7ff7b0f4abb5+151b5]
	chromedriver!GetHandleVerifier [0x7ff7b0f4ac10+15210]
	chromedriver!(No symbol) [0x7ff7b0a75d6d]
	chromedriver!(No symbol) [0x7ff7b0ab8788]
	chromedriver!(No symbol) [0x7ff7b0ab3e4f]
	chromedriver!(No symbol) [0x7ff7b0b07e81]
	chromedriver!(No symbol) [0x7ff7b0b076e6]
	chromedriver!(No symbol) [0x7ff7b0ac37cc]
	chromedriver!(No symbol) [0x7ff7b0ac46f3]
	chromedriver!GetHandleVerifier [0x7ff7b156b79b+635d9b]
	chromedriver!GetHandleVerifier [0x7ff7b1565ac6+6300c6]
	chromedriver!GetHandleVerifier [0x7ff7b158bcee+6562ee]
	chromedriver!GetHandleVerifier [0x7ff7b0f68ffe+335fe]
	chromedriver!GetHandleVerifier [0x7ff7b0f7147c+3ba7c]
	chromedriver!GetHandleVerifier [0x7ff7b0f54d64+1f364]
	chromedriver!GetHandleVerifier [0x7ff7b0f54ef4+1f4f4]
	chromedriver!GetHandleVerifier [0x7ff7b0f37d97+2397]
	KERNEL32!BaseThreadInitThunk [0x7ffdba01e957+17]
	ntdll!RtlUserThreadStart [0x7ffdbae0ad6c+2c]

2026-09-01 16:52:46,916 | ERROR | Traceback (most recent call last):
  File "c:\Automatizaciones\MDA\SEND_REPORTS\main.py", line 22, in main
    powerbi = PowerBI()
  File "c:\Automatizaciones\MDA\SEND_REPORTS\src\powerbi.py", line 74, in __init__
    self.driver = webdriver.Chrome(
                  ~~~~~~~~~~~~~~~~^
        service=Service(
        ^^^^^^^^^^^^^^^^
    ...<2 lines>...
        options=options
        ^^^^^^^^^^^^^^^
    )
    ^
  File "C:\Users\expgsurco\AppData\Local\Python\pythoncore-3.14-64\Lib\site-packages\selenium\webdriver\chrome\webdriver.py", line 45, in __init__
    super().__init__(
    ~~~~~~~~~~~~~~~~^
        browser_name=DesiredCapabilities.CHROME["browserName"],
        ^^^^^^^^^^^^^^^^^^^^^^^^^^^^^^^^^^^^^^^^^^^^^^^^^^^^^^^
    ...<3 lines>...
        keep_alive=keep_alive,
        ^^^^^^^^^^^^^^^^^^^^^^
    )
    ^
  File "C:\Users\expgsurco\AppData\Local\Python\pythoncore-3.14-64\Lib\site-packages\selenium\webdriver\chromium\webdriver.py", line 66, in __init__
    super().__init__(command_executor=executor, options=self.options)
    ~~~~~~~~~~~~~~~~^^^^^^^^^^^^^^^^^^^^^^^^^^^^^^^^^^^^^^^^^^^^^^^^^
  File "C:\Users\expgsurco\AppData\Local\Python\pythoncore-3.14-64\Lib\site-packages\selenium\webdriver\common\webdriver.py", line 25, in __init__
    super().__init__(*args, **kwargs)
    ~~~~~~~~~~~~~~~~^^^^^^^^^^^^^^^^^
  File "C:\Users\expgsurco\AppData\Local\Python\pythoncore-3.14-64\Lib\site-packages\selenium\webdriver\remote\webdriver.py", line 300, in __init__
    self.start_session(capabilities)
    ~~~~~~~~~~~~~~~~~~^^^^^^^^^^^^^^
  File "C:\Users\expgsurco\AppData\Local\Python\pythoncore-3.14-64\Lib\site-packages\selenium\webdriver\remote\webdriver.py", line 399, in start_session
    response = self.execute(Command.NEW_SESSION, caps)["value"]
               ~~~~~~~~~~~~^^^^^^^^^^^^^^^^^^^^^^^^^^^
  File "C:\Users\expgsurco\AppData\Local\Python\pythoncore-3.14-64\Lib\site-packages\selenium\webdriver\remote\webdriver.py", line 504, in execute
    self.error_handler.check_response(response)
    ~~~~~~~~~~~~~~~~~~~~~~~~~~~~~~~~~^^^^^^^^^^
  File "C:\Users\expgsurco\AppData\Local\Python\pythoncore-3.14-64\Lib\site-packages\selenium\webdriver\remote\errorhandler.py", line 232, in check_response
    raise exception_class(message, screen, stacktrace)
selenium.common.exceptions.SessionNotCreatedException: Message: session not created: Chrome instance exited. Examine ChromeDriver verbose log to determine the cause.; For documentation on this error, please visit: https://www.selenium.dev/documentation/webdriver/troubleshooting/errors#sessionnotcreatedexception
Stacktrace:
	chromedriver!GetHandleVerifier [0x7ff7b0f4abb5+151b5]
	chromedriver!GetHandleVerifier [0x7ff7b0f4ac10+15210]
	chromedriver!(No symbol) [0x7ff7b0a75d6d]
	chromedriver!(No symbol) [0x7ff7b0ab8788]
	chromedriver!(No symbol) [0x7ff7b0ab3e4f]
	chromedriver!(No symbol) [0x7ff7b0b07e81]
	chromedriver!(No symbol) [0x7ff7b0b076e6]
	chromedriver!(No symbol) [0x7ff7b0ac37cc]
	chromedriver!(No symbol) [0x7ff7b0ac46f3]
	chromedriver!GetHandleVerifier [0x7ff7b156b79b+635d9b]
	chromedriver!GetHandleVerifier [0x7ff7b1565ac6+6300c6]
	chromedriver!GetHandleVerifier [0x7ff7b158bcee+6562ee]
	chromedriver!GetHandleVerifier [0x7ff7b0f68ffe+335fe]
	chromedriver!GetHandleVerifier [0x7ff7b0f7147c+3ba7c]
	chromedriver!GetHandleVerifier [0x7ff7b0f54d64+1f364]
	chromedriver!GetHandleVerifier [0x7ff7b0f54ef4+1f4f4]
	chromedriver!GetHandleVerifier [0x7ff7b0f37d97+2397]
	KERNEL32!BaseThreadInitThunk [0x7ffdba01e957+17]
	ntdll!RtlUserThreadStart [0x7ffdbae0ad6c+2c]


2026-09-01 16:52:46,917 | INFO | ⏳ Esperando siguiente corte... 16:52:46
2026-09-01 17:03:56,806 | INFO | REPORT_PATH cargado: [C:\MDA\Reportes\Power BI]
2026-09-01 17:03:56,962 | INFO | ✅ Scheduler iniciado
2026-09-01 17:03:56,963 | INFO | ⏳ Esperando siguiente corte... 17:03:56
2026-09-01 17:04:12,314 | INFO | REPORT_PATH cargado: [C:\MDA\Reportes\Power BI]
2026-09-01 17:04:12,339 | INFO | ✅ Scheduler iniciado
2026-09-01 17:04:12,340 | INFO | ⏳ Esperando siguiente corte... 17:04:12
2026-09-01 17:09:10,625 | INFO | REPORT_PATH cargado: [C:\MDA\Reportes\Power BI]
2026-09-01 17:09:10,647 | INFO | ✅ Scheduler iniciado
2026-09-01 17:09:10,647 | INFO | ⏳ Esperando siguiente corte... 17:09:10
2026-09-01 17:09:17,654 | INFO | REPORT_PATH cargado: [C:\MDA\Reportes\Power BI]
2026-09-01 17:09:17,676 | INFO | ✅ Scheduler iniciado
2026-09-01 17:09:17,676 | INFO | ⏳ Esperando siguiente corte... 17:09:17
2026-09-01 18:09:17,652 | INFO | ⏳ Esperando siguiente corte... 18:09:17
2026-09-01 19:09:17,480 | INFO | ⏳ Esperando siguiente corte... 19:09:17
2026-09-01 20:09:17,389 | INFO | ⏳ Esperando siguiente corte... 20:09:17
2026-09-01 21:09:17,343 | INFO | ⏳ Esperando siguiente corte... 21:09:17
2026-09-01 22:09:17,314 | INFO | ⏳ Esperando siguiente corte... 22:09:17
2026-09-01 23:09:17,239 | INFO | ⏳ Esperando siguiente corte... 23:09:17
2026-09-02 00:09:17,126 | INFO | ⏳ Esperando siguiente corte... 00:09:17
2026-09-02 01:09:17,050 | INFO | ⏳ Esperando siguiente corte... 01:09:17
2026-09-02 02:09:16,995 | INFO | ⏳ Esperando siguiente corte... 02:09:16
2026-09-02 03:09:16,954 | INFO | ⏳ Esperando siguiente corte... 03:09:16
2026-09-02 04:09:16,835 | INFO | ⏳ Esperando siguiente corte... 04:09:16
2026-09-02 05:09:16,734 | INFO | ⏳ Esperando siguiente corte... 05:09:16
2026-09-02 06:09:16,662 | INFO | ⏳ Esperando siguiente corte... 06:09:16
2026-09-02 07:09:16,610 | INFO | ⏳ Esperando siguiente corte... 07:09:16
2026-09-02 08:09:16,541 | INFO | ⏳ Esperando siguiente corte... 08:09:16
2026-09-02 09:09:16,410 | INFO | ⏰ Hora programada alcanzada
2026-09-02 09:09:16,410 | INFO | 🚀 Iniciando proceso
2026-09-02 09:09:22,705 | INFO | 🌐 Abriendo reporte Power BI
2026-09-02 09:09:40,331 | INFO | URL actual: https://app.powerbi.com/groups/214d3eb4-a116-4ebf-a233-a9ff58f47ba0/reports/b6b06332-c9a4-4f82-b7c4-fa7252838ffd/1d3763661cd912f949b5?experience=power-bi
2026-09-02 09:10:40,365 | INFO | Título página: Carátula - MDA - Power BI
2026-09-02 09:10:40,366 | INFO | 📤 Abriendo menú Exportar
2026-09-02 09:10:42,671 | INFO | ✅ Menú Exportar abierto
2026-09-02 09:10:47,672 | INFO | 📄 Seleccionando PDF
2026-09-02 09:10:47,737 | INFO | ✅ Opción PDF seleccionada
2026-09-02 09:10:47,739 | INFO | 📋 Esperando ventana de confirmación
2026-09-02 09:10:48,335 | INFO | ✅ Confirmación PDF enviada
2026-09-02 09:10:58,335 | INFO | 📂 Ruta configurada: C:\MDA\Reportes\Power BI
2026-09-02 09:10:58,351 | INFO | 📄 Archivos encontrados: []
2026-09-02 09:11:00,356 | INFO | 📄 Archivos encontrados: []
2026-09-02 09:11:02,359 | INFO | 📄 Archivos encontrados: []
2026-09-02 09:11:04,362 | INFO | 📄 Archivos encontrados: []
2026-09-02 09:11:06,365 | INFO | 📄 Archivos encontrados: []
2026-09-02 09:11:08,368 | INFO | 📄 Archivos encontrados: []
2026-09-02 09:11:10,371 | INFO | 📄 Archivos encontrados: []
2026-09-02 09:11:12,373 | INFO | 📄 Archivos encontrados: []
2026-09-02 09:11:14,376 | INFO | 📄 Archivos encontrados: []
2026-09-02 09:11:16,379 | INFO | 📄 Archivos encontrados: []
2026-09-02 09:11:18,381 | INFO | 📄 Archivos encontrados: []
2026-09-02 09:11:20,383 | INFO | 📄 Archivos encontrados: []
2026-09-02 09:11:22,386 | INFO | 📄 Archivos encontrados: []
2026-09-02 09:11:24,387 | INFO | 📄 Archivos encontrados: []
2026-09-02 09:11:26,390 | INFO | 📄 Archivos encontrados: []
2026-09-02 09:11:28,392 | INFO | 📄 Archivos encontrados: []
2026-09-02 09:11:30,395 | INFO | 📄 Archivos encontrados: []
2026-09-02 09:11:32,397 | INFO | 📄 Archivos encontrados: []
2026-09-02 09:11:34,405 | INFO | 📄 Archivos encontrados: []
2026-09-02 09:11:36,407 | INFO | 📄 Archivos encontrados: []
2026-09-02 09:11:38,409 | INFO | 📄 Archivos encontrados: []
2026-09-02 09:11:40,411 | INFO | 📄 Archivos encontrados: []
2026-09-02 09:11:42,413 | INFO | 📄 Archivos encontrados: []
2026-09-02 09:11:44,415 | INFO | 📄 Archivos encontrados: []
2026-09-02 09:11:46,417 | INFO | 📄 Archivos encontrados: []
2026-09-02 09:11:48,419 | INFO | 📄 Archivos encontrados: []
2026-09-02 09:11:50,422 | INFO | 📄 Archivos encontrados: []
2026-09-02 09:11:52,424 | INFO | 📄 Archivos encontrados: []
2026-09-02 09:11:54,427 | INFO | 📄 Archivos encontrados: []
2026-09-02 09:11:56,429 | INFO | 📄 Archivos encontrados: []
2026-09-02 09:11:58,431 | INFO | 📄 Archivos encontrados: []
2026-09-02 09:12:00,434 | INFO | 📄 Archivos encontrados: []
2026-09-02 09:12:02,437 | INFO | 📄 Archivos encontrados: []
2026-09-02 09:12:04,440 | INFO | 📄 Archivos encontrados: []
2026-09-02 09:12:06,441 | INFO | 📄 Archivos encontrados: []
2026-09-02 09:12:08,443 | INFO | 📄 Archivos encontrados: []
2026-09-02 09:12:10,446 | INFO | 📄 Archivos encontrados: []
2026-09-02 09:12:12,448 | INFO | 📄 Archivos encontrados: []
2026-09-02 09:12:14,450 | INFO | 📄 Archivos encontrados: []
2026-09-02 09:12:16,453 | INFO | 📄 Archivos encontrados: []
2026-09-02 09:12:18,454 | INFO | 📄 Archivos encontrados: []
2026-09-02 09:12:20,455 | INFO | 📄 Archivos encontrados: []
2026-09-02 09:12:22,457 | INFO | 📄 Archivos encontrados: []
2026-09-02 09:12:24,460 | INFO | 📄 Archivos encontrados: []
2026-09-02 09:12:26,463 | INFO | 📄 Archivos encontrados: ['MDA.pdf']
2026-09-02 09:12:26,466 | INFO | ✅ PDF renombrado: C:\MDA\Reportes\Power BI\Dashboard_MDA_20260902_091226.pdf
2026-09-02 09:12:26,467 | INFO | 📎 Archivo generado: C:\MDA\Reportes\Power BI\Dashboard_MDA_20260902_091226.pdf
2026-09-02 09:12:26,467 | INFO | 📧 Entrando a Mailer
2026-09-02 09:12:26,468 | INFO | 📧 Iniciando Outlook
2026-09-02 09:12:26,497 | INFO | ✅ Outlook ya estaba abierto
2026-09-02 09:12:26,498 | INFO | ✅ Outlook listo
2026-09-02 09:12:26,510 | INFO | ✅ Namespace obtenido
2026-09-02 09:12:26,524 | INFO | ✅ Objeto Mail creado
2026-09-02 09:12:26,545 | INFO | 📨 Cuenta encontrada: exp.gsurco@dpworld.com
2026-09-02 09:12:26,573 | INFO | 📧 Para: Roberto.Moreno@dpworld.com
2026-09-02 09:12:26,573 | INFO | 📧 CC: canv.lgenaro@dpworld.com;Miguel.Curi@dpworld.com
2026-09-02 09:12:26,573 | INFO | 📧 BCC: Jose.biminchumo@viaexperis.pe;pedro.vilchez@experis.pe
2026-09-02 09:12:26,574 | INFO | 📎 Adjuntando archivo: C:\MDA\Reportes\Power BI\Dashboard_MDA_20260902_091226.pdf
2026-09-02 09:12:26,786 | INFO | ✅ Archivo adjuntado
2026-09-02 09:12:27,075 | INFO | ✅ Correo guardado
2026-09-02 09:12:27,076 | INFO | 📤 Enviando correo...
2026-09-02 09:12:27,221 | INFO | ✅ Outlook aceptó Send() en 0.14 segundos
2026-09-02 09:12:27,222 | INFO | ✅ Tiempo total: 0.75 segundos
2026-09-02 09:12:27,269 | INFO | ✅ Proceso completado
2026-09-02 09:12:29,776 | INFO | 🔒 Navegador cerrado
2026-09-02 09:12:29,778 | INFO | ⏳ Esperando siguiente corte... 09:12:29
2026-09-02 10:12:29,690 | INFO | ⏳ Esperando siguiente corte... 10:12:29
2026-09-02 11:12:29,629 | INFO | ⏳ Esperando siguiente corte... 11:12:29
2026-09-02 12:12:29,583 | INFO | ⏳ Esperando siguiente corte... 12:12:29
2026-09-02 13:12:29,474 | INFO | ⏳ Esperando siguiente corte... 13:12:29
2026-09-02 14:12:29,374 | INFO | ⏳ Esperando siguiente corte... 14:12:29
2026-09-02 15:12:29,303 | INFO | ⏳ Esperando siguiente corte... 15:12:29
2026-09-02 16:27:57,632 | INFO | REPORT_PATH cargado: [C:\MDA\Reportes\Power BI]
2026-09-02 16:27:57,746 | INFO | ✅ Scheduler iniciado
2026-09-02 16:27:57,747 | INFO | ⏳ Esperando siguiente corte... 16:27:57
2026-09-02 17:27:57,456 | INFO | ⏰ Hora programada alcanzada
2026-09-02 17:27:57,466 | INFO | 🚀 Iniciando proceso
2026-09-02 17:28:03,769 | INFO | 🌐 Abriendo reporte Power BI
2026-09-02 17:28:07,059 | INFO | URL actual: https://app.powerbi.com/groups/214d3eb4-a116-4ebf-a233-a9ff58f47ba0/reports/b6b06332-c9a4-4f82-b7c4-fa7252838ffd/1d3763661cd912f949b5?experience=power-bi
2026-09-02 17:29:07,093 | INFO | Título página: Carátula - MDA - Power BI
2026-09-02 17:29:07,094 | INFO | 📤 Abriendo menú Exportar
2026-09-02 17:29:09,391 | INFO | ✅ Menú Exportar abierto
2026-09-02 17:29:14,392 | INFO | 📄 Seleccionando PDF
2026-09-02 17:29:14,459 | INFO | ✅ Opción PDF seleccionada
2026-09-02 17:29:14,459 | INFO | 📋 Esperando ventana de confirmación
2026-09-02 17:29:15,210 | INFO | ✅ Confirmación PDF enviada
2026-09-02 17:29:25,211 | INFO | 📂 Ruta configurada: C:\MDA\Reportes\Power BI
2026-09-02 17:29:25,213 | INFO | 📄 Archivos encontrados: []
2026-09-02 17:29:27,215 | INFO | 📄 Archivos encontrados: []
2026-09-02 17:29:29,217 | INFO | 📄 Archivos encontrados: []
2026-09-02 17:29:31,219 | INFO | 📄 Archivos encontrados: []
2026-09-02 17:29:33,221 | INFO | 📄 Archivos encontrados: []
2026-09-02 17:29:35,223 | INFO | 📄 Archivos encontrados: []
2026-09-02 17:29:37,224 | INFO | 📄 Archivos encontrados: []
2026-09-02 17:29:39,226 | INFO | 📄 Archivos encontrados: []
2026-09-02 17:29:41,228 | INFO | 📄 Archivos encontrados: []
2026-09-02 17:29:43,230 | INFO | 📄 Archivos encontrados: []
2026-09-02 17:29:45,232 | INFO | 📄 Archivos encontrados: []
2026-09-02 17:29:47,234 | INFO | 📄 Archivos encontrados: []
2026-09-02 17:29:49,235 | INFO | 📄 Archivos encontrados: []
2026-09-02 17:29:51,237 | INFO | 📄 Archivos encontrados: []
2026-09-02 17:29:53,239 | INFO | 📄 Archivos encontrados: []
2026-09-02 17:29:55,240 | INFO | 📄 Archivos encontrados: []
2026-09-02 17:29:57,242 | INFO | 📄 Archivos encontrados: []
2026-09-02 17:29:59,244 | INFO | 📄 Archivos encontrados: []
2026-09-02 17:30:01,245 | INFO | 📄 Archivos encontrados: []
2026-09-02 17:30:03,247 | INFO | 📄 Archivos encontrados: []
2026-09-02 17:30:05,249 | INFO | 📄 Archivos encontrados: []
2026-09-02 17:30:07,251 | INFO | 📄 Archivos encontrados: []
2026-09-02 17:30:09,253 | INFO | 📄 Archivos encontrados: []
2026-09-02 17:30:11,255 | INFO | 📄 Archivos encontrados: []
2026-09-02 17:30:13,256 | INFO | 📄 Archivos encontrados: ['MDA.pdf']
2026-09-02 17:30:13,269 | INFO | ✅ PDF renombrado: C:\MDA\Reportes\Power BI\Dashboard_MDA_20260902_173013.pdf
2026-09-02 17:30:13,269 | INFO | 📎 Archivo generado: C:\MDA\Reportes\Power BI\Dashboard_MDA_20260902_173013.pdf
2026-09-02 17:30:13,270 | INFO | 📧 Entrando a Mailer
2026-09-02 17:30:13,270 | INFO | 📧 Iniciando Outlook
2026-09-02 17:30:13,274 | INFO | 📧 Outlook no estaba abierto
2026-09-02 17:30:13,342 | INFO | ⏳ Esperando inicio de Outlook...
2026-09-02 17:30:58,577 | INFO | ✅ Outlook iniciado automáticamente
2026-09-02 17:30:58,578 | INFO | ✅ Outlook listo
2026-09-02 17:30:58,581 | INFO | ✅ Namespace obtenido
2026-09-02 17:30:58,586 | INFO | ✅ Objeto Mail creado
2026-09-02 17:30:58,602 | INFO | 📨 Cuenta encontrada: exp.gsurco@dpworld.com
2026-09-02 17:30:58,614 | INFO | 📧 Para: Roberto.Moreno@dpworld.com
2026-09-02 17:30:58,614 | INFO | 📧 CC: canv.lgenaro@dpworld.com;Miguel.Curi@dpworld.com
2026-09-02 17:30:58,614 | INFO | 📧 BCC: Jose.biminchumo@viaexperis.pe;pedro.vilchez@experis.pe
2026-09-02 17:30:58,614 | INFO | 📎 Adjuntando archivo: C:\MDA\Reportes\Power BI\Dashboard_MDA_20260902_173013.pdf
2026-09-02 17:30:58,704 | INFO | ✅ Archivo adjuntado
2026-09-02 17:30:58,751 | INFO | ✅ Correo guardado
2026-09-02 17:30:58,751 | INFO | 📤 Enviando correo...
2026-09-02 17:30:59,204 | INFO | ✅ Outlook aceptó Send() en 0.45 segundos
2026-09-02 17:30:59,204 | INFO | ✅ Tiempo total: 45.93 segundos
2026-09-02 17:30:59,211 | INFO | ✅ Proceso completado
2026-09-02 17:31:01,548 | INFO | 🔒 Navegador cerrado
2026-09-02 17:31:01,549 | INFO | ⏳ Esperando siguiente corte... 17:31:01
2026-09-02 20:40:32,139 | INFO | REPORT_PATH cargado: [C:\MDA\Reportes\Power BI]
2026-09-02 20:40:32,397 | INFO | ✅ Scheduler iniciado
2026-09-02 20:40:32,398 | INFO | ⏳ Esperando siguiente corte... 20:40:32
2026-09-02 21:43:50,516 | INFO | ⏳ Esperando siguiente corte... 21:43:50
2026-09-02 22:43:50,518 | INFO | ⏳ Esperando siguiente corte... 22:43:50
2026-09-02 23:43:50,522 | INFO | ⏳ Esperando siguiente corte... 23:43:50
2026-09-03 06:29:08,862 | INFO | REPORT_PATH cargado: [C:\MDA\Reportes\Power BI]
2026-09-03 06:29:08,893 | INFO | ✅ Scheduler iniciado
2026-09-03 06:29:08,893 | INFO | ⏳ Esperando siguiente corte... 06:29:08
2026-09-03 07:04:06,639 | INFO | REPORT_PATH cargado: [C:\MDA\Reportes\Power BI]
2026-09-03 07:04:06,920 | INFO | ✅ Scheduler iniciado
2026-09-03 07:04:06,921 | INFO | ⏳ Esperando siguiente corte... 07:04:06
2026-09-03 07:04:57,247 | INFO | REPORT_PATH cargado: [C:\MDA\Reportes\Power BI]
2026-09-03 07:04:57,270 | INFO | ✅ Scheduler iniciado
2026-09-03 07:04:57,270 | INFO | ⏳ Esperando siguiente corte... 07:04:57
2026-09-03 07:43:40,180 | INFO | REPORT_PATH cargado: [C:\MDA\Reportes\Power BI]
2026-09-03 07:43:40,202 | INFO | 🚀 Iniciando proceso
2026-09-03 07:43:46,732 | INFO | 🌐 Abriendo reporte Power BI
2026-09-03 07:43:55,538 | INFO | URL actual: https://app.powerbi.com/groups/214d3eb4-a116-4ebf-a233-a9ff58f47ba0/reports/b6b06332-c9a4-4f82-b7c4-fa7252838ffd/1d3763661cd912f949b5?experience=power-bi
2026-09-03 07:44:55,583 | INFO | Título página: Carátula - MDA - Power BI
2026-09-03 07:44:55,584 | INFO | 📤 Abriendo menú Exportar
2026-09-03 07:44:57,994 | INFO | ✅ Menú Exportar abierto
2026-09-03 07:45:02,996 | INFO | 📄 Seleccionando PDF
2026-09-03 07:45:03,102 | INFO | ✅ Opción PDF seleccionada
2026-09-03 07:45:03,102 | INFO | 📋 Esperando ventana de confirmación
2026-09-03 07:45:03,750 | INFO | ✅ Confirmación PDF enviada
2026-09-03 07:45:13,752 | INFO | 📂 Ruta configurada: C:\MDA\Reportes\Power BI
2026-09-03 07:45:13,759 | INFO | 📄 Archivos encontrados: []
2026-09-03 07:45:15,763 | INFO | 📄 Archivos encontrados: []
2026-09-03 07:45:17,766 | INFO | 📄 Archivos encontrados: []
2026-09-03 07:45:19,770 | INFO | 📄 Archivos encontrados: []
2026-09-03 07:45:21,773 | INFO | 📄 Archivos encontrados: []
2026-09-03 07:45:23,775 | INFO | 📄 Archivos encontrados: []
2026-09-03 07:45:25,777 | INFO | 📄 Archivos encontrados: []
2026-09-03 07:45:27,781 | INFO | 📄 Archivos encontrados: []
2026-09-03 07:45:29,782 | INFO | 📄 Archivos encontrados: []
2026-09-03 07:45:31,784 | INFO | 📄 Archivos encontrados: []
2026-09-03 07:45:33,788 | INFO | 📄 Archivos encontrados: []
2026-09-03 07:45:35,790 | INFO | 📄 Archivos encontrados: []
2026-09-03 07:45:37,791 | INFO | 📄 Archivos encontrados: []
2026-09-03 07:45:39,794 | INFO | 📄 Archivos encontrados: []
2026-09-03 07:45:41,799 | INFO | 📄 Archivos encontrados: []
2026-09-03 07:45:43,813 | INFO | 📄 Archivos encontrados: []
2026-09-03 07:45:45,816 | INFO | 📄 Archivos encontrados: []
2026-09-03 07:45:47,820 | INFO | 📄 Archivos encontrados: []
2026-09-03 07:45:49,822 | INFO | 📄 Archivos encontrados: []
2026-09-03 07:45:51,825 | INFO | 📄 Archivos encontrados: []
2026-09-03 07:45:53,828 | INFO | 📄 Archivos encontrados: []
2026-09-03 07:45:55,831 | INFO | 📄 Archivos encontrados: []
2026-09-03 07:45:57,836 | INFO | 📄 Archivos encontrados: []
2026-09-03 07:45:59,838 | INFO | 📄 Archivos encontrados: []
2026-09-03 07:46:01,840 | INFO | 📄 Archivos encontrados: []
2026-09-03 07:46:03,843 | INFO | 📄 Archivos encontrados: []
2026-09-03 07:46:05,847 | INFO | 📄 Archivos encontrados: []
2026-09-03 07:46:07,850 | INFO | 📄 Archivos encontrados: ['MDA.pdf']
2026-09-03 07:46:07,863 | INFO | ✅ PDF renombrado: C:\MDA\Reportes\Power BI\Dashboard_MDA_20260903_074607.pdf
2026-09-03 07:46:07,863 | INFO | 📎 Archivo generado: C:\MDA\Reportes\Power BI\Dashboard_MDA_20260903_074607.pdf
2026-09-03 07:46:07,864 | INFO | 📧 Entrando a Mailer
2026-09-03 07:46:07,865 | INFO | 📧 Iniciando Outlook
2026-09-03 07:46:07,928 | INFO | ✅ Outlook ya estaba abierto
2026-09-03 07:46:07,929 | INFO | ✅ Outlook listo
2026-09-03 07:46:07,946 | INFO | ✅ Namespace obtenido
2026-09-03 07:46:07,972 | INFO | ✅ Objeto Mail creado
2026-09-03 07:46:08,012 | INFO | 📨 Cuenta encontrada: exp.gsurco@dpworld.com
2026-09-03 07:46:08,061 | INFO | 📧 Para: Roberto.Moreno@dpworld.com
2026-09-03 07:46:08,062 | INFO | 📧 CC: canv.lgenaro@dpworld.com;Miguel.Curi@dpworld.com
2026-09-03 07:46:08,062 | INFO | 📧 BCC: Jose.biminchumo@viaexperis.pe;pedro.vilchez@experis.pe
2026-09-03 07:46:08,063 | INFO | 📎 Adjuntando archivo: C:\MDA\Reportes\Power BI\Dashboard_MDA_20260903_074607.pdf
2026-09-03 07:46:08,168 | INFO | ✅ Archivo adjuntado
2026-09-03 07:46:08,431 | INFO | ✅ Correo guardado
2026-09-03 07:46:08,432 | INFO | 📤 Enviando correo...
2026-09-03 07:46:08,706 | INFO | ✅ Outlook aceptó Send() en 0.27 segundos
2026-09-03 07:46:08,707 | INFO | ✅ Tiempo total: 0.84 segundos
2026-09-03 07:46:08,801 | INFO | ✅ Proceso completado
2026-09-03 07:46:11,118 | INFO | 🔒 Navegador cerrado
2026-09-03 07:46:23,845 | INFO | REPORT_PATH cargado: [C:\MDA\Reportes\Power BI]
2026-09-03 07:46:23,869 | INFO | ✅ Scheduler iniciado
2026-09-03 07:46:23,869 | INFO | ⏳ Esperando siguiente corte... 07:46:23
2026-09-03 08:46:23,879 | INFO | ⏳ Esperando siguiente corte... 08:46:23
2026-09-03 09:46:23,887 | INFO | ⏳ Esperando siguiente corte... 09:46:23
2026-09-03 10:46:23,892 | INFO | ⏳ Esperando siguiente corte... 10:46:23
2026-09-03 11:46:23,895 | INFO | ⏳ Esperando siguiente corte... 11:46:23
2026-09-03 12:46:23,900 | INFO | ⏳ Esperando siguiente corte... 12:46:23
2026-09-03 13:46:23,904 | INFO | ⏳ Esperando siguiente corte... 13:46:23
2026-09-03 14:46:23,906 | INFO | ⏳ Esperando siguiente corte... 14:46:23
2026-09-03 15:46:23,913 | INFO | ⏳ Esperando siguiente corte... 15:46:23
2026-09-03 16:46:23,924 | INFO | ⏰ Hora programada alcanzada
2026-09-03 16:46:23,928 | INFO | 🚀 Iniciando proceso
2026-09-03 16:46:30,741 | INFO | 🌐 Abriendo reporte Power BI
2026-09-03 16:46:47,437 | INFO | URL actual: https://app.powerbi.com/groups/214d3eb4-a116-4ebf-a233-a9ff58f47ba0/reports/b6b06332-c9a4-4f82-b7c4-fa7252838ffd/1d3763661cd912f949b5?experience=power-bi
2026-09-03 16:47:47,453 | INFO | Título página: Carátula - MDA - Power BI
2026-09-03 16:47:47,453 | INFO | 📤 Abriendo menú Exportar
2026-09-03 16:47:49,782 | INFO | ✅ Menú Exportar abierto
2026-09-03 16:47:54,783 | INFO | 📄 Seleccionando PDF
2026-09-03 16:47:54,892 | INFO | ✅ Opción PDF seleccionada
2026-09-03 16:47:54,893 | INFO | 📋 Esperando ventana de confirmación
2026-09-03 16:47:55,588 | INFO | ✅ Confirmación PDF enviada
2026-09-03 16:48:05,590 | INFO | 📂 Ruta configurada: C:\MDA\Reportes\Power BI
2026-09-03 16:48:05,593 | INFO | 📄 Archivos encontrados: []
2026-09-03 16:48:07,595 | INFO | 📄 Archivos encontrados: []
2026-09-03 16:48:09,598 | INFO | 📄 Archivos encontrados: []
2026-09-03 16:48:11,600 | INFO | 📄 Archivos encontrados: []
2026-09-03 16:48:13,602 | INFO | 📄 Archivos encontrados: []
2026-09-03 16:48:15,606 | INFO | 📄 Archivos encontrados: []
2026-09-03 16:48:17,609 | INFO | 📄 Archivos encontrados: []
2026-09-03 16:48:19,611 | INFO | 📄 Archivos encontrados: []
2026-09-03 16:48:21,615 | INFO | 📄 Archivos encontrados: []
2026-09-03 16:48:23,618 | INFO | 📄 Archivos encontrados: []
2026-09-03 16:48:25,621 | INFO | 📄 Archivos encontrados: []
2026-09-03 16:48:27,623 | INFO | 📄 Archivos encontrados: []
2026-09-03 16:48:29,626 | INFO | 📄 Archivos encontrados: []
2026-09-03 16:48:31,629 | INFO | 📄 Archivos encontrados: []
2026-09-03 16:48:33,632 | INFO | 📄 Archivos encontrados: []
2026-09-03 16:48:35,635 | INFO | 📄 Archivos encontrados: []
2026-09-03 16:48:37,637 | INFO | 📄 Archivos encontrados: []
2026-09-03 16:48:39,639 | INFO | 📄 Archivos encontrados: []
2026-09-03 16:48:41,642 | INFO | 📄 Archivos encontrados: []
2026-09-03 16:48:43,645 | INFO | 📄 Archivos encontrados: []
2026-09-03 16:48:45,648 | INFO | 📄 Archivos encontrados: []
2026-09-03 16:48:47,651 | INFO | 📄 Archivos encontrados: []
2026-09-03 16:48:49,654 | INFO | 📄 Archivos encontrados: []
2026-09-03 16:48:51,658 | INFO | 📄 Archivos encontrados: []
2026-09-03 16:48:53,661 | INFO | 📄 Archivos encontrados: ['MDA.pdf']
2026-09-03 16:48:53,670 | INFO | ✅ PDF renombrado: C:\MDA\Reportes\Power BI\Dashboard_MDA_20260903_164853.pdf
2026-09-03 16:48:53,671 | INFO | 📎 Archivo generado: C:\MDA\Reportes\Power BI\Dashboard_MDA_20260903_164853.pdf
2026-09-03 16:48:53,672 | INFO | 📧 Entrando a Mailer
2026-09-03 16:48:53,673 | INFO | 📧 Iniciando Outlook
2026-09-03 16:48:53,746 | INFO | ✅ Outlook ya estaba abierto
2026-09-03 16:48:53,747 | INFO | ✅ Outlook listo
2026-09-03 16:48:53,770 | INFO | ✅ Namespace obtenido
2026-09-03 16:48:53,801 | INFO | ✅ Objeto Mail creado
2026-09-03 16:48:53,838 | INFO | 📨 Cuenta encontrada: exp.gsurco@dpworld.com
2026-09-03 16:48:53,891 | INFO | 📧 Para: Roberto.Moreno@dpworld.com
2026-09-03 16:48:53,891 | INFO | 📧 CC: canv.lgenaro@dpworld.com;Miguel.Curi@dpworld.com
2026-09-03 16:48:53,892 | INFO | 📧 BCC: Jose.biminchumo@viaexperis.pe;pedro.vilchez@experis.pe
2026-09-03 16:48:53,892 | INFO | 📎 Adjuntando archivo: C:\MDA\Reportes\Power BI\Dashboard_MDA_20260903_164853.pdf
2026-09-03 16:48:54,149 | INFO | ✅ Archivo adjuntado
2026-09-03 16:48:54,354 | INFO | ✅ Correo guardado
2026-09-03 16:48:54,354 | INFO | 📤 Enviando correo...
2026-09-03 16:48:54,839 | INFO | ✅ Outlook aceptó Send() en 0.48 segundos
2026-09-03 16:48:54,840 | INFO | ✅ Tiempo total: 1.17 segundos
2026-09-03 16:48:54,921 | INFO | ✅ Proceso completado
2026-09-03 16:48:57,510 | INFO | 🔒 Navegador cerrado
2026-09-03 16:48:57,511 | INFO | ⏳ Esperando siguiente corte... 16:48:57
2026-09-03 17:48:57,512 | INFO | ⏳ Esperando siguiente corte... 17:48:57
2026-09-03 18:48:57,517 | INFO | ⏳ Esperando siguiente corte... 18:48:57
2026-09-03 19:48:57,521 | INFO | ⏳ Esperando siguiente corte... 19:48:57
2026-09-03 20:48:57,525 | INFO | ⏳ Esperando siguiente corte... 20:48:57
2026-09-03 21:48:57,528 | INFO | ⏳ Esperando siguiente corte... 21:48:57
2026-09-03 22:48:57,531 | INFO | ⏳ Esperando siguiente corte... 22:48:57
2026-09-03 23:48:57,533 | INFO | ⏳ Esperando siguiente corte... 23:48:57
2026-09-04 00:48:57,541 | INFO | ⏳ Esperando siguiente corte... 00:48:57
2026-09-04 01:48:57,543 | INFO | ⏳ Esperando siguiente corte... 01:48:57
2026-09-04 02:48:57,544 | INFO | ⏳ Esperando siguiente corte... 02:48:57
2026-09-04 03:48:57,548 | INFO | ⏳ Esperando siguiente corte... 03:48:57
2026-09-04 04:48:57,551 | INFO | ⏳ Esperando siguiente corte... 04:48:57
2026-09-04 05:48:57,553 | INFO | ⏳ Esperando siguiente corte... 05:48:57
2026-09-04 06:48:57,555 | INFO | ⏳ Esperando siguiente corte... 06:48:57
2026-09-04 07:48:57,567 | INFO | ⏰ Hora programada alcanzada
2026-09-04 07:48:57,571 | INFO | 🚀 Iniciando proceso
2026-09-04 07:49:04,460 | INFO | 🌐 Abriendo reporte Power BI
2026-09-04 07:49:14,728 | INFO | URL actual: https://app.powerbi.com/groups/214d3eb4-a116-4ebf-a233-a9ff58f47ba0/reports/b6b06332-c9a4-4f82-b7c4-fa7252838ffd/1d3763661cd912f949b5?experience=power-bi
2026-09-04 07:50:14,752 | INFO | Título página: Carátula - MDA - Power BI
2026-09-04 07:50:14,753 | INFO | 📤 Abriendo menú Exportar
2026-09-04 07:50:17,131 | INFO | ✅ Menú Exportar abierto
2026-09-04 07:50:22,132 | INFO | 📄 Seleccionando PDF
2026-09-04 07:50:22,232 | INFO | ✅ Opción PDF seleccionada
2026-09-04 07:50:22,233 | INFO | 📋 Esperando ventana de confirmación
2026-09-04 07:50:22,873 | INFO | ✅ Confirmación PDF enviada
2026-09-04 07:50:32,875 | INFO | 📂 Ruta configurada: C:\MDA\Reportes\Power BI
2026-09-04 07:50:32,878 | INFO | 📄 Archivos encontrados: []
2026-09-04 07:50:34,881 | INFO | 📄 Archivos encontrados: []
2026-09-04 07:50:36,883 | INFO | 📄 Archivos encontrados: []
2026-09-04 07:50:38,886 | INFO | 📄 Archivos encontrados: []
2026-09-04 07:50:40,889 | INFO | 📄 Archivos encontrados: []
2026-09-04 07:50:42,893 | INFO | 📄 Archivos encontrados: []
2026-09-04 07:50:44,896 | INFO | 📄 Archivos encontrados: []
2026-09-04 07:50:46,898 | INFO | 📄 Archivos encontrados: []
2026-09-04 07:50:48,901 | INFO | 📄 Archivos encontrados: []
2026-09-04 07:50:50,904 | INFO | 📄 Archivos encontrados: []
2026-09-04 07:50:52,911 | INFO | 📄 Archivos encontrados: []
2026-09-04 07:50:54,913 | INFO | 📄 Archivos encontrados: []
2026-09-04 07:50:56,916 | INFO | 📄 Archivos encontrados: []
2026-09-04 07:50:58,918 | INFO | 📄 Archivos encontrados: []
2026-09-04 07:51:00,924 | INFO | 📄 Archivos encontrados: []
2026-09-04 07:51:02,928 | INFO | 📄 Archivos encontrados: []
2026-09-04 07:51:04,930 | INFO | 📄 Archivos encontrados: []
2026-09-04 07:51:06,932 | INFO | 📄 Archivos encontrados: []
2026-09-04 07:51:08,934 | INFO | 📄 Archivos encontrados: []
2026-09-04 07:51:10,937 | INFO | 📄 Archivos encontrados: []
2026-09-04 07:51:12,940 | INFO | 📄 Archivos encontrados: []
2026-09-04 07:51:14,942 | INFO | 📄 Archivos encontrados: []
2026-09-04 07:51:16,944 | INFO | 📄 Archivos encontrados: []
2026-09-04 07:51:18,946 | INFO | 📄 Archivos encontrados: []
2026-09-04 07:51:20,949 | INFO | 📄 Archivos encontrados: []
2026-09-04 07:51:22,952 | INFO | 📄 Archivos encontrados: []
2026-09-04 07:51:24,955 | INFO | 📄 Archivos encontrados: ['MDA.pdf']
2026-09-04 07:51:24,964 | INFO | ✅ PDF renombrado: C:\MDA\Reportes\Power BI\Dashboard_MDA_20260904_075124.pdf
2026-09-04 07:51:24,965 | INFO | 📎 Archivo generado: C:\MDA\Reportes\Power BI\Dashboard_MDA_20260904_075124.pdf
2026-09-04 07:51:24,966 | INFO | 📧 Entrando a Mailer
2026-09-04 07:51:24,967 | INFO | 📧 Iniciando Outlook
2026-09-04 07:51:24,996 | INFO | ✅ Outlook ya estaba abierto
2026-09-04 07:51:24,996 | INFO | ✅ Outlook listo
2026-09-04 07:51:25,011 | INFO | ✅ Namespace obtenido
2026-09-04 07:51:25,071 | INFO | ✅ Objeto Mail creado
2026-09-04 07:51:25,137 | INFO | 📨 Cuenta encontrada: exp.gsurco@dpworld.com
2026-09-04 07:51:25,186 | INFO | 📧 Para: Roberto.Moreno@dpworld.com
2026-09-04 07:51:25,187 | INFO | 📧 CC: canv.lgenaro@dpworld.com;Miguel.Curi@dpworld.com
2026-09-04 07:51:25,188 | INFO | 📧 BCC: Jose.biminchumo@viaexperis.pe;pedro.vilchez@experis.pe
2026-09-04 07:51:25,189 | INFO | 📎 Adjuntando archivo: C:\MDA\Reportes\Power BI\Dashboard_MDA_20260904_075124.pdf
2026-09-04 07:51:25,441 | INFO | ✅ Archivo adjuntado
2026-09-04 07:51:25,698 | INFO | ✅ Correo guardado
2026-09-04 07:51:25,700 | INFO | 📤 Enviando correo...
2026-09-04 07:51:26,107 | INFO | ✅ Outlook aceptó Send() en 0.41 segundos
2026-09-04 07:51:26,108 | INFO | ✅ Tiempo total: 1.14 segundos
2026-09-04 07:51:26,221 | INFO | ✅ Proceso completado
2026-09-04 07:51:28,749 | INFO | 🔒 Navegador cerrado
2026-09-04 07:51:28,750 | INFO | ⏳ Esperando siguiente corte... 07:51:28
2026-09-04 08:51:28,751 | INFO | ⏳ Esperando siguiente corte... 08:51:28
2026-09-04 09:51:28,753 | INFO | ⏳ Esperando siguiente corte... 09:51:28
2026-09-04 10:51:28,757 | INFO | ⏳ Esperando siguiente corte... 10:51:28
2026-09-04 11:51:28,759 | INFO | ⏳ Esperando siguiente corte... 11:51:28
2026-09-04 12:51:28,768 | INFO | ⏳ Esperando siguiente corte... 12:51:28
2026-09-04 13:51:28,771 | INFO | ⏳ Esperando siguiente corte... 13:51:28
2026-09-04 14:51:28,774 | INFO | ⏳ Esperando siguiente corte... 14:51:28
2026-09-04 15:51:28,777 | INFO | ⏳ Esperando siguiente corte... 15:51:28
2026-09-04 16:51:28,779 | INFO | ⏰ Hora programada alcanzada
2026-09-04 16:51:28,780 | INFO | 🚀 Iniciando proceso
2026-09-04 16:51:35,367 | INFO | 🌐 Abriendo reporte Power BI
2026-09-04 16:51:48,344 | INFO | URL actual: https://app.powerbi.com/groups/214d3eb4-a116-4ebf-a233-a9ff58f47ba0/reports/b6b06332-c9a4-4f82-b7c4-fa7252838ffd/1d3763661cd912f949b5?experience=power-bi
2026-09-04 16:52:48,368 | INFO | Título página: Carátula - MDA - Power BI
2026-09-04 16:52:48,369 | INFO | 📤 Abriendo menú Exportar
2026-09-04 16:52:50,624 | INFO | ✅ Menú Exportar abierto
2026-09-04 16:52:55,627 | INFO | 📄 Seleccionando PDF
2026-09-04 16:52:55,697 | INFO | ✅ Opción PDF seleccionada
2026-09-04 16:52:55,697 | INFO | 📋 Esperando ventana de confirmación
2026-09-04 16:52:56,296 | INFO | ✅ Confirmación PDF enviada
2026-09-04 16:53:06,297 | INFO | 📂 Ruta configurada: C:\MDA\Reportes\Power BI
2026-09-04 16:53:06,300 | INFO | 📄 Archivos encontrados: []
2026-09-04 16:53:08,305 | INFO | 📄 Archivos encontrados: []
2026-09-04 16:53:10,307 | INFO | 📄 Archivos encontrados: []
2026-09-04 16:53:12,309 | INFO | 📄 Archivos encontrados: []
2026-09-04 16:53:14,313 | INFO | 📄 Archivos encontrados: []
2026-09-04 16:53:16,316 | INFO | 📄 Archivos encontrados: []
2026-09-04 16:53:18,320 | INFO | 📄 Archivos encontrados: []
2026-09-04 16:53:20,323 | INFO | 📄 Archivos encontrados: []
2026-09-04 16:53:22,324 | INFO | 📄 Archivos encontrados: []
2026-09-04 16:53:24,326 | INFO | 📄 Archivos encontrados: []
2026-09-04 16:53:26,332 | INFO | 📄 Archivos encontrados: []
2026-09-04 16:53:28,334 | INFO | 📄 Archivos encontrados: []
2026-09-04 16:53:30,337 | INFO | 📄 Archivos encontrados: []
2026-09-04 16:53:32,342 | INFO | 📄 Archivos encontrados: []
2026-09-04 16:53:34,346 | INFO | 📄 Archivos encontrados: []
2026-09-04 16:53:36,349 | INFO | 📄 Archivos encontrados: []
2026-09-04 16:53:38,352 | INFO | 📄 Archivos encontrados: []
2026-09-04 16:53:40,353 | INFO | 📄 Archivos encontrados: []
2026-09-04 16:53:42,354 | INFO | 📄 Archivos encontrados: []
2026-09-04 16:53:44,356 | INFO | 📄 Archivos encontrados: []
2026-09-04 16:53:46,358 | INFO | 📄 Archivos encontrados: []
2026-09-04 16:53:48,360 | INFO | 📄 Archivos encontrados: []
2026-09-04 16:53:50,362 | INFO | 📄 Archivos encontrados: []
2026-09-04 16:53:52,364 | INFO | 📄 Archivos encontrados: []
2026-09-04 16:53:54,367 | INFO | 📄 Archivos encontrados: ['MDA.pdf']
2026-09-04 16:53:54,385 | INFO | ✅ PDF renombrado: C:\MDA\Reportes\Power BI\Dashboard_MDA_20260904_165354.pdf
2026-09-04 16:53:54,386 | INFO | 📎 Archivo generado: C:\MDA\Reportes\Power BI\Dashboard_MDA_20260904_165354.pdf
2026-09-04 16:53:54,387 | INFO | 📧 Entrando a Mailer
2026-09-04 16:53:54,388 | INFO | 📧 Iniciando Outlook
2026-09-04 16:53:54,425 | INFO | ✅ Outlook ya estaba abierto
2026-09-04 16:53:54,426 | INFO | ✅ Outlook listo
2026-09-04 16:53:54,458 | INFO | ✅ Namespace obtenido
2026-09-04 16:53:54,502 | INFO | ✅ Objeto Mail creado
2026-09-04 16:53:54,523 | INFO | 📨 Cuenta encontrada: exp.gsurco@dpworld.com
2026-09-04 16:53:54,559 | INFO | 📧 Para: Roberto.Moreno@dpworld.com
2026-09-04 16:53:54,560 | INFO | 📧 CC: canv.lgenaro@dpworld.com;Miguel.Curi@dpworld.com
2026-09-04 16:53:54,560 | INFO | 📧 BCC: Jose.biminchumo@viaexperis.pe;pedro.vilchez@experis.pe
2026-09-04 16:53:54,561 | INFO | 📎 Adjuntando archivo: C:\MDA\Reportes\Power BI\Dashboard_MDA_20260904_165354.pdf
2026-09-04 16:53:54,824 | INFO | ✅ Archivo adjuntado
2026-09-04 16:53:55,187 | INFO | ✅ Correo guardado
2026-09-04 16:53:55,188 | INFO | 📤 Enviando correo...
2026-09-04 16:53:55,391 | INFO | ✅ Outlook aceptó Send() en 0.20 segundos
2026-09-04 16:53:55,391 | INFO | ✅ Tiempo total: 1.00 segundos
2026-09-04 16:53:55,443 | INFO | ✅ Proceso completado
2026-09-04 16:53:57,925 | INFO | 🔒 Navegador cerrado
2026-09-04 16:53:57,927 | INFO | ⏳ Esperando siguiente corte... 16:53:57
2026-09-04 17:56:34,144 | INFO | REPORT_PATH cargado: [C:\MDA\Reportes\Power BI]
2026-09-04 17:56:34,398 | INFO | ✅ Scheduler iniciado
2026-09-04 17:56:34,399 | INFO | ⏳ Esperando siguiente corte... 17:56:34
2026-09-04 18:56:34,400 | INFO | ⏳ Esperando siguiente corte... 18:56:34
2026-09-04 19:56:34,403 | INFO | ⏳ Esperando siguiente corte... 19:56:34
2026-09-04 20:56:34,405 | INFO | ⏳ Esperando siguiente corte... 20:56:34
2026-09-04 21:56:34,407 | INFO | ⏳ Esperando siguiente corte... 21:56:34
2026-09-04 22:56:34,409 | INFO | ⏳ Esperando siguiente corte... 22:56:34
2026-09-04 23:56:34,412 | INFO | ⏳ Esperando siguiente corte... 23:56:34
2026-09-05 00:56:34,413 | INFO | ⏳ Esperando siguiente corte... 00:56:34
2026-09-05 01:56:34,414 | INFO | ⏳ Esperando siguiente corte... 01:56:34
2026-09-05 02:56:34,428 | INFO | ⏳ Esperando siguiente corte... 02:56:34
2026-09-05 03:56:34,431 | INFO | ⏳ Esperando siguiente corte... 03:56:34
2026-09-05 04:56:34,435 | INFO | ⏳ Esperando siguiente corte... 04:56:34
2026-09-05 05:56:34,454 | INFO | ⏳ Esperando siguiente corte... 05:56:34
2026-09-05 06:56:34,457 | INFO | ⏳ Esperando siguiente corte... 06:56:34
2026-09-05 07:56:34,462 | INFO | ⏰ Hora programada alcanzada
2026-09-05 07:56:34,465 | INFO | 🚀 Iniciando proceso
2026-09-05 07:56:41,702 | INFO | 🌐 Abriendo reporte Power BI
2026-09-05 07:56:43,800 | INFO | URL actual: https://app.powerbi.com/signin#code=1.AXMAm2zRKyF-dEKcBnkZ92R7uw8BHIdhXrFPg6yYYQp-kRAAAJhzAA.BQABBAIAAAADAOz_BQD0_0V2b1N0c0FydGlmYWN0cwIAAAAAALnKMKBKjbfAsEUKIuK31CPegwQv5NV7JPkFjMooHjcWat1HZ7pkG0CC2qciQG7w_irHrDz_QS0_l-VdLdTG1yi0R-LVth-w6Y_zzpk-MVxYfHZM9t_E7nXotqExBUobUbD7xtr6xUXeUa-MrL58y7ZCZigbzpM5pG-J1XlCpL4CS6XnJS8fpyg8pgw3r-_VfWgW5WsZHWKpvo4DXKqJoFe0eNXitDobbOhoFiPRKVOydLkKSvJrJwTGnTErgzz11UsfOXms4eSLc47D7uGTM1wIYrKq7iX0S0yKzNG0kudsVSj5tXaJqVzVzyDaomFQwtDchVin8u9CZk52jjUX5QhX7zMrGNigjsbb01yyftCgxWBhCtAqTBFqNv6Q-P7kUggStOQFB_zipA3vT46qgXB3FUd94cfyqGaHcdj9GKZyhxxrJug7HQZ-YH0PM4hiB_nxKW_TMO3Y71uhv8fD2fGOWal_I0QiCySvuKZPUo5GoPzx4R7wQFYqiRP-zwSkAyRo1pWWpkflPhRCgbHriQKsHiHpfxKyEwiem9j1cFOSuqyh28XjpYnsi_RNPwDh7JHzYvEqj2mPXMggjsg5jUhWQbziqFD7Jij5tw5pgMtnsf78_qm4-QxJjwOFntqI5UK0Z5bcHoTqVINdSy2ekQYDUH2imlnuguqD5jAuCMA0kt3Gyw7AQS9E-D2Zt8cyw0R_Sqo2t8MRapRxpso02FQxeJIx8ZRytbKZwc1JQRQWuKt9EWfjxUtHY-ZAOqOpZgO21-qKuly-hJ15BcuD2ir5ArhcABCbFGakrjkn4kesXtTKH5UccHhhEFjVs4BSeyDlt-_j11Yhdkqsjvc-KV0ba2khJCdeezzKW0uqPgRgX1bkBG1IeyhnitiH-MYBD9yn7Is0N3a4G67SvjQSnYxIXkW0wUF9RhUKccMg-_wDWjb4i-YEJOrzuwIf4beEDlsmNBnK2Iu_uLsxHizocDqTrWs2BaiA1YginyNxZ-1M3zbC1dPsTx-Sn5cQPJmZEVavU-5IrN5T3RfkJpqrxNWMSfpbzvQvIZr2KqVbdhivwRiPBqeqpHP9OCptL4DMu0Cqgs_HBge0T3NEfI-vQL70DNi0fDgpvRkJS5TsG3RB1NtAwXUmJv81ubb4v8XinPx6yoQelS43m7uVr6XvEOHWqn2g7aMAaiQbFvO4Q2oaBq_aypLKxIYFXDx3BSw9ysOJkTb96Brlz2HmgLCDQbgEabGsNeAjWbHOzN1qhj0rRnc_J5hQA6J9RhRLST8d8AijAq7rJHANqB-NPLu6f93dsRRGteI4kHQ89DfdXGaTvMRKeMjx6dW1ig05MWiO8Ran8rqeUg&client_info=eyJ1aWQiOiJjNzYyYmRhZS0wNzcwLTRhMDMtODg2NC05ZTE1ODU4NzEwNWUiLCJ1dGlkIjoiMmJkMTZjOWItN2UyMS00Mjc0LTljMDYtNzkxOWY3NjQ3YmJiIn0&state=eyJpZCI6IjAxYTA3MWE0LTg0MjEtNzE4Ni05MDQ1LTUyNzUyOWVhYzQ0NCIsIm1ldGEiOnsiaW50ZXJhY3Rpb25UeXBlIjoicmVkaXJlY3QifX0%3d%7c1788613002271.8%3b1788613002273%3b1788613001939.6&session_state=007e389a-e5eb-915b-aafc-1e723d08f25c&correlation_id=01a071a4-8421-7484-a6d9-5f2d90952964&clientdata=e%7c%7c%7cmicrosoftonline.com%7cnone
2026-09-05 07:57:43,869 | INFO | Título página: Carátula - MDA - Power BI
2026-09-05 07:57:43,870 | INFO | 📤 Abriendo menú Exportar
2026-09-05 07:57:46,324 | INFO | ✅ Menú Exportar abierto
2026-09-05 07:57:51,325 | INFO | 📄 Seleccionando PDF
2026-09-05 07:57:51,390 | INFO | ✅ Opción PDF seleccionada
2026-09-05 07:57:51,390 | INFO | 📋 Esperando ventana de confirmación
2026-09-05 07:57:52,057 | INFO | ✅ Confirmación PDF enviada
2026-09-05 07:58:02,058 | INFO | 📂 Ruta configurada: C:\MDA\Reportes\Power BI
2026-09-05 07:58:02,062 | INFO | 📄 Archivos encontrados: []
2026-09-05 07:58:04,065 | INFO | 📄 Archivos encontrados: []
2026-09-05 07:58:06,069 | INFO | 📄 Archivos encontrados: []
2026-09-05 07:58:08,072 | INFO | 📄 Archivos encontrados: []
2026-09-05 07:58:10,075 | INFO | 📄 Archivos encontrados: []
2026-09-05 07:58:12,078 | INFO | 📄 Archivos encontrados: []
2026-09-05 07:58:14,082 | INFO | 📄 Archivos encontrados: []
2026-09-05 07:58:16,084 | INFO | 📄 Archivos encontrados: []
2026-09-05 07:58:18,088 | INFO | 📄 Archivos encontrados: []
2026-09-05 07:58:20,093 | INFO | 📄 Archivos encontrados: []
2026-09-05 07:58:22,095 | INFO | 📄 Archivos encontrados: []
2026-09-05 07:58:24,098 | INFO | 📄 Archivos encontrados: []
2026-09-05 07:58:26,101 | INFO | 📄 Archivos encontrados: []
2026-09-05 07:58:28,104 | INFO | 📄 Archivos encontrados: []
2026-09-05 07:58:30,107 | INFO | 📄 Archivos encontrados: []
2026-09-05 07:58:32,110 | INFO | 📄 Archivos encontrados: []
2026-09-05 07:58:34,113 | INFO | 📄 Archivos encontrados: []
2026-09-05 07:58:36,117 | INFO | 📄 Archivos encontrados: []
2026-09-05 07:58:38,119 | INFO | 📄 Archivos encontrados: []
2026-09-05 07:58:40,123 | INFO | 📄 Archivos encontrados: []
2026-09-05 07:58:42,125 | INFO | 📄 Archivos encontrados: []
2026-09-05 07:58:44,129 | INFO | 📄 Archivos encontrados: ['MDA.pdf']
2026-09-05 07:58:44,147 | INFO | ✅ PDF renombrado: C:\MDA\Reportes\Power BI\Dashboard_MDA_20260905_075844.pdf
2026-09-05 07:58:44,148 | INFO | 📎 Archivo generado: C:\MDA\Reportes\Power BI\Dashboard_MDA_20260905_075844.pdf
2026-09-05 07:58:44,149 | INFO | 📧 Entrando a Mailer
2026-09-05 07:58:44,150 | INFO | 📧 Iniciando Outlook
2026-09-05 07:58:44,228 | INFO | ✅ Outlook ya estaba abierto
2026-09-05 07:58:44,230 | INFO | ✅ Outlook listo
2026-09-05 07:58:44,248 | INFO | ✅ Namespace obtenido
2026-09-05 07:58:44,273 | INFO | ✅ Objeto Mail creado
2026-09-05 07:58:44,326 | INFO | 📨 Cuenta encontrada: exp.gsurco@dpworld.com
2026-09-05 07:58:44,380 | INFO | 📧 Para: Roberto.Moreno@dpworld.com
2026-09-05 07:58:44,380 | INFO | 📧 CC: canv.lgenaro@dpworld.com;Miguel.Curi@dpworld.com
2026-09-05 07:58:44,380 | INFO | 📧 BCC: Jose.biminchumo@viaexperis.pe;pedro.vilchez@experis.pe
2026-09-05 07:58:44,381 | INFO | 📎 Adjuntando archivo: C:\MDA\Reportes\Power BI\Dashboard_MDA_20260905_075844.pdf
2026-09-05 07:58:44,492 | INFO | ✅ Archivo adjuntado
2026-09-05 07:58:44,815 | INFO | ✅ Correo guardado
2026-09-05 07:58:44,816 | INFO | 📤 Enviando correo...
2026-09-05 07:58:45,283 | INFO | ✅ Outlook aceptó Send() en 0.47 segundos
2026-09-05 07:58:45,284 | INFO | ✅ Tiempo total: 1.13 segundos
2026-09-05 07:58:45,369 | INFO | ✅ Proceso completado
2026-09-05 07:58:47,987 | INFO | 🔒 Navegador cerrado
2026-09-05 07:58:47,988 | INFO | ⏳ Esperando siguiente corte... 07:58:47
2026-09-05 08:58:47,989 | INFO | ⏳ Esperando siguiente corte... 08:58:47
2026-09-05 09:58:47,992 | INFO | ⏳ Esperando siguiente corte... 09:58:47
2026-09-05 11:00:07,690 | INFO | ⏳ Esperando siguiente corte... 11:00:07
2026-09-05 12:00:07,692 | INFO | ⏳ Esperando siguiente corte... 12:00:07
2026-09-05 13:00:07,753 | INFO | ⏳ Esperando siguiente corte... 13:00:07
2026-09-05 14:00:07,754 | INFO | ⏳ Esperando siguiente corte... 14:00:07
2026-09-05 15:00:07,755 | INFO | ⏳ Esperando siguiente corte... 15:00:07
2026-09-05 16:00:07,758 | INFO | ⏰ Hora programada alcanzada
2026-09-05 16:00:07,759 | INFO | 🚀 Iniciando proceso
2026-09-05 16:00:14,244 | INFO | 🌐 Abriendo reporte Power BI
2026-09-05 16:00:23,451 | INFO | URL actual: https://app.powerbi.com/groups/214d3eb4-a116-4ebf-a233-a9ff58f47ba0/reports/b6b06332-c9a4-4f82-b7c4-fa7252838ffd/1d3763661cd912f949b5?experience=power-bi
2026-09-05 16:01:23,487 | INFO | Título página: Carátula - MDA - Power BI
2026-09-05 16:01:23,488 | INFO | 📤 Abriendo menú Exportar
2026-09-05 16:01:25,866 | INFO | ✅ Menú Exportar abierto
2026-09-05 16:01:30,868 | INFO | 📄 Seleccionando PDF
2026-09-05 16:01:30,953 | INFO | ✅ Opción PDF seleccionada
2026-09-05 16:01:30,953 | INFO | 📋 Esperando ventana de confirmación
2026-09-05 16:01:31,659 | INFO | ✅ Confirmación PDF enviada
2026-09-05 16:01:41,660 | INFO | 📂 Ruta configurada: C:\MDA\Reportes\Power BI
2026-09-05 16:01:41,663 | INFO | 📄 Archivos encontrados: []
2026-09-05 16:01:43,665 | INFO | 📄 Archivos encontrados: []
2026-09-05 16:01:45,669 | INFO | 📄 Archivos encontrados: []
2026-09-05 16:01:47,672 | INFO | 📄 Archivos encontrados: []
2026-09-05 16:01:49,676 | INFO | 📄 Archivos encontrados: []
2026-09-05 16:01:51,679 | INFO | 📄 Archivos encontrados: []
2026-09-05 16:01:53,684 | INFO | 📄 Archivos encontrados: []
2026-09-05 16:01:55,687 | INFO | 📄 Archivos encontrados: []
2026-09-05 16:01:57,690 | INFO | 📄 Archivos encontrados: []
2026-09-05 16:01:59,693 | INFO | 📄 Archivos encontrados: []
2026-09-05 16:02:01,697 | INFO | 📄 Archivos encontrados: []
2026-09-05 16:02:03,701 | INFO | 📄 Archivos encontrados: []
2026-09-05 16:02:05,704 | INFO | 📄 Archivos encontrados: []
2026-09-05 16:02:07,706 | INFO | 📄 Archivos encontrados: []
2026-09-05 16:02:09,709 | INFO | 📄 Archivos encontrados: []
2026-09-05 16:02:11,714 | INFO | 📄 Archivos encontrados: []
2026-09-05 16:02:13,718 | INFO | 📄 Archivos encontrados: []
2026-09-05 16:02:15,721 | INFO | 📄 Archivos encontrados: []
2026-09-05 16:02:17,726 | INFO | 📄 Archivos encontrados: []
2026-09-05 16:02:19,729 | INFO | 📄 Archivos encontrados: []
2026-09-05 16:02:21,733 | INFO | 📄 Archivos encontrados: []
2026-09-05 16:02:23,737 | INFO | 📄 Archivos encontrados: []
2026-09-05 16:02:25,739 | INFO | 📄 Archivos encontrados: []
2026-09-05 16:02:27,742 | INFO | 📄 Archivos encontrados: []
2026-09-05 16:02:29,745 | INFO | 📄 Archivos encontrados: ['MDA.pdf']
2026-09-05 16:02:29,750 | INFO | ✅ PDF renombrado: C:\MDA\Reportes\Power BI\Dashboard_MDA_20260905_160229.pdf
2026-09-05 16:02:29,751 | INFO | 📎 Archivo generado: C:\MDA\Reportes\Power BI\Dashboard_MDA_20260905_160229.pdf
2026-09-05 16:02:29,751 | INFO | 📧 Entrando a Mailer
2026-09-05 16:02:29,752 | INFO | 📧 Iniciando Outlook
2026-09-05 16:02:29,770 | INFO | ✅ Outlook ya estaba abierto
2026-09-05 16:02:29,771 | INFO | ✅ Outlook listo
2026-09-05 16:02:29,786 | INFO | ✅ Namespace obtenido
2026-09-05 16:02:29,815 | INFO | ✅ Objeto Mail creado
2026-09-05 16:02:29,840 | INFO | 📨 Cuenta encontrada: exp.gsurco@dpworld.com
2026-09-05 16:02:29,887 | INFO | 📧 Para: Roberto.Moreno@dpworld.com
2026-09-05 16:02:29,888 | INFO | 📧 CC: canv.lgenaro@dpworld.com;Miguel.Curi@dpworld.com
2026-09-05 16:02:29,889 | INFO | 📧 BCC: Jose.biminchumo@viaexperis.pe;pedro.vilchez@experis.pe
2026-09-05 16:02:29,891 | INFO | 📎 Adjuntando archivo: C:\MDA\Reportes\Power BI\Dashboard_MDA_20260905_160229.pdf
2026-09-05 16:02:30,126 | INFO | ✅ Archivo adjuntado
2026-09-05 16:02:30,389 | INFO | ✅ Correo guardado
2026-09-05 16:02:30,389 | INFO | 📤 Enviando correo...
2026-09-05 16:02:30,777 | INFO | ✅ Outlook aceptó Send() en 0.39 segundos
2026-09-05 16:02:30,778 | INFO | ✅ Tiempo total: 1.03 segundos
2026-09-05 16:02:30,838 | INFO | ✅ Proceso completado
2026-09-05 16:02:33,272 | INFO | 🔒 Navegador cerrado
2026-09-05 16:02:33,272 | INFO | ⏳ Esperando siguiente corte... 16:02:33
2026-09-05 17:02:33,273 | INFO | ⏳ Esperando siguiente corte... 17:02:33
2026-09-05 18:02:33,275 | INFO | ⏳ Esperando siguiente corte... 18:02:33
2026-09-05 19:02:33,276 | INFO | ⏳ Esperando siguiente corte... 19:02:33
2026-09-05 20:02:33,279 | INFO | ⏳ Esperando siguiente corte... 20:02:33
2026-09-05 21:02:33,280 | INFO | ⏳ Esperando siguiente corte... 21:02:33
2026-09-05 22:02:33,284 | INFO | ⏳ Esperando siguiente corte... 22:02:33
2026-09-05 23:02:33,289 | INFO | ⏳ Esperando siguiente corte... 23:02:33
2026-09-06 00:02:33,292 | INFO | ⏳ Esperando siguiente corte... 00:02:33
2026-09-06 01:02:33,297 | INFO | ⏳ Esperando siguiente corte... 01:02:33
2026-09-06 02:02:33,298 | INFO | ⏳ Esperando siguiente corte... 02:02:33
2026-09-06 03:02:33,300 | INFO | ⏳ Esperando siguiente corte... 03:02:33
2026-09-06 04:02:33,302 | INFO | ⏳ Esperando siguiente corte... 04:02:33
2026-09-06 05:02:33,306 | INFO | ⏳ Esperando siguiente corte... 05:02:33
2026-09-06 06:02:33,309 | INFO | ⏳ Esperando siguiente corte... 06:02:33
2026-09-06 07:02:33,310 | INFO | ⏰ Hora programada alcanzada
2026-09-06 07:02:33,316 | INFO | 🚀 Iniciando proceso
2026-09-06 07:02:40,064 | INFO | 🌐 Abriendo reporte Power BI
2026-09-06 07:02:49,486 | INFO | URL actual: https://app.powerbi.com/groups/214d3eb4-a116-4ebf-a233-a9ff58f47ba0/reports/b6b06332-c9a4-4f82-b7c4-fa7252838ffd/1d3763661cd912f949b5?experience=power-bi
2026-09-06 07:03:49,517 | INFO | Título página: Carátula - MDA - Power BI
2026-09-06 07:03:49,518 | INFO | 📤 Abriendo menú Exportar
2026-09-06 07:03:51,901 | INFO | ✅ Menú Exportar abierto
2026-09-06 07:03:56,902 | INFO | 📄 Seleccionando PDF
2026-09-06 07:03:57,011 | INFO | ✅ Opción PDF seleccionada
2026-09-06 07:03:57,012 | INFO | 📋 Esperando ventana de confirmación
2026-09-06 07:03:58,010 | INFO | ✅ Confirmación PDF enviada
2026-09-06 07:04:08,010 | INFO | 📂 Ruta configurada: C:\MDA\Reportes\Power BI
2026-09-06 07:04:08,015 | INFO | 📄 Archivos encontrados: []
2026-09-06 07:04:10,019 | INFO | 📄 Archivos encontrados: []
2026-09-06 07:04:12,022 | INFO | 📄 Archivos encontrados: []
2026-09-06 07:04:14,025 | INFO | 📄 Archivos encontrados: []
2026-09-06 07:04:16,028 | INFO | 📄 Archivos encontrados: []
2026-09-06 07:04:18,031 | INFO | 📄 Archivos encontrados: []
2026-09-06 07:04:20,034 | INFO | 📄 Archivos encontrados: []
2026-09-06 07:04:22,038 | INFO | 📄 Archivos encontrados: []
2026-09-06 07:04:24,041 | INFO | 📄 Archivos encontrados: []
2026-09-06 07:04:26,044 | INFO | 📄 Archivos encontrados: []
2026-09-06 07:04:28,048 | INFO | 📄 Archivos encontrados: []
2026-09-06 07:04:30,052 | INFO | 📄 Archivos encontrados: []
2026-09-06 07:04:32,055 | INFO | 📄 Archivos encontrados: []
2026-09-06 07:04:34,059 | INFO | 📄 Archivos encontrados: []
2026-09-06 07:04:36,062 | INFO | 📄 Archivos encontrados: []
2026-09-06 07:04:38,065 | INFO | 📄 Archivos encontrados: []
2026-09-06 07:04:40,069 | INFO | 📄 Archivos encontrados: []
2026-09-06 07:04:42,071 | INFO | 📄 Archivos encontrados: []
2026-09-06 07:04:44,073 | INFO | 📄 Archivos encontrados: []
2026-09-06 07:04:46,076 | INFO | 📄 Archivos encontrados: []
2026-09-06 07:04:48,079 | INFO | 📄 Archivos encontrados: []
2026-09-06 07:04:50,082 | INFO | 📄 Archivos encontrados: []
2026-09-06 07:04:52,085 | INFO | 📄 Archivos encontrados: []
2026-09-06 07:04:54,087 | INFO | 📄 Archivos encontrados: []
2026-09-06 07:04:56,091 | INFO | 📄 Archivos encontrados: ['MDA.pdf']
2026-09-06 07:04:56,108 | INFO | ✅ PDF renombrado: C:\MDA\Reportes\Power BI\Dashboard_MDA_20260906_070456.pdf
2026-09-06 07:04:56,108 | INFO | 📎 Archivo generado: C:\MDA\Reportes\Power BI\Dashboard_MDA_20260906_070456.pdf
2026-09-06 07:04:56,111 | INFO | 📧 Entrando a Mailer
2026-09-06 07:04:56,112 | INFO | 📧 Iniciando Outlook
2026-09-06 07:04:56,134 | INFO | ✅ Outlook ya estaba abierto
2026-09-06 07:04:56,135 | INFO | ✅ Outlook listo
2026-09-06 07:04:56,155 | INFO | ✅ Namespace obtenido
2026-09-06 07:04:56,180 | INFO | ✅ Objeto Mail creado
2026-09-06 07:04:56,225 | INFO | 📨 Cuenta encontrada: exp.gsurco@dpworld.com
2026-09-06 07:04:56,283 | INFO | 📧 Para: Roberto.Moreno@dpworld.com
2026-09-06 07:04:56,284 | INFO | 📧 CC: canv.lgenaro@dpworld.com;Miguel.Curi@dpworld.com
2026-09-06 07:04:56,286 | INFO | 📧 BCC: Jose.biminchumo@viaexperis.pe;pedro.vilchez@experis.pe
2026-09-06 07:04:56,287 | INFO | 📎 Adjuntando archivo: C:\MDA\Reportes\Power BI\Dashboard_MDA_20260906_070456.pdf
2026-09-06 07:04:56,455 | INFO | ✅ Archivo adjuntado
2026-09-06 07:04:56,703 | INFO | ✅ Correo guardado
2026-09-06 07:04:56,704 | INFO | 📤 Enviando correo...
2026-09-06 07:04:57,007 | INFO | ✅ Outlook aceptó Send() en 0.30 segundos
2026-09-06 07:04:57,008 | INFO | ✅ Tiempo total: 0.90 segundos
2026-09-06 07:04:57,078 | INFO | ✅ Proceso completado
2026-09-06 07:04:59,476 | INFO | 🔒 Navegador cerrado
2026-09-06 07:04:59,477 | INFO | ⏳ Esperando siguiente corte... 07:04:59
2026-09-06 08:04:59,478 | INFO | ⏳ Esperando siguiente corte... 08:04:59
2026-09-06 09:04:59,479 | INFO | ⏳ Esperando siguiente corte... 09:04:59
2026-09-06 10:04:59,488 | INFO | ⏳ Esperando siguiente corte... 10:04:59
2026-09-06 11:04:59,489 | INFO | ⏳ Esperando siguiente corte... 11:04:59
2026-09-06 12:04:59,505 | INFO | ⏳ Esperando siguiente corte... 12:04:59
2026-09-06 13:04:59,507 | INFO | ⏳ Esperando siguiente corte... 13:04:59
2026-09-06 14:04:59,509 | INFO | ⏳ Esperando siguiente corte... 14:04:59
2026-09-06 15:04:59,511 | INFO | ⏳ Esperando siguiente corte... 15:04:59
2026-09-06 16:04:59,519 | INFO | ⏰ Hora programada alcanzada
2026-09-06 16:04:59,521 | INFO | 🚀 Iniciando proceso
2026-09-06 16:05:06,135 | INFO | 🌐 Abriendo reporte Power BI
2026-09-06 16:05:08,558 | INFO | URL actual: https://app.powerbi.com/signin#code=1.AXMAm2zRKyF-dEKcBnkZ92R7uw8BHIdhXrFPg6yYYQp-kRAAAJhzAA.BQABBAIAAAADAOz_BQD0_0V2b1N0c0FydGlmYWN0cwIAAAAAAE_yEhnW4NnY507FVBdutiO2BQpe2cjweTjPmLbLx2Fs0tQ_4q0xfVvf7kh6SmE0Z5hkrTQ3Lyt6XNk9iwwbnNLV_T0VWjXV9KtocCEuXxezhNI-rtVTBxXYZwiTjQbyNeRHI9eAuOiG_YO1eZJ2Y0Zs6F7_Lp0a1VQazJxJIk2zsuSVCim7MCEsOU2ZZNz-LTU00ALurbih2MF8aAHOUmeyVPh9bb4yxRsl_0JnafNqLwX6s9_ZL2PC6ruDZF9fCPF27HX2e7768DG3z2_tSEZx94jLn6WSSyVJCi2m8vyo-JkkHqEu3FJOHL-mY_06e-cnD0utPXV_9hbSSz3y-Yy9RTNQYQDXPN0dZ6q0ZHZgQGX2tasGJBJiNVL69zn-owKeDbDneI6l6hd-pfZZR-dgcXw8sGWKzufBQh2yzBF-Ef3GeuMaM3B5G1IMXrOZMUStf9ZuKol690lYCziA3I3cVTVrohjxKKeh6VQ29C87yXuop9x8JQcaH0Q15xHnq5WC3vNnbOqr6HklCfjxlhFXM6E_LisjONH8SA74Fue5Hm81g2pEX20bLFqGU8sEZQ0sr0IH8Y4Hnyg3UwBexQ74eg4BL6NnBYzC0O5NuF8lF1kn8PghFj7Bi5rtS_kWqiJMjkpdbD93R9-VjzNnbpflVisguDJ5XvaEZih89X9mXVkUqcbpS7YLB1yt601BQqvCdaCl9PN2lnxoocBph4dotO2TiHNiUufmbr4K8nKPRyw00j1BEDCrLUf3FROqDNA-k_X1gaq4MAvUdEfsFWgJ_zp4SAw10g4e-bChbq-6t0kXdwWwUNVlKlFP9BMYvk4i9gI1H0qAe0IHUmdwokRGHeuTmCtgcSLOeKB6tE-JuRjddurAKhiXfY67TOy8Ik-uZJGvtei-ZRb4KkPHiq1B52Pj_7ns-PHjM6SrvkAwAN27BJmGAHsjh1jy17iLrEuLvCZoPCfUTACJLRXDsKQAQlAj_kxfP8DixbjONpNUteE-vlw_BdoyOQM_1CiPwHoR1Onfu6U-W7DW2Dlm7OseAYfDozcyNx0XNJYjLeCB0wMHouPy0_aPKqu947iZJMjnFu3m12P_96fJFIppWJ9qjf-QsY1d6jiRPO1ZSV4dR90XOWrQ0YD0xuzLoMVPtYurJYYdqZjT4oc8y-nTMR4N_CD4q1sNW3uFfMez80rR-N_kgj5YdFuECJQ0eZ5ZY7WRcwqDVUbu8yv8Ty9VxMLxeeGLWB9PZrA3Z70xRPeYwuM1JjaNVux052GIRsQjwTvUrrZ2Y6pRC4SldFJGKRFdouHkXSJyPjloRi-AiYJgdQL3FoGBUu13HjTERbnnW9AY0QV2_w&client_info=eyJ1aWQiOiJjNzYyYmRhZS0wNzcwLTRhMDMtODg2NC05ZTE1ODU4NzEwNWUiLCJ1dGlkIjoiMmJkMTZjOWItN2UyMS00Mjc0LTljMDYtNzkxOWY3NjQ3YmJiIn0&state=eyJpZCI6IjAxYTA3ODhhLTA3OWEtNzYxZC05MmI3LTFjMzg1NmY1NTg1OSIsIm1ldGEiOnsiaW50ZXJhY3Rpb25UeXBlIjoicmVkaXJlY3QifX0%3d%7c1788728706969.5%3b1788728706969.9%3b1788728706504&session_state=007e389a-e5eb-915b-aafc-1e723d08f25c&correlation_id=01a0788a-079a-7ae9-aa4c-7916189278b9&clientdata=e%7c%7c%7cmicrosoftonline.com%7cnone
2026-09-06 16:06:08,656 | INFO | Título página: Carátula - MDA - Power BI
2026-09-06 16:06:08,658 | INFO | 📤 Abriendo menú Exportar
2026-09-06 16:06:10,991 | INFO | ✅ Menú Exportar abierto
2026-09-06 16:06:15,992 | INFO | 📄 Seleccionando PDF
2026-09-06 16:06:16,094 | INFO | ✅ Opción PDF seleccionada
2026-09-06 16:06:16,095 | INFO | 📋 Esperando ventana de confirmación
2026-09-06 16:06:16,869 | INFO | ✅ Confirmación PDF enviada
2026-09-06 16:06:26,870 | INFO | 📂 Ruta configurada: C:\MDA\Reportes\Power BI
2026-09-06 16:06:26,876 | INFO | 📄 Archivos encontrados: []
2026-09-06 16:06:28,880 | INFO | 📄 Archivos encontrados: []
2026-09-06 16:06:30,883 | INFO | 📄 Archivos encontrados: []
2026-09-06 16:06:32,888 | INFO | 📄 Archivos encontrados: []
2026-09-06 16:06:34,892 | INFO | 📄 Archivos encontrados: []
2026-09-06 16:06:36,895 | INFO | 📄 Archivos encontrados: []
2026-09-06 16:06:38,899 | INFO | 📄 Archivos encontrados: []
2026-09-06 16:06:40,903 | INFO | 📄 Archivos encontrados: []
2026-09-06 16:06:42,905 | INFO | 📄 Archivos encontrados: []
2026-09-06 16:06:44,910 | INFO | 📄 Archivos encontrados: []
2026-09-06 16:06:46,913 | INFO | 📄 Archivos encontrados: []
2026-09-06 16:06:48,916 | INFO | 📄 Archivos encontrados: []
2026-09-06 16:06:50,918 | INFO | 📄 Archivos encontrados: []
2026-09-06 16:06:52,920 | INFO | 📄 Archivos encontrados: []
2026-09-06 16:06:54,923 | INFO | 📄 Archivos encontrados: []
2026-09-06 16:06:56,926 | INFO | 📄 Archivos encontrados: []
2026-09-06 16:06:58,929 | INFO | 📄 Archivos encontrados: []
2026-09-06 16:07:00,932 | INFO | 📄 Archivos encontrados: []
2026-09-06 16:07:02,934 | INFO | 📄 Archivos encontrados: []
2026-09-06 16:07:04,937 | INFO | 📄 Archivos encontrados: []
2026-09-06 16:07:06,939 | INFO | 📄 Archivos encontrados: []
2026-09-06 16:07:08,943 | INFO | 📄 Archivos encontrados: []
2026-09-06 16:07:10,946 | INFO | 📄 Archivos encontrados: []
2026-09-06 16:07:12,949 | INFO | 📄 Archivos encontrados: []
2026-09-06 16:07:14,952 | INFO | 📄 Archivos encontrados: ['MDA.pdf']
2026-09-06 16:07:14,968 | INFO | ✅ PDF renombrado: C:\MDA\Reportes\Power BI\Dashboard_MDA_20260906_160714.pdf
2026-09-06 16:07:14,969 | INFO | 📎 Archivo generado: C:\MDA\Reportes\Power BI\Dashboard_MDA_20260906_160714.pdf
2026-09-06 16:07:14,970 | INFO | 📧 Entrando a Mailer
2026-09-06 16:07:14,970 | INFO | 📧 Iniciando Outlook
2026-09-06 16:07:14,990 | INFO | ✅ Outlook ya estaba abierto
2026-09-06 16:07:14,992 | INFO | ✅ Outlook listo
2026-09-06 16:07:15,011 | INFO | ✅ Namespace obtenido
2026-09-06 16:07:15,043 | INFO | ✅ Objeto Mail creado
2026-09-06 16:07:15,072 | INFO | 📨 Cuenta encontrada: exp.gsurco@dpworld.com
2026-09-06 16:07:15,105 | INFO | 📧 Para: Roberto.Moreno@dpworld.com
2026-09-06 16:07:15,106 | INFO | 📧 CC: canv.lgenaro@dpworld.com;Miguel.Curi@dpworld.com
2026-09-06 16:07:15,106 | INFO | 📧 BCC: Jose.biminchumo@viaexperis.pe;pedro.vilchez@experis.pe
2026-09-06 16:07:15,107 | INFO | 📎 Adjuntando archivo: C:\MDA\Reportes\Power BI\Dashboard_MDA_20260906_160714.pdf
2026-09-06 16:07:15,375 | INFO | ✅ Archivo adjuntado
2026-09-06 16:07:15,702 | INFO | ✅ Correo guardado
2026-09-06 16:07:15,703 | INFO | 📤 Enviando correo...
2026-09-06 16:07:16,170 | INFO | ✅ Outlook aceptó Send() en 0.46 segundos
2026-09-06 16:07:16,170 | INFO | ✅ Tiempo total: 1.20 segundos
2026-09-06 16:07:16,230 | INFO | ✅ Proceso completado
2026-09-06 16:07:18,596 | INFO | 🔒 Navegador cerrado
2026-09-06 16:07:18,596 | INFO | ⏳ Esperando siguiente corte... 16:07:18
2026-09-06 17:07:18,597 | INFO | ⏳ Esperando siguiente corte... 17:07:18
2026-09-06 18:07:18,598 | INFO | ⏳ Esperando siguiente corte... 18:07:18
2026-09-06 19:07:18,602 | INFO | ⏳ Esperando siguiente corte... 19:07:18
2026-09-06 20:07:18,605 | INFO | ⏳ Esperando siguiente corte... 20:07:18
2026-09-06 21:07:18,606 | INFO | ⏳ Esperando siguiente corte... 21:07:18
2026-09-06 22:07:18,607 | INFO | ⏳ Esperando siguiente corte... 22:07:18
2026-09-06 23:07:18,608 | INFO | ⏳ Esperando siguiente corte... 23:07:18
2026-09-07 00:07:18,609 | INFO | ⏳ Esperando siguiente corte... 00:07:18
2026-09-07 01:07:18,611 | INFO | ⏳ Esperando siguiente corte... 01:07:18
2026-09-07 02:07:18,613 | INFO | ⏳ Esperando siguiente corte... 02:07:18
2026-09-07 03:07:18,622 | INFO | ⏳ Esperando siguiente corte... 03:07:18
2026-09-07 04:07:18,623 | INFO | ⏳ Esperando siguiente corte... 04:07:18
2026-09-07 05:07:18,624 | INFO | ⏳ Esperando siguiente corte... 05:07:18
2026-09-07 08:48:50,195 | INFO | ⏰ Hora programada alcanzada
2026-09-07 08:48:50,250 | INFO | 🚀 Iniciando proceso
2026-09-07 08:49:00,399 | INFO | 🌐 Abriendo reporte Power BI
2026-09-07 08:49:30,556 | INFO | URL actual: https://app.powerbi.com/groups/214d3eb4-a116-4ebf-a233-a9ff58f47ba0/reports/b6b06332-c9a4-4f82-b7c4-fa7252838ffd/1d3763661cd912f949b5?experience=power-bi
2026-09-07 08:50:30,585 | INFO | Título página: Carátula - MDA - Power BI
2026-09-07 08:50:30,586 | INFO | 📤 Abriendo menú Exportar
2026-09-07 08:50:32,881 | INFO | ✅ Menú Exportar abierto
2026-09-07 08:50:37,882 | INFO | 📄 Seleccionando PDF
2026-09-07 08:50:38,027 | INFO | ✅ Opción PDF seleccionada
2026-09-07 08:50:38,027 | INFO | 📋 Esperando ventana de confirmación
2026-09-07 08:50:39,071 | INFO | ✅ Confirmación PDF enviada
2026-09-07 08:50:49,072 | INFO | 📂 Ruta configurada: C:\MDA\Reportes\Power BI
2026-09-07 08:50:49,074 | INFO | 📄 Archivos encontrados: []
2026-09-07 08:50:51,077 | INFO | 📄 Archivos encontrados: []
2026-09-07 08:50:53,081 | INFO | 📄 Archivos encontrados: []
2026-09-07 08:50:55,083 | INFO | 📄 Archivos encontrados: []
2026-09-07 08:50:57,086 | INFO | 📄 Archivos encontrados: []
2026-09-07 08:50:59,088 | INFO | 📄 Archivos encontrados: []
2026-09-07 08:51:01,091 | INFO | 📄 Archivos encontrados: []
2026-09-07 08:51:03,094 | INFO | 📄 Archivos encontrados: []
2026-09-07 08:51:05,096 | INFO | 📄 Archivos encontrados: []
2026-09-07 08:51:07,099 | INFO | 📄 Archivos encontrados: []
2026-09-07 08:51:09,103 | INFO | 📄 Archivos encontrados: []
2026-09-07 08:51:11,107 | INFO | 📄 Archivos encontrados: []
2026-09-07 08:51:13,110 | INFO | 📄 Archivos encontrados: []
2026-09-07 08:51:15,113 | INFO | 📄 Archivos encontrados: []
2026-09-07 08:51:17,115 | INFO | 📄 Archivos encontrados: []
2026-09-07 08:51:19,117 | INFO | 📄 Archivos encontrados: []
2026-09-07 08:51:21,120 | INFO | 📄 Archivos encontrados: []
2026-09-07 08:51:23,121 | INFO | 📄 Archivos encontrados: []
2026-09-07 08:51:25,122 | INFO | 📄 Archivos encontrados: []
2026-09-07 08:51:27,125 | INFO | 📄 Archivos encontrados: []
2026-09-07 08:51:29,128 | INFO | 📄 Archivos encontrados: []
2026-09-07 08:51:31,131 | INFO | 📄 Archivos encontrados: []
2026-09-07 08:51:33,133 | INFO | 📄 Archivos encontrados: []
2026-09-07 08:51:35,136 | INFO | 📄 Archivos encontrados: []
2026-09-07 08:51:37,138 | INFO | 📄 Archivos encontrados: ['MDA.pdf']
2026-09-07 08:51:37,149 | INFO | ✅ PDF renombrado: C:\MDA\Reportes\Power BI\Dashboard_MDA_20260907_085137.pdf
2026-09-07 08:51:37,149 | INFO | 📎 Archivo generado: C:\MDA\Reportes\Power BI\Dashboard_MDA_20260907_085137.pdf
2026-09-07 08:51:37,150 | INFO | 📧 Entrando a Mailer
2026-09-07 08:51:37,150 | INFO | 📧 Iniciando Outlook
2026-09-07 08:51:37,183 | INFO | ✅ Outlook ya estaba abierto
2026-09-07 08:51:37,184 | INFO | ✅ Outlook listo
2026-09-07 08:51:37,194 | INFO | ✅ Namespace obtenido
2026-09-07 08:51:37,215 | INFO | ✅ Objeto Mail creado
2026-09-07 08:51:37,251 | INFO | 📨 Cuenta encontrada: exp.gsurco@dpworld.com
2026-09-07 08:51:37,293 | INFO | 📧 Para: Roberto.Moreno@dpworld.com
2026-09-07 08:51:37,294 | INFO | 📧 CC: canv.lgenaro@dpworld.com;Miguel.Curi@dpworld.com
2026-09-07 08:51:37,295 | INFO | 📧 BCC: Jose.biminchumo@viaexperis.pe;pedro.vilchez@experis.pe
2026-09-07 08:51:37,295 | INFO | 📎 Adjuntando archivo: C:\MDA\Reportes\Power BI\Dashboard_MDA_20260907_085137.pdf
2026-09-07 08:51:37,477 | INFO | ✅ Archivo adjuntado
2026-09-07 08:51:37,749 | INFO | ✅ Correo guardado
2026-09-07 08:51:37,749 | INFO | 📤 Enviando correo...
2026-09-07 08:51:38,059 | INFO | ✅ Outlook aceptó Send() en 0.31 segundos
2026-09-07 08:51:38,059 | INFO | ✅ Tiempo total: 0.91 segundos
2026-09-07 08:51:38,452 | INFO | ✅ Proceso completado
2026-09-07 08:51:40,883 | INFO | 🔒 Navegador cerrado
2026-09-07 08:51:40,884 | INFO | ⏳ Esperando siguiente corte... 08:51:40
2026-09-07 10:09:51,231 | INFO | ⏳ Esperando siguiente corte... 10:09:51
2026-09-07 11:09:51,236 | INFO | ⏳ Esperando siguiente corte... 11:09:51
2026-09-07 12:09:51,240 | INFO | ⏳ Esperando siguiente corte... 12:09:51
2026-09-07 13:00:57,742 | INFO | REPORT_PATH cargado: [C:\MDA\Reportes\Power BI]
2026-09-07 13:00:58,091 | INFO | 🚀 Iniciando proceso
2026-09-07 13:01:05,187 | INFO | 🌐 Abriendo reporte Power BI
2026-09-07 13:01:08,238 | INFO | URL actual: https://app.powerbi.com/groups/214d3eb4-a116-4ebf-a233-a9ff58f47ba0/reports/b6b06332-c9a4-4f82-b7c4-fa7252838ffd/1d3763661cd912f949b5?experience=power-bi
2026-09-07 13:02:08,304 | INFO | Título página: Carátula - MDA - Power BI
2026-09-07 13:02:08,305 | INFO | 📤 Abriendo menú Exportar
2026-09-07 13:02:10,712 | INFO | ✅ Menú Exportar abierto
2026-09-07 13:02:15,713 | INFO | 📄 Seleccionando PDF
2026-09-07 13:02:15,783 | INFO | ✅ Opción PDF seleccionada
2026-09-07 13:02:15,784 | INFO | 📋 Esperando ventana de confirmación
2026-09-07 13:02:16,472 | INFO | ✅ Confirmación PDF enviada
2026-09-07 13:02:26,473 | INFO | 📂 Ruta configurada: C:\MDA\Reportes\Power BI
2026-09-07 13:02:26,477 | INFO | 📄 Archivos encontrados: []
2026-09-07 13:02:28,479 | INFO | 📄 Archivos encontrados: []
2026-09-07 13:02:30,483 | INFO | 📄 Archivos encontrados: []
2026-09-07 13:02:32,485 | INFO | 📄 Archivos encontrados: []
2026-09-07 13:02:34,487 | INFO | 📄 Archivos encontrados: []
2026-09-07 13:02:36,490 | INFO | 📄 Archivos encontrados: []
2026-09-07 13:02:38,493 | INFO | 📄 Archivos encontrados: []
2026-09-07 13:02:40,496 | INFO | 📄 Archivos encontrados: []
2026-09-07 13:02:42,498 | INFO | 📄 Archivos encontrados: []
2026-09-07 13:02:44,500 | INFO | 📄 Archivos encontrados: []
2026-09-07 13:02:46,503 | INFO | 📄 Archivos encontrados: []
2026-09-07 13:02:48,506 | INFO | 📄 Archivos encontrados: []
2026-09-07 13:02:50,509 | INFO | 📄 Archivos encontrados: []
2026-09-07 13:02:52,512 | INFO | 📄 Archivos encontrados: []
2026-09-07 13:02:54,515 | INFO | 📄 Archivos encontrados: []
2026-09-07 13:02:56,518 | INFO | 📄 Archivos encontrados: []
2026-09-07 13:02:58,521 | INFO | 📄 Archivos encontrados: []
2026-09-07 13:03:00,523 | INFO | 📄 Archivos encontrados: []
2026-09-07 13:03:02,526 | INFO | 📄 Archivos encontrados: []
2026-09-07 13:03:04,528 | INFO | 📄 Archivos encontrados: []
2026-09-07 13:03:06,531 | INFO | 📄 Archivos encontrados: []
2026-09-07 13:03:08,534 | INFO | 📄 Archivos encontrados: []
2026-09-07 13:03:10,536 | INFO | 📄 Archivos encontrados: []
2026-09-07 13:03:12,539 | INFO | 📄 Archivos encontrados: []
2026-09-07 13:03:14,542 | INFO | 📄 Archivos encontrados: ['MDA.pdf']
2026-09-07 13:03:14,556 | INFO | ✅ PDF renombrado: C:\MDA\Reportes\Power BI\Dashboard_MDA_20260907_130314.pdf
2026-09-07 13:03:14,557 | INFO | 📎 Archivo generado: C:\MDA\Reportes\Power BI\Dashboard_MDA_20260907_130314.pdf
2026-09-07 13:03:14,558 | INFO | 📧 Entrando a Mailer
2026-09-07 13:03:15,027 | ERROR | ❌ Error: 'pyodbc.Row' object has no attribute 'TotalTicketsMes'
2026-09-07 13:03:15,033 | ERROR | Traceback (most recent call last):
  File "c:\Automatizaciones\MDA\SEND_REPORTS\main.py", line 38, in main
    kpis = KPIService().get_resumen()
  File "c:\Automatizaciones\MDA\SEND_REPORTS\src\kpi_service.py", line 131, in get_resumen
    "totalm": row.TotalTicketsMes,
              ^^^^^^^^^^^^^^^^^^^
AttributeError: 'pyodbc.Row' object has no attribute 'TotalTicketsMes'

2026-09-07 13:03:17,397 | INFO | 🔒 Navegador cerrado
2026-09-07 13:10:25,603 | INFO | REPORT_PATH cargado: [C:\MDA\Reportes\Power BI]
2026-09-07 13:10:25,650 | INFO | 🚀 Iniciando proceso
2026-09-07 13:10:32,934 | INFO | 🌐 Abriendo reporte Power BI
2026-09-07 13:10:43,327 | INFO | URL actual: https://app.powerbi.com/groups/214d3eb4-a116-4ebf-a233-a9ff58f47ba0/reports/b6b06332-c9a4-4f82-b7c4-fa7252838ffd/1d3763661cd912f949b5?experience=power-bi
2026-09-07 13:11:43,346 | INFO | Título página: Carátula - MDA - Power BI
2026-09-07 13:11:43,346 | INFO | 📤 Abriendo menú Exportar
2026-09-07 13:11:45,646 | INFO | ✅ Menú Exportar abierto
2026-09-07 13:11:50,647 | INFO | 📄 Seleccionando PDF
2026-09-07 13:11:50,702 | INFO | ✅ Opción PDF seleccionada
2026-09-07 13:11:50,703 | INFO | 📋 Esperando ventana de confirmación
2026-09-07 13:11:51,403 | INFO | ✅ Confirmación PDF enviada
2026-09-07 13:12:01,404 | INFO | 📂 Ruta configurada: C:\MDA\Reportes\Power BI
2026-09-07 13:12:01,407 | INFO | 📄 Archivos encontrados: []
2026-09-07 13:12:03,409 | INFO | 📄 Archivos encontrados: []
2026-09-07 13:12:05,410 | INFO | 📄 Archivos encontrados: []
2026-09-07 13:12:07,412 | INFO | 📄 Archivos encontrados: []
2026-09-07 13:12:09,415 | INFO | 📄 Archivos encontrados: []
2026-09-07 13:12:11,418 | INFO | 📄 Archivos encontrados: []
2026-09-07 13:12:13,420 | INFO | 📄 Archivos encontrados: []
2026-09-07 13:12:15,423 | INFO | 📄 Archivos encontrados: []
2026-09-07 13:12:17,428 | INFO | 📄 Archivos encontrados: []
2026-09-07 13:12:19,431 | INFO | 📄 Archivos encontrados: []
2026-09-07 13:12:21,435 | INFO | 📄 Archivos encontrados: []
2026-09-07 13:12:23,438 | INFO | 📄 Archivos encontrados: []
2026-09-07 13:12:25,441 | INFO | 📄 Archivos encontrados: []
2026-09-07 13:12:27,446 | INFO | 📄 Archivos encontrados: []
2026-09-07 13:12:29,448 | INFO | 📄 Archivos encontrados: []
2026-09-07 13:12:31,451 | INFO | 📄 Archivos encontrados: []
2026-09-07 13:12:33,455 | INFO | 📄 Archivos encontrados: []
2026-09-07 13:12:35,457 | INFO | 📄 Archivos encontrados: []
2026-09-07 13:12:37,461 | INFO | 📄 Archivos encontrados: []
2026-09-07 13:12:39,464 | INFO | 📄 Archivos encontrados: []
2026-09-07 13:12:41,468 | INFO | 📄 Archivos encontrados: []
2026-09-07 13:12:43,470 | INFO | 📄 Archivos encontrados: []
2026-09-07 13:12:45,473 | INFO | 📄 Archivos encontrados: []
2026-09-07 13:12:47,477 | INFO | 📄 Archivos encontrados: []
2026-09-07 13:12:49,479 | INFO | 📄 Archivos encontrados: ['MDA.pdf']
2026-09-07 13:12:49,494 | INFO | ✅ PDF renombrado: C:\MDA\Reportes\Power BI\Dashboard_MDA_20260907_131249.pdf
2026-09-07 13:12:49,495 | INFO | 📎 Archivo generado: C:\MDA\Reportes\Power BI\Dashboard_MDA_20260907_131249.pdf
2026-09-07 13:12:49,496 | INFO | 📧 Entrando a Mailer
2026-09-07 13:12:49,909 | ERROR | ❌ Error: 'pyodbc.Row' object has no attribute 'TotalTicketsAno'
2026-09-07 13:12:49,913 | ERROR | Traceback (most recent call last):
  File "c:\Automatizaciones\MDA\SEND_REPORTS\main.py", line 38, in main
    kpis = KPIService().get_resumen()
  File "c:\Automatizaciones\MDA\SEND_REPORTS\src\kpi_service.py", line 132, in get_resumen
    "totala": row.TotalTicketsAno,
              ^^^^^^^^^^^^^^^^^^^
AttributeError: 'pyodbc.Row' object has no attribute 'TotalTicketsAno'

2026-09-07 13:12:52,288 | INFO | 🔒 Navegador cerrado
2026-09-07 13:24:15,878 | INFO | REPORT_PATH cargado: [C:\MDA\Reportes\Power BI]
2026-09-07 13:24:15,920 | INFO | 🚀 Iniciando proceso
2026-09-07 13:24:23,010 | INFO | 🌐 Abriendo reporte Power BI
2026-09-07 13:24:33,636 | INFO | URL actual: https://app.powerbi.com/groups/214d3eb4-a116-4ebf-a233-a9ff58f47ba0/reports/b6b06332-c9a4-4f82-b7c4-fa7252838ffd/1d3763661cd912f949b5?experience=power-bi
2026-09-07 13:25:33,666 | INFO | Título página: Carátula - MDA - Power BI
2026-09-07 13:25:33,667 | INFO | 📤 Abriendo menú Exportar
2026-09-07 13:25:36,027 | INFO | ✅ Menú Exportar abierto
2026-09-07 13:25:41,028 | INFO | 📄 Seleccionando PDF
2026-09-07 13:25:41,138 | INFO | ✅ Opción PDF seleccionada
2026-09-07 13:25:41,138 | INFO | 📋 Esperando ventana de confirmación
2026-09-07 13:25:41,651 | INFO | ✅ Confirmación PDF enviada
2026-09-07 13:25:51,652 | INFO | 📂 Ruta configurada: C:\MDA\Reportes\Power BI
2026-09-07 13:25:51,657 | INFO | 📄 Archivos encontrados: []
2026-09-07 13:25:53,659 | INFO | 📄 Archivos encontrados: []
2026-09-07 13:25:55,662 | INFO | 📄 Archivos encontrados: []
2026-09-07 13:25:57,665 | INFO | 📄 Archivos encontrados: []
2026-09-07 13:25:59,668 | INFO | 📄 Archivos encontrados: []
2026-09-07 13:26:01,672 | INFO | 📄 Archivos encontrados: []
2026-09-07 13:26:03,675 | INFO | 📄 Archivos encontrados: []
2026-09-07 13:26:05,678 | INFO | 📄 Archivos encontrados: []
2026-09-07 13:26:07,682 | INFO | 📄 Archivos encontrados: []
2026-09-07 13:26:09,685 | INFO | 📄 Archivos encontrados: []
2026-09-07 13:26:11,689 | INFO | 📄 Archivos encontrados: []
2026-09-07 13:26:13,691 | INFO | 📄 Archivos encontrados: []
2026-09-07 13:26:15,695 | INFO | 📄 Archivos encontrados: []
2026-09-07 13:26:17,698 | INFO | 📄 Archivos encontrados: []
2026-09-07 13:26:19,702 | INFO | 📄 Archivos encontrados: []
2026-09-07 13:26:21,706 | INFO | 📄 Archivos encontrados: []
2026-09-07 13:26:23,708 | INFO | 📄 Archivos encontrados: []
2026-09-07 13:26:25,711 | INFO | 📄 Archivos encontrados: []
2026-09-07 13:26:27,715 | INFO | 📄 Archivos encontrados: []
2026-09-07 13:26:29,718 | INFO | 📄 Archivos encontrados: []
2026-09-07 13:26:31,721 | INFO | 📄 Archivos encontrados: []
2026-09-07 13:26:33,724 | INFO | 📄 Archivos encontrados: []
2026-09-07 13:26:35,727 | INFO | 📄 Archivos encontrados: []
2026-09-07 13:26:37,731 | INFO | 📄 Archivos encontrados: []
2026-09-07 13:26:39,735 | INFO | 📄 Archivos encontrados: ['MDA.pdf']
2026-09-07 13:26:39,752 | INFO | ✅ PDF renombrado: C:\MDA\Reportes\Power BI\Dashboard_MDA_20260907_132639.pdf
2026-09-07 13:26:39,754 | INFO | 📎 Archivo generado: C:\MDA\Reportes\Power BI\Dashboard_MDA_20260907_132639.pdf
2026-09-07 13:26:39,755 | INFO | 📧 Entrando a Mailer
2026-09-07 13:26:40,318 | ERROR | ❌ Error: Mailer.send_mail() missing 1 required positional argument: 'bcc'
2026-09-07 13:26:40,324 | ERROR | Traceback (most recent call last):
  File "c:\Automatizaciones\MDA\SEND_REPORTS\main.py", line 40, in main
    Mailer().send_mail(
    ~~~~~~~~~~~~~~~~~~^
        destinatarios=MAIL_TO,
        ^^^^^^^^^^^^^^^^^^^^^^
    ...<11 lines>...
        kpis=kpis
        ^^^^^^^^^
    )
    ^
TypeError: Mailer.send_mail() missing 1 required positional argument: 'bcc'

2026-09-07 13:26:42,744 | INFO | 🔒 Navegador cerrado
2026-09-07 13:28:08,139 | INFO | REPORT_PATH cargado: [C:\MDA\Reportes\Power BI]
2026-09-07 13:28:08,168 | INFO | 🚀 Iniciando proceso
2026-09-07 13:28:15,122 | INFO | 🌐 Abriendo reporte Power BI
2026-09-07 13:28:17,322 | INFO | URL actual: https://app.powerbi.com/signin#code=1.AXMAm2zRKyF-dEKcBnkZ92R7uw8BHIdhXrFPg6yYYQp-kRAAAJhzAA.BQABBAIAAAADAOz_BQD0_0V2b1N0c0FydGlmYWN0cwIAAAAAALfimtRTp-BWN8eRgme30lm--aK3qQjLbjz32cU2Xvm-M-lS4l6QqyoPmxW-jM4J-9nZCyYp6hCIvuOicnrFqFs_ADJTq77Z6V_voGFGyqwaTH_vhhxHlioeJh8v5OXnjzR_h7oVyWdUw5TJNjuT5P82pYY9fi-LOkMmPViKp04fZl2CfJ8MqVo8sP7LKDppluybT6N7eK99hLrpRlPJrbxWKrvU24v2s8ZH6F-TP7yY0iYyi7xMl5bVXQrvsgqDoNpRTcyeyf6JTb4p7kdepZtZRRLr0NA3Hjh3g0xsNra8ofw1YAlNDrGVx0MFHxRAp2L-OKzR6rnTBHdOo-CZ2212a12VEMqFkKwOq9g7HX3ER-L8PGYH_a94EnCT1oWomgz3FU0TK9re8CussMGWFrGv_ATa_fKO0PqFC86rpdNmmGd-6scwe3Yylh4sgxAQgm8uiC9OYnPiT7gEi7p5X0niKSw0g4TOeuMIbZzEccYMxwrsnxBljGWF5XCbUe-xFJlNLHOA-FCepfrzUXuSihOhmCTfuvjtW0D8yfBWT9svWnLsYy7jPuFajF0Klnors6AurGDNJK6hFHu87SKht4xsCSAUAF0QOdpnuGSzt2z0X0nokR3EKFiLwjC07VWZQ7Z7J4RsbxKFu55dRKzWGOxmg4A5urQQPzbbZV0kFqtKdLl3TyIaST3Kj3xmval5TKupyrK19Ev1Mch3friaWBr1jDZWFxriCpMPqe0oxVzCq8JWw1JYvuZ71ngrWYJivWZkXwlcb7VO3oGGrxjFv0MDb6nV-Dbi9QL3En4cXafBumC3KoIP9SIhd3WUlxqMIQdP7TR4UScobgtESLPL25E_K7y9H_LdAC6v5sIhoMkJNsnBRV0Vp7pt742iW26c74JDd27iIMHvhwC4QouAPWVJNxzuEl1TNKtINikVOm8sH-ZWkSBYQlzyeWui-H0KuALYVLm0eHGyQsaKV5I-wDwRIOXUzgYRh9fNLKO5HKxo0QKIdAJae9uYOYSGiLquFeiz0wgDNNWGqcZPujvGZhvp2PEGc9HSBWd777IXCRcNnV5Jz8U_K9_DjUwY7SOaKsjoEZ90cM7ejXJ70m3Xj7YuMgBNzcaONiVdV0XLhwfH78EynNGDEF_jUGhMIze49AGoEmmv1fUB4-s8rk5F2Csz9FOZwVcH3p8EDAhohImucxi-eLXXMt07UA-DTyAqANaNo2QLmKnF6PmSJ_blnAfFiLa1MctBLLyIFRsHiosLQY4e0uIP2niAIRSy8bOcbdVOFs9gDVVzGvUFytvB_E-7ki6yFgECvToTjuiCDonOwCtN44qQaX5bZQxdY-JVRiiOncAJMg&client_info=eyJ1aWQiOiJjNzYyYmRhZS0wNzcwLTRhMDMtODg2NC05ZTE1ODU4NzEwNWUiLCJ1dGlkIjoiMmJkMTZjOWItN2UyMS00Mjc0LTljMDYtNzkxOWY3NjQ3YmJiIn0&state=eyJpZCI6IjAxYTA3ZDIwLWM4YWUtNzllMC1hOTVjLWFlZmQxMmQ4Y2IzYyIsIm1ldGEiOnsiaW50ZXJhY3Rpb25UeXBlIjoicmVkaXJlY3QifX0%3d%7c1788805695661.3%3b1788805695661.9001%3b1788805695377.3&session_state=007e389a-e5eb-915b-aafc-1e723d08f25c&correlation_id=01a07d20-c8ae-7d84-90c6-1f90dc2d7c7b&clientdata=e%7c%7c%7cmicrosoftonline.com%7cnone
2026-09-07 13:29:17,403 | INFO | Título página: Carátula - MDA - Power BI
2026-09-07 13:29:17,405 | INFO | 📤 Abriendo menú Exportar
2026-09-07 13:29:19,701 | INFO | ✅ Menú Exportar abierto
2026-09-07 13:29:24,702 | INFO | 📄 Seleccionando PDF
2026-09-07 13:29:24,803 | INFO | ✅ Opción PDF seleccionada
2026-09-07 13:29:24,804 | INFO | 📋 Esperando ventana de confirmación
2026-09-07 13:29:25,506 | INFO | ✅ Confirmación PDF enviada
2026-09-07 13:29:35,507 | INFO | 📂 Ruta configurada: C:\MDA\Reportes\Power BI
2026-09-07 13:29:35,512 | INFO | 📄 Archivos encontrados: []
2026-09-07 13:29:37,515 | INFO | 📄 Archivos encontrados: []
2026-09-07 13:29:39,519 | INFO | 📄 Archivos encontrados: []
2026-09-07 13:29:41,523 | INFO | 📄 Archivos encontrados: []
2026-09-07 13:29:43,527 | INFO | 📄 Archivos encontrados: []
2026-09-07 13:29:45,529 | INFO | 📄 Archivos encontrados: []
2026-09-07 13:29:47,532 | INFO | 📄 Archivos encontrados: []
2026-09-07 13:29:49,536 | INFO | 📄 Archivos encontrados: []
2026-09-07 13:29:51,540 | INFO | 📄 Archivos encontrados: []
2026-09-07 13:29:53,543 | INFO | 📄 Archivos encontrados: []
2026-09-07 13:29:55,547 | INFO | 📄 Archivos encontrados: []
2026-09-07 13:29:57,551 | INFO | 📄 Archivos encontrados: []
2026-09-07 13:29:59,554 | INFO | 📄 Archivos encontrados: []
2026-09-07 13:30:01,558 | INFO | 📄 Archivos encontrados: []
2026-09-07 13:30:03,561 | INFO | 📄 Archivos encontrados: []
2026-09-07 13:30:05,565 | INFO | 📄 Archivos encontrados: []
2026-09-07 13:30:07,568 | INFO | 📄 Archivos encontrados: []
2026-09-07 13:30:09,570 | INFO | 📄 Archivos encontrados: []
2026-09-07 13:30:11,573 | INFO | 📄 Archivos encontrados: []
2026-09-07 13:30:13,576 | INFO | 📄 Archivos encontrados: []
2026-09-07 13:30:15,579 | INFO | 📄 Archivos encontrados: []
2026-09-07 13:30:17,582 | INFO | 📄 Archivos encontrados: ['2c48c879-dd79-4e88-b709-0c2569db6a2a.tmp']
2026-09-07 13:30:19,586 | INFO | 📄 Archivos encontrados: ['MDA.pdf']
2026-09-07 13:30:19,590 | INFO | ✅ PDF renombrado: C:\MDA\Reportes\Power BI\Dashboard_MDA_20260907_133019.pdf
2026-09-07 13:30:19,591 | INFO | 📎 Archivo generado: C:\MDA\Reportes\Power BI\Dashboard_MDA_20260907_133019.pdf
2026-09-07 13:30:19,593 | INFO | 📧 Entrando a Mailer
2026-09-07 13:30:20,083 | INFO | 📧 Iniciando Outlook
2026-09-07 13:30:20,133 | INFO | ✅ Outlook ya estaba abierto
2026-09-07 13:30:20,134 | INFO | ✅ Outlook listo
2026-09-07 13:30:20,152 | INFO | ✅ Namespace obtenido
2026-09-07 13:30:20,190 | INFO | ✅ Objeto Mail creado
2026-09-07 13:30:20,234 | INFO | 📨 Cuenta encontrada: exp.gsurco@dpworld.com
2026-09-07 13:30:20,289 | INFO | 📧 Para: Roberto.Moreno@dpworld.com;canv.lgenaro@dpworld.com
2026-09-07 13:30:20,290 | INFO | 📧 CC: canv.lgenaro@dpworld.com; Miguel.Curi@dpworld.com
2026-09-07 13:30:20,290 | INFO | 📎 Adjuntando archivo: C:\MDA\Reportes\Power BI\Dashboard_MDA_20260907_133019.pdf
2026-09-07 13:30:20,531 | INFO | ✅ Archivo adjuntado
2026-09-07 13:30:20,763 | INFO | ✅ Correo guardado
2026-09-07 13:30:20,764 | INFO | 📤 Enviando correo...
2026-09-07 13:30:21,180 | INFO | ✅ Outlook aceptó Send() en 0.42 segundos
2026-09-07 13:30:21,181 | INFO | ✅ Tiempo total: 1.10 segundos
2026-09-07 13:30:21,247 | INFO | ✅ Proceso completado
2026-09-07 13:30:23,609 | INFO | 🔒 Navegador cerrado
2026-09-07 13:37:53,983 | INFO | REPORT_PATH cargado: [C:\MDA\Reportes\Power BI]
2026-09-07 13:37:54,025 | INFO | ✅ Scheduler iniciado
2026-09-07 13:37:54,025 | INFO | ⏳ Esperando siguiente corte... 13:37:54
2026-09-07 14:37:54,027 | INFO | ⏳ Esperando siguiente corte... 14:37:54
2026-09-07 15:37:54,036 | INFO | ⏳ Esperando siguiente corte... 15:37:54
2026-09-07 16:37:54,039 | INFO | ⏰ Hora programada alcanzada
2026-09-07 16:37:54,039 | INFO | 🚀 Iniciando proceso
2026-09-07 16:38:01,424 | INFO | 🌐 Abriendo reporte Power BI
2026-09-07 16:38:03,260 | INFO | URL actual: https://app.powerbi.com/signin#code=1.AXMAm2zRKyF-dEKcBnkZ92R7uw8BHIdhXrFPg6yYYQp-kRAAAJhzAA.BQABBAIAAAADAOz_BQD0_0V2b1N0c0FydGlmYWN0cwIAAAAAAEmKUnjXdgLHAnCB3KlM1CvPQR3fbHVBv_h-5W_gCFIYkB5uquRRqg7cDqzE0wwl6tZ71o7e0bar9dOPXzBD9UPF3FdvQYNlBTh7y48yQNHgcHTgJltFjMsPLN75sK5CvbE53o0-l24bbYfNZTZQgCwUmLTerH9bj5PjainJgDZqR8rVyffZxXPR1DzijtnqdHvq0d-KtIIFMAcLgGLmqrcEj7ToaxRBbr8_wEiR9khfX_9MOKslClSgXaRwXHD7CfBkbWGZjGLQt2L906YED-Pchel3qq_nwNp7hRvnIJleDcbnpn-ZObtl855P3ocsQV1V0dc036Z6Sp7pJ8Oye3CYRH1FmU8hSHsUDt9elloz3CMt_SSSRpIT4lTZBjFE3mZm9K6Bwbthjy5RLq8KMfzPIAAbFnD6XuDGRS7C1BbKeOXIVMbfELWLhUlve87Bl0v2gDAy3T6lLYhup5akoQY3hVi7Gk5-PDZ0LNU_zwwSsi49_pckEtPE9iQsKIUs5k5FSySal2fqDE-thMt4SoeNFsw8oXg1BRtnZC3iRHFvkyzs0dbTD2CqORREzRAvbF0PjQDmCvVkE6_N-3K8IA5C965sjXOGukgQf4QnKVTlou0W08780OQifd4MspmWNw2orgXkhq74xoRjy8QOlE7BjNZsTN6FQ7YinOvNNzVXd8Gp8dBnXfwAFTUOByID73vsp4nf2RIEFIYJf9OMJfX-QnFWwpN7LYikZjhDHPwx6QJtXCnTFfUPDaJ4-6F37jTpBpeh8cKkheH3oy4cQiAtXkYYicjSsu-ASUIbPba006X1mXGkxTJD0eD4R3soI3lARBZjoPdwebPZSeiVIUPysn4VMkqM4tFdSfw_jCGIa_9rtbInxzCRDVfwArb-WEuXPwZE5aYh0SdzT2T8rhSVARPHjIPxjbdfCHFaJcUlSzbJRaoKitBKpsSxbVCNe8TPprxbTSR6ZaNYL8uGI7vibfnJ2d45FoYOUlvcMFt0BOJLeSu4wlaNDoM8Ae_w3s7VsE-aHTnoFWRgxXPXZNPv-IXCW9Z8o2Q-w8-zpECo5qHgUu3nw-voO0dsfsTDSBj5KnL6RbAvSyIjstoAAe7DbWyJf1Dxe83rPoOWE3wcZxM1i-V7gsOplYDIgr9vA7L_dVQD2uXoN8eKR0wVTeMRh_mObMD_PSTwFTdKhhUwsOhPCVxe9I5xy0SqsKBEyD6NqjrhP6aEjvNrBwbXfyVvew3oXhr12gwKuAlrZi_JVtIvFFa0tZGSpfK8HiLy7fA0nJQyM-iHR-QbhnjxQtTWIIjnHtG29QLvcDMBPycmLIWFJE0FdE6zSJdFfQznKKLChq3EJA&client_info=eyJ1aWQiOiJjNzYyYmRhZS0wNzcwLTRhMDMtODg2NC05ZTE1ODU4NzEwNWUiLCJ1dGlkIjoiMmJkMTZjOWItN2UyMS00Mjc0LTljMDYtNzkxOWY3NjQ3YmJiIn0&state=eyJpZCI6IjAxYTA3ZGNlLTg2OTEtN2EyMS1iNTU2LTc5ODI2ZTM5ZGJjNiIsIm1ldGEiOnsiaW50ZXJhY3Rpb25UeXBlIjoicmVkaXJlY3QifX0%3d%7c1788817082000%3b1788817082000.7002%3b1788817081678.1&session_state=007e389a-e5eb-915b-aafc-1e723d08f25c&correlation_id=01a07dce-8691-77cb-a27d-a8bf113ead47&clientdata=e%7c%7c%7cmicrosoftonline.com%7cnone
2026-09-07 16:39:03,284 | ERROR | ❌ Error: Message: invalid session id: session deleted as the browser has closed the connection
from disconnected: not connected to DevTools
  (Session info: chrome=152.0.7977.77); For documentation on this error, please visit: https://www.selenium.dev/documentation/webdriver/troubleshooting/errors#invalidsessionidexception
Stacktrace:
	chromedriver!GetHandleVerifier [0x7ff6fbeeabb5+151b5]
	chromedriver!GetHandleVerifier [0x7ff6fbeeac10+15210]
	chromedriver!(No symbol) [0x7ff6fba15d6d]
	chromedriver!(No symbol) [0x7ff6fba015c2]
	chromedriver!(No symbol) [0x7ff6fba274a1]
	chromedriver!(No symbol) [0x7ff6fbaa1320]
	chromedriver!(No symbol) [0x7ff6fbabe4f2]
	chromedriver!(No symbol) [0x7ff6fba637cc]
	chromedriver!(No symbol) [0x7ff6fba646f3]
	chromedriver!GetHandleVerifier [0x7ff6fc50b79b+635d9b]
	chromedriver!GetHandleVerifier [0x7ff6fc505ac6+6300c6]
	chromedriver!GetHandleVerifier [0x7ff6fc52bcee+6562ee]
	chromedriver!GetHandleVerifier [0x7ff6fbf08ffe+335fe]
	chromedriver!GetHandleVerifier [0x7ff6fbf1147c+3ba7c]
	chromedriver!GetHandleVerifier [0x7ff6fbef4d64+1f364]
	chromedriver!GetHandleVerifier [0x7ff6fbef4ef4+1f4f4]
	chromedriver!GetHandleVerifier [0x7ff6fbed7d97+2397]
	KERNEL32!BaseThreadInitThunk [0x7ffc246de957+17]
	ntdll!RtlUserThreadStart [0x7ffc25d2ad6c+2c]

2026-09-07 16:39:03,337 | ERROR | Traceback (most recent call last):
  File "c:\Automatizaciones\MDA\SEND_REPORTS\main.py", line 28, in main
    pdf_file = powerbi.export_pdf()
  File "c:\Automatizaciones\MDA\SEND_REPORTS\src\powerbi.py", line 105, in export_pdf
    f"Título página: {self.driver.title}"
                      ^^^^^^^^^^^^^^^^^
  File "C:\Users\expgsurco\AppData\Local\Python\pythoncore-3.14-64\Lib\site-packages\selenium\webdriver\remote\webdriver.py", line 536, in title
    return self.execute(Command.GET_TITLE).get("value", "")
           ~~~~~~~~~~~~^^^^^^^^^^^^^^^^^^^
  File "C:\Users\expgsurco\AppData\Local\Python\pythoncore-3.14-64\Lib\site-packages\selenium\webdriver\remote\webdriver.py", line 504, in execute
    self.error_handler.check_response(response)
    ~~~~~~~~~~~~~~~~~~~~~~~~~~~~~~~~~^^^^^^^^^^
  File "C:\Users\expgsurco\AppData\Local\Python\pythoncore-3.14-64\Lib\site-packages\selenium\webdriver\remote\errorhandler.py", line 232, in check_response
    raise exception_class(message, screen, stacktrace)
selenium.common.exceptions.InvalidSessionIdException: Message: invalid session id: session deleted as the browser has closed the connection
from disconnected: not connected to DevTools
  (Session info: chrome=152.0.7977.77); For documentation on this error, please visit: https://www.selenium.dev/documentation/webdriver/troubleshooting/errors#invalidsessionidexception
Stacktrace:
	chromedriver!GetHandleVerifier [0x7ff6fbeeabb5+151b5]
	chromedriver!GetHandleVerifier [0x7ff6fbeeac10+15210]
	chromedriver!(No symbol) [0x7ff6fba15d6d]
	chromedriver!(No symbol) [0x7ff6fba015c2]
	chromedriver!(No symbol) [0x7ff6fba274a1]
	chromedriver!(No symbol) [0x7ff6fbaa1320]
	chromedriver!(No symbol) [0x7ff6fbabe4f2]
	chromedriver!(No symbol) [0x7ff6fba637cc]
	chromedriver!(No symbol) [0x7ff6fba646f3]
	chromedriver!GetHandleVerifier [0x7ff6fc50b79b+635d9b]
	chromedriver!GetHandleVerifier [0x7ff6fc505ac6+6300c6]
	chromedriver!GetHandleVerifier [0x7ff6fc52bcee+6562ee]
	chromedriver!GetHandleVerifier [0x7ff6fbf08ffe+335fe]
	chromedriver!GetHandleVerifier [0x7ff6fbf1147c+3ba7c]
	chromedriver!GetHandleVerifier [0x7ff6fbef4d64+1f364]
	chromedriver!GetHandleVerifier [0x7ff6fbef4ef4+1f4f4]
	chromedriver!GetHandleVerifier [0x7ff6fbed7d97+2397]
	KERNEL32!BaseThreadInitThunk [0x7ffc246de957+17]
	ntdll!RtlUserThreadStart [0x7ffc25d2ad6c+2c]


2026-09-07 16:39:05,475 | INFO | 🔒 Navegador cerrado
2026-09-07 16:39:05,476 | INFO | ⏳ Esperando siguiente corte... 16:39:05
2026-09-07 16:56:46,973 | INFO | REPORT_PATH cargado: [C:\MDA\Reportes\Power BI]
2026-09-07 16:56:47,026 | INFO | 🚀 Iniciando proceso
2026-09-07 16:56:53,852 | INFO | 🌐 Abriendo reporte Power BI
2026-09-07 16:56:55,817 | INFO | URL actual: https://app.powerbi.com/signin#code=1.AXMAm2zRKyF-dEKcBnkZ92R7uw8BHIdhXrFPg6yYYQp-kRAAAJhzAA.BQABBAIAAAADAOz_BQD0_0V2b1N0c0FydGlmYWN0cwIAAAAAAEm4Ha92qKdUUd_23OjRfBQNbGW_ytF5HmysrwRenMI8kvJFNJykK77G11Iif66KfNQMEZAYuGYy27nYxjs8HNkL9S1q1L0FO0pTMlPdGYh9BeTR_NEvafq4M174c7Ysv-KPbxqlpae26uAbFBMPk0Zcyhf71R3jMXx2Q0rmfbKHxwYljgsee6ikdS1qVRIMi5efJpJqI9jOyurxYJdOeRBrtdXr9zgRELOLqzqriW18kcX3jUKnbrW57fshka8CC8DOH8xV6C28p7XylCZKZr5Slt6SnU3M3Zna4cvrE1ghOA8JVTTIKTsl26AyRi3AzWlLkGVyBoZEaKXJlGufB8nRM2PTqFRpDBUgdURkrQfcaOv_SNR7OYdJYrhMzAQVcXMob4oPacqW9sIaRzW8F8YZDoXVrlkIYfoOhpl9x36nOB65JJ76xwhmfG1XuoZX0LCWG9thDr1cAMMHpys7nZncnkXnt2ciOi8GaYEkETb4vrUsXAWSEVIvDVa7CkMSiWUH8V1E-OQ42MZJ5CikWRjyvUJykGbSeNjvptaybeTp597q5WsJRZZWr3a9jL0ZnK2JW69VQcAsxPlSBEuWBjqwnqetXFhbmcikvdWr_An2wnvrKRY-CWh3W_EaFfyujlmkmae3Zsd-091ZdFOr4lZzVCY3zsIIvV1oJIM8m1xO7aoXGAY0Jm2cRaWV9nrwU15ljMKfg5dN-SWXVWUUGga5U5glRhmRF9iMrIJ1y48LSywmWaoLCYVYkzpCmYPViiEcDLfGzU3IHEWhda2VKJQ9081X1h6Xzj6DPqC94qTCkzcEYREWxpGcY0DfHajaNq6WCE8a21hQiXVTRBwKfQQm0p95Ora82rcdQfjkyp_J84qQXltc6Vijgz4zIp66qJ50bW0bTKdWnArZtcky4txW7OhAj45LBEryoxxDX0_Btc-dalb57NSJ0_8-4UpZGsdceNC9U3LGczJoZwBWpQuOx2l4zXZw8yQJyH5k-xYOwITp2HP8K-MuqjcdyVW6hIEm_XeeqLW6pOV7wllK-k_OYj3i5QQAjMjvJ4iqgNwSObS-QyXWyxMR9mejYnP22r353WFgtX-zMBr6sQDEGnLVbzSRKHAnUW09s9rW2smWrKkyKycGAyy5KzKwnK9kdznsYygnNsR9jqcZ8pLSPePplfnklJm3xw6J8l0y7UmIjj2oFeorsZtP9OVccys3vexhzPTtNzK2IjXMS-so9y0WMUgSR8SdLhiDhEMV1PXu03nOia62cfff2Mhor2CNac-I8cdGF7ewSm0LjCKWgGwoQ0QzApRi2DKcAB4hHfwB2RoE7tdumoam4lcjUczHJ_U6C1yrsQ&client_info=eyJ1aWQiOiJjNzYyYmRhZS0wNzcwLTRhMDMtODg2NC05ZTE1ODU4NzEwNWUiLCJ1dGlkIjoiMmJkMTZjOWItN2UyMS00Mjc0LTljMDYtNzkxOWY3NjQ3YmJiIn0&state=eyJpZCI6IjAxYTA3ZGRmLWNlNDgtN2YzZS04YjUyLWMwNzEyOGRmY2Q2MiIsIm1ldGEiOnsiaW50ZXJhY3Rpb25UeXBlIjoicmVkaXJlY3QifX0%3d%7c1788818214470.8%3b1788818214471.7002%3b1788818214183.1&session_state=007e389a-e5eb-915b-aafc-1e723d08f25c&correlation_id=01a07ddf-ce47-7415-ae05-f3a563bfa2fe&clientdata=e%7c%7c%7cmicrosoftonline.com%7cnone
2026-09-07 16:57:55,942 | INFO | Título página: Carátula - MDA - Power BI
2026-09-07 16:57:55,942 | INFO | 📤 Abriendo menú Exportar
2026-09-07 16:57:58,455 | INFO | ✅ Menú Exportar abierto
2026-09-07 16:58:03,456 | INFO | 📄 Seleccionando PDF
2026-09-07 16:58:03,552 | INFO | ✅ Opción PDF seleccionada
2026-09-07 16:58:03,553 | INFO | 📋 Esperando ventana de confirmación
2026-09-07 16:58:04,334 | INFO | ✅ Confirmación PDF enviada
2026-09-07 16:58:14,335 | INFO | 📂 Ruta configurada: C:\MDA\Reportes\Power BI
2026-09-07 16:58:14,339 | INFO | 📄 Archivos encontrados: []
2026-09-07 16:58:16,343 | INFO | 📄 Archivos encontrados: []
2026-09-07 16:58:18,347 | INFO | 📄 Archivos encontrados: []
2026-09-07 16:58:20,349 | INFO | 📄 Archivos encontrados: []
2026-09-07 16:58:22,352 | INFO | 📄 Archivos encontrados: []
2026-09-07 16:58:24,354 | INFO | 📄 Archivos encontrados: []
2026-09-07 16:58:26,360 | INFO | 📄 Archivos encontrados: []
2026-09-07 16:58:28,362 | INFO | 📄 Archivos encontrados: []
2026-09-07 16:58:30,364 | INFO | 📄 Archivos encontrados: []
2026-09-07 16:58:32,367 | INFO | 📄 Archivos encontrados: []
2026-09-07 16:58:34,369 | INFO | 📄 Archivos encontrados: []
2026-09-07 16:58:36,376 | INFO | 📄 Archivos encontrados: []
2026-09-07 16:58:38,379 | INFO | 📄 Archivos encontrados: []
2026-09-07 16:58:40,383 | INFO | 📄 Archivos encontrados: []
2026-09-07 16:58:42,389 | INFO | 📄 Archivos encontrados: []
2026-09-07 16:58:44,392 | INFO | 📄 Archivos encontrados: []
2026-09-07 16:58:46,397 | INFO | 📄 Archivos encontrados: []
2026-09-07 16:58:48,399 | INFO | 📄 Archivos encontrados: []
2026-09-07 16:58:50,405 | INFO | 📄 Archivos encontrados: []
2026-09-07 16:58:52,407 | INFO | 📄 Archivos encontrados: []
2026-09-07 16:58:54,411 | INFO | 📄 Archivos encontrados: []
2026-09-07 16:58:56,413 | INFO | 📄 Archivos encontrados: []
2026-09-07 16:58:58,415 | INFO | 📄 Archivos encontrados: []
2026-09-07 16:59:00,422 | INFO | 📄 Archivos encontrados: []
2026-09-07 16:59:02,425 | INFO | 📄 Archivos encontrados: ['MDA.pdf']
2026-09-07 16:59:02,429 | INFO | ✅ PDF renombrado: C:\MDA\Reportes\Power BI\Dashboard_MDA_20260907_165902.pdf
2026-09-07 16:59:02,430 | INFO | 📎 Archivo generado: C:\MDA\Reportes\Power BI\Dashboard_MDA_20260907_165902.pdf
2026-09-07 16:59:02,430 | INFO | 📧 Entrando a Mailer
2026-09-07 16:59:02,809 | INFO | 📧 Iniciando Outlook
2026-09-07 16:59:02,830 | INFO | ✅ Outlook ya estaba abierto
2026-09-07 16:59:02,831 | INFO | ✅ Outlook listo
2026-09-07 16:59:02,841 | INFO | ✅ Namespace obtenido
2026-09-07 16:59:02,862 | INFO | ✅ Objeto Mail creado
2026-09-07 16:59:02,900 | INFO | 📨 Cuenta encontrada: exp.gsurco@dpworld.com
2026-09-07 16:59:02,931 | INFO | 📧 Para: Roberto.Moreno@dpworld.com;canv.lgenaro@dpworld.com
2026-09-07 16:59:02,933 | INFO | 📧 CC: canv.lgenaro@dpworld.com; Miguel.Curi@dpworld.com
2026-09-07 16:59:02,934 | INFO | 📎 Adjuntando archivo: C:\MDA\Reportes\Power BI\Dashboard_MDA_20260907_165902.pdf
2026-09-07 16:59:03,021 | INFO | ✅ Archivo adjuntado
2026-09-07 16:59:03,253 | INFO | ✅ Correo guardado
2026-09-07 16:59:03,254 | INFO | 📤 Enviando correo...
2026-09-07 16:59:03,697 | INFO | ✅ Outlook aceptó Send() en 0.44 segundos
2026-09-07 16:59:03,698 | INFO | ✅ Tiempo total: 0.89 segundos
2026-09-07 16:59:03,808 | INFO | ✅ Proceso completado
2026-09-07 16:59:06,403 | INFO | 🔒 Navegador cerrado
2026-09-07 17:00:38,947 | INFO | REPORT_PATH cargado: [C:\MDA\Reportes\Power BI]
2026-09-07 17:00:38,990 | INFO | ✅ Scheduler iniciado
2026-09-07 17:00:38,990 | INFO | ⏳ Esperando siguiente corte... 17:00:38
2026-09-07 18:00:38,995 | INFO | ⏳ Esperando siguiente corte... 18:00:38
2026-09-07 19:00:38,999 | INFO | ⏳ Esperando siguiente corte... 19:00:38
2026-09-07 20:00:39,003 | INFO | ⏳ Esperando siguiente corte... 20:00:39
2026-09-07 21:00:39,007 | INFO | ⏳ Esperando siguiente corte... 21:00:39
2026-09-07 22:00:39,011 | INFO | ⏳ Esperando siguiente corte... 22:00:39
2026-09-07 23:00:39,013 | INFO | ⏳ Esperando siguiente corte... 23:00:39
2026-09-08 00:00:39,016 | INFO | ⏳ Esperando siguiente corte... 00:00:39
2026-09-08 01:00:39,019 | INFO | ⏳ Esperando siguiente corte... 01:00:39
2026-09-08 05:54:54,255 | INFO | REPORT_PATH cargado: [C:\MDA\Reportes\Power BI]
2026-09-08 05:54:54,296 | INFO | ✅ Scheduler iniciado
2026-09-08 05:54:54,297 | INFO | ⏳ Esperando siguiente corte... 05:54:54
2026-09-08 06:54:54,299 | INFO | ⏳ Esperando siguiente corte... 06:54:54
2026-09-08 07:54:54,302 | INFO | ⏰ Hora programada alcanzada
2026-09-08 07:54:54,303 | INFO | 🚀 Iniciando proceso
2026-09-08 07:55:01,628 | INFO | 🌐 Abriendo reporte Power BI
2026-09-08 07:55:13,453 | INFO | URL actual: https://app.powerbi.com/groups/214d3eb4-a116-4ebf-a233-a9ff58f47ba0/reports/b6b06332-c9a4-4f82-b7c4-fa7252838ffd/1d3763661cd912f949b5?experience=power-bi
2026-09-08 07:56:13,472 | INFO | Título página: Carátula - MDA - Power BI
2026-09-08 07:56:13,473 | INFO | 📤 Abriendo menú Exportar
2026-09-08 07:56:15,883 | INFO | ✅ Menú Exportar abierto
2026-09-08 07:56:20,884 | INFO | 📄 Seleccionando PDF
2026-09-08 07:56:20,949 | INFO | ✅ Opción PDF seleccionada
2026-09-08 07:56:20,949 | INFO | 📋 Esperando ventana de confirmación
2026-09-08 07:56:21,563 | INFO | ✅ Confirmación PDF enviada
2026-09-08 07:56:31,563 | INFO | 📂 Ruta configurada: C:\MDA\Reportes\Power BI
2026-09-08 07:56:31,566 | INFO | 📄 Archivos encontrados: []
2026-09-08 07:56:33,568 | INFO | 📄 Archivos encontrados: []
2026-09-08 07:56:35,569 | INFO | 📄 Archivos encontrados: []
2026-09-08 07:56:37,576 | INFO | 📄 Archivos encontrados: []
2026-09-08 07:56:39,578 | INFO | 📄 Archivos encontrados: []
2026-09-08 07:56:41,584 | INFO | 📄 Archivos encontrados: []
2026-09-08 07:56:43,586 | INFO | 📄 Archivos encontrados: []
2026-09-08 07:56:45,589 | INFO | 📄 Archivos encontrados: []
2026-09-08 07:56:47,592 | INFO | 📄 Archivos encontrados: []
2026-09-08 07:56:49,595 | INFO | 📄 Archivos encontrados: []
2026-09-08 07:56:51,598 | INFO | 📄 Archivos encontrados: []
2026-09-08 07:56:53,600 | INFO | 📄 Archivos encontrados: []
2026-09-08 07:56:55,602 | INFO | 📄 Archivos encontrados: []
2026-09-08 07:56:57,604 | INFO | 📄 Archivos encontrados: []
2026-09-08 07:56:59,606 | INFO | 📄 Archivos encontrados: []
2026-09-08 07:57:01,609 | INFO | 📄 Archivos encontrados: []
2026-09-08 07:57:03,615 | INFO | 📄 Archivos encontrados: []
2026-09-08 07:57:05,617 | INFO | 📄 Archivos encontrados: []
2026-09-08 07:57:07,619 | INFO | 📄 Archivos encontrados: []
2026-09-08 07:57:09,621 | INFO | 📄 Archivos encontrados: []
2026-09-08 07:57:11,623 | INFO | 📄 Archivos encontrados: []
2026-09-08 07:57:13,625 | INFO | 📄 Archivos encontrados: []
2026-09-08 07:57:15,626 | INFO | 📄 Archivos encontrados: []
2026-09-08 07:57:17,628 | INFO | 📄 Archivos encontrados: []
2026-09-08 07:57:19,630 | INFO | 📄 Archivos encontrados: []
2026-09-08 07:57:21,632 | INFO | 📄 Archivos encontrados: []
2026-09-08 07:57:23,634 | INFO | 📄 Archivos encontrados: ['f16a8fca-7610-42cc-9a7a-31eb2397100d.tmp']
2026-09-08 07:57:25,638 | INFO | 📄 Archivos encontrados: ['MDA.pdf']
2026-09-08 07:57:25,652 | INFO | ✅ PDF renombrado: C:\MDA\Reportes\Power BI\Dashboard_MDA_20260908_075725.pdf
2026-09-08 07:57:25,653 | INFO | 📎 Archivo generado: C:\MDA\Reportes\Power BI\Dashboard_MDA_20260908_075725.pdf
2026-09-08 07:57:25,654 | INFO | 📧 Entrando a Mailer
2026-09-08 07:57:26,333 | INFO | 📧 Iniciando Outlook
2026-09-08 07:57:26,374 | INFO | ✅ Outlook ya estaba abierto
2026-09-08 07:57:26,375 | INFO | ✅ Outlook listo
2026-09-08 07:57:26,419 | INFO | ✅ Namespace obtenido
2026-09-08 07:57:26,443 | INFO | ✅ Objeto Mail creado
2026-09-08 07:57:26,504 | INFO | 📨 Cuenta encontrada: exp.gsurco@dpworld.com
2026-09-08 07:57:26,571 | INFO | 📧 Para: Roberto.Moreno@dpworld.com;canv.lgenaro@dpworld.com
2026-09-08 07:57:26,572 | INFO | 📧 CC: canv.lgenaro@dpworld.com; Miguel.Curi@dpworld.com
2026-09-08 07:57:26,573 | INFO | 📎 Adjuntando archivo: C:\MDA\Reportes\Power BI\Dashboard_MDA_20260908_075725.pdf
2026-09-08 07:57:26,790 | INFO | ✅ Archivo adjuntado
2026-09-08 07:57:27,034 | INFO | ✅ Correo guardado
2026-09-08 07:57:27,036 | INFO | 📤 Enviando correo...
2026-09-08 07:57:27,453 | INFO | ✅ Outlook aceptó Send() en 0.42 segundos
2026-09-08 07:57:27,454 | INFO | ✅ Tiempo total: 1.12 segundos
2026-09-08 07:57:27,552 | INFO | ✅ Proceso completado
2026-09-08 07:57:30,109 | INFO | 🔒 Navegador cerrado
2026-09-08 07:57:30,109 | INFO | ⏳ Esperando siguiente corte... 07:57:30
2026-09-08 08:57:30,111 | INFO | ⏳ Esperando siguiente corte... 08:57:30
2026-09-08 09:57:30,113 | INFO | ⏳ Esperando siguiente corte... 09:57:30
2026-09-08 10:57:30,116 | INFO | ⏳ Esperando siguiente corte... 10:57:30
2026-09-08 11:57:30,121 | INFO | ⏳ Esperando siguiente corte... 11:57:30
2026-09-08 12:57:30,129 | INFO | ⏳ Esperando siguiente corte... 12:57:30
2026-09-08 13:57:30,133 | INFO | ⏳ Esperando siguiente corte... 13:57:30
2026-09-08 14:57:30,134 | INFO | ⏳ Esperando siguiente corte... 14:57:30
2026-09-08 15:57:30,136 | INFO | ⏳ Esperando siguiente corte... 15:57:30
2026-09-08 16:57:30,141 | INFO | ⏰ Hora programada alcanzada
2026-09-08 16:57:30,146 | INFO | 🚀 Iniciando proceso
2026-09-08 16:57:37,960 | INFO | 🌐 Abriendo reporte Power BI
2026-09-08 16:57:39,980 | INFO | URL actual: https://app.powerbi.com/signin#code=1.AXMAm2zRKyF-dEKcBnkZ92R7uw8BHIdhXrFPg6yYYQp-kRAAAJhzAA.BQABBAIAAAADAOz_BQD0_0V2b1N0c0FydGlmYWN0cwIAAAAAAF5cOnCX_8KqFPzn0-_rRX3aJedNffY4Ww-LOGGG0JxUTUfRzlprHfWigMWfDArUVBrnva-vJil1SuBKF1grELHuQb7lPo5loVlINZtyBYfGrQw0jCxkIuPJnWbiuo1dagXz5dcgNvFe6WDbn3D8aL_TJRZtNwRb4sHcXUR65f7ah7wE2pfZqiG1pM7E4P04fYIwoTJdAEHaMhBIEZibhWTg0ULYLDFDs2PkfDQUxFMDFNfcM-9HSBk3w00hwgCoBNhSIDypxxe9J3SBCPN8vKt4VB4FqPKZXnvZXVj8aaFacuPfFx96eJSA-EQarhx3xxSRz2RzYo59v4Qmw5F4W9Iy6gO3i0U_jZcsNa3YNePjTezAMph1jzVs9wpFmxyCPCKo1g6hV25ZiZ97G_6-JaBre9LBye9li-9vu08mG_mSajXosDuJ4QRE1N85lVYua-_KJ6TjRCmninRaKZSguXzy5WQxiQa13rqt9RMpxx042flHbpFAIT5OD9oeqtaOYbnXjHBVabNV26Rtn1wEikPon6iFyTe42KUiFy1nmJFEPwBjMcjskl_YMpf8aTtC894RU4QRNfJsX-3sOkHQm7HV_cj3uK6oqbHhjwipiLRaeqHMAJ1y_C7uOeyX-0lbzNrCrgT3j1hXmxVm-uWlF104JFhlypEQWxm0PXjfrFfWmxoveLhurqLK8Iwp_tM6qHK1vsufJlQe-PunbMKupAT5bIKOFmOJ8fAjldzRIOY4tiXFMniHaj9Zhmo9IW0WxLtUbnQPX-o-SolvnF2TksCV-Ln0XkjzS7w9m8rXWQ5CZfM6RjCP7OnupTY-xO9q8i6oPzJmP8TiTP-dRNmtpvjphaas0Huat2KmassruuSt-wzUsXNq134yTtkZcWlihEX-5VvzzgzBSd3Ktsu_HedSvGSkR0ofrF9qXGq6PWccsGvDzQB2o3p1Jao0iUUD5a4sqZ270jruorsgelYKpxlUxhVNcpiwU0-aSNeytddll0eWRYARuYfNj-iY6EaMYwabcwyjayDHmQl-cWH22EdfphPhlPVYucgynpzwc8_NMYsh4waadeBcxyVJ6Hqztx5SkUKgKGHOou53yPO93KTu-sDD1ZdUXo_DDBbdvuoKokw6rtgUexFZAnEkqL831uAmrAraz9tFfkQZp6PHq4YlEMy9XEkp58PoyLV6mxAPkNvfbGnS1dJt56N0pa06mxwV0pSIEIVjEKu6qZImewwYQBjsG53zC6M5nZaR01JJO0Oa-5KcJ0fiiZaofG1YUwqsG88Ba4trVLqNogOHpcpGv8UTWQIkRIMysibbCCdGJR4z8CtSq0t5TZT_tulAdJwTjFfUHw&client_info=eyJ1aWQiOiJjNzYyYmRhZS0wNzcwLTRhMDMtODg2NC05ZTE1ODU4NzEwNWUiLCJ1dGlkIjoiMmJkMTZjOWItN2UyMS00Mjc0LTljMDYtNzkxOWY3NjQ3YmJiIn0&state=eyJpZCI6IjAxYTA4MzA2LWQ2MTQtNzNmNi1iMTQ3LWM1OThjNDAzY2M1NCIsIm1ldGEiOnsiaW50ZXJhY3Rpb25UeXBlIjoicmVkaXJlY3QifX0%3d%7c1788904658451.7002%3b1788904658452.2002%3b1788904658121.6&session_state=007e389a-e5eb-915b-aafc-1e723d08f25c&correlation_id=01a08306-d614-7d8a-bfa8-275aac131383&clientdata=e%7c%7c%7cmicrosoftonline.com%7cnone
2026-09-08 16:58:40,056 | INFO | Título página: Carátula - MDA - Power BI
2026-09-08 16:58:40,057 | INFO | 📤 Abriendo menú Exportar
2026-09-08 16:58:42,498 | INFO | ✅ Menú Exportar abierto
2026-09-08 16:58:47,499 | INFO | 📄 Seleccionando PDF
2026-09-08 16:58:47,630 | INFO | ✅ Opción PDF seleccionada
2026-09-08 16:58:47,632 | INFO | 📋 Esperando ventana de confirmación
2026-09-08 16:58:48,185 | INFO | ✅ Confirmación PDF enviada
2026-09-08 16:58:58,186 | INFO | 📂 Ruta configurada: C:\MDA\Reportes\Power BI
2026-09-08 16:58:58,191 | INFO | 📄 Archivos encontrados: []
2026-09-08 16:59:00,196 | INFO | 📄 Archivos encontrados: []
2026-09-08 16:59:02,200 | INFO | 📄 Archivos encontrados: []
2026-09-08 16:59:04,204 | INFO | 📄 Archivos encontrados: []
2026-09-08 16:59:06,207 | INFO | 📄 Archivos encontrados: []
2026-09-08 16:59:08,211 | INFO | 📄 Archivos encontrados: []
2026-09-08 16:59:10,214 | INFO | 📄 Archivos encontrados: []
2026-09-08 16:59:12,218 | INFO | 📄 Archivos encontrados: []
2026-09-08 16:59:14,221 | INFO | 📄 Archivos encontrados: []
2026-09-08 16:59:16,228 | INFO | 📄 Archivos encontrados: []
2026-09-08 16:59:18,236 | INFO | 📄 Archivos encontrados: []
2026-09-08 16:59:20,240 | INFO | 📄 Archivos encontrados: []
2026-09-08 16:59:22,243 | INFO | 📄 Archivos encontrados: []
2026-09-08 16:59:24,246 | INFO | 📄 Archivos encontrados: []
2026-09-08 16:59:26,249 | INFO | 📄 Archivos encontrados: []
2026-09-08 16:59:28,254 | INFO | 📄 Archivos encontrados: []
2026-09-08 16:59:30,257 | INFO | 📄 Archivos encontrados: []
2026-09-08 16:59:32,261 | INFO | 📄 Archivos encontrados: []
2026-09-08 16:59:34,264 | INFO | 📄 Archivos encontrados: []
2026-09-08 16:59:36,267 | INFO | 📄 Archivos encontrados: []
2026-09-08 16:59:38,270 | INFO | 📄 Archivos encontrados: []
2026-09-08 16:59:40,273 | INFO | 📄 Archivos encontrados: ['MDA.pdf.crdownload']
2026-09-08 16:59:40,274 | INFO | ⏳ Descargando: ['MDA.pdf.crdownload']
2026-09-08 16:59:42,277 | INFO | 📄 Archivos encontrados: ['MDA.pdf']
2026-09-08 16:59:42,295 | INFO | ✅ PDF renombrado: C:\MDA\Reportes\Power BI\Dashboard_MDA_20260908_165942.pdf
2026-09-08 16:59:42,296 | INFO | 📎 Archivo generado: C:\MDA\Reportes\Power BI\Dashboard_MDA_20260908_165942.pdf
2026-09-08 16:59:42,298 | INFO | 📧 Entrando a Mailer
2026-09-08 16:59:42,814 | INFO | 📧 Iniciando Outlook
2026-09-08 16:59:42,842 | INFO | ✅ Outlook ya estaba abierto
2026-09-08 16:59:42,843 | INFO | ✅ Outlook listo
2026-09-08 16:59:42,877 | INFO | ✅ Namespace obtenido
2026-09-08 16:59:42,911 | INFO | ✅ Objeto Mail creado
2026-09-08 16:59:42,954 | INFO | 📨 Cuenta encontrada: exp.gsurco@dpworld.com
2026-09-08 16:59:43,004 | INFO | 📧 Para: Roberto.Moreno@dpworld.com;canv.lgenaro@dpworld.com
2026-09-08 16:59:43,005 | INFO | 📧 CC: canv.lgenaro@dpworld.com; Miguel.Curi@dpworld.com
2026-09-08 16:59:43,005 | INFO | 📎 Adjuntando archivo: C:\MDA\Reportes\Power BI\Dashboard_MDA_20260908_165942.pdf
2026-09-08 16:59:43,292 | INFO | ✅ Archivo adjuntado
2026-09-08 16:59:43,590 | INFO | ✅ Correo guardado
2026-09-08 16:59:43,591 | INFO | 📤 Enviando correo...
2026-09-08 16:59:44,159 | INFO | ✅ Outlook aceptó Send() en 0.57 segundos
2026-09-08 16:59:44,161 | INFO | ✅ Tiempo total: 1.35 segundos
2026-09-08 16:59:44,262 | INFO | ✅ Proceso completado
2026-09-08 16:59:46,821 | INFO | 🔒 Navegador cerrado
2026-09-08 16:59:46,822 | INFO | ⏳ Esperando siguiente corte... 16:59:46
2026-09-08 17:59:46,824 | INFO | ⏳ Esperando siguiente corte... 17:59:46
2026-09-08 18:59:46,827 | INFO | ⏳ Esperando siguiente corte... 18:59:46
2026-09-09 06:20:17,259 | INFO | REPORT_PATH cargado: [C:\MDA\Reportes\Power BI]
2026-09-09 06:20:17,387 | INFO | ✅ Scheduler iniciado
2026-09-09 06:20:17,387 | INFO | ⏳ Esperando siguiente corte... 06:20:17
2026-09-09 07:48:47,734 | INFO | REPORT_PATH cargado: [C:\MDA\Reportes\Power BI]
2026-09-09 07:48:48,075 | INFO | 🚀 Iniciando proceso
2026-09-09 07:48:56,762 | INFO | 🌐 Abriendo reporte Power BI
2026-09-09 07:49:03,210 | INFO | URL actual: https://app.powerbi.com/groups/214d3eb4-a116-4ebf-a233-a9ff58f47ba0/reports/b6b06332-c9a4-4f82-b7c4-fa7252838ffd/1d3763661cd912f949b5?experience=power-bi
2026-09-09 07:50:03,294 | INFO | Título página: Carátula - MDA - Power BI
2026-09-09 07:50:03,296 | INFO | 📤 Abriendo menú Exportar
2026-09-09 07:50:05,551 | INFO | ✅ Menú Exportar abierto
2026-09-09 07:50:10,554 | INFO | 📄 Seleccionando PDF
2026-09-09 07:50:10,677 | INFO | ✅ Opción PDF seleccionada
2026-09-09 07:50:10,679 | INFO | 📋 Esperando ventana de confirmación
2026-09-09 07:50:10,908 | INFO | ✅ Confirmación PDF enviada
2026-09-09 07:50:20,910 | INFO | 📂 Ruta configurada: C:\MDA\Reportes\Power BI
2026-09-09 07:50:20,940 | INFO | 📄 Archivos encontrados: []
2026-09-09 07:50:22,946 | INFO | 📄 Archivos encontrados: []
2026-09-09 07:50:24,953 | INFO | 📄 Archivos encontrados: []
2026-09-09 07:50:26,959 | INFO | 📄 Archivos encontrados: []
2026-09-09 07:50:28,966 | INFO | 📄 Archivos encontrados: []
2026-09-09 07:50:30,972 | INFO | 📄 Archivos encontrados: []
2026-09-09 07:50:32,977 | INFO | 📄 Archivos encontrados: []
2026-09-09 07:50:34,986 | INFO | 📄 Archivos encontrados: []
2026-09-09 07:50:36,992 | INFO | 📄 Archivos encontrados: []
2026-09-09 07:50:38,998 | INFO | 📄 Archivos encontrados: []
2026-09-09 07:50:41,004 | INFO | 📄 Archivos encontrados: []
2026-09-09 07:50:43,011 | INFO | 📄 Archivos encontrados: []
2026-09-09 07:50:45,018 | INFO | 📄 Archivos encontrados: []
2026-09-09 07:50:47,023 | INFO | 📄 Archivos encontrados: []
2026-09-09 07:50:49,029 | INFO | 📄 Archivos encontrados: []
2026-09-09 07:50:51,037 | INFO | 📄 Archivos encontrados: []
2026-09-09 07:50:53,044 | INFO | 📄 Archivos encontrados: []
2026-09-09 07:50:55,051 | INFO | 📄 Archivos encontrados: []
2026-09-09 07:50:57,059 | INFO | 📄 Archivos encontrados: []
2026-09-09 07:50:59,066 | INFO | 📄 Archivos encontrados: []
2026-09-09 07:51:01,072 | INFO | 📄 Archivos encontrados: []
2026-09-09 07:51:03,078 | INFO | 📄 Archivos encontrados: []
2026-09-09 07:51:05,085 | INFO | 📄 Archivos encontrados: []
2026-09-09 07:51:07,091 | INFO | 📄 Archivos encontrados: ['MDA.pdf']
2026-09-09 07:51:07,099 | INFO | ✅ PDF renombrado: C:\MDA\Reportes\Power BI\Dashboard_MDA_20260909_075107.pdf
2026-09-09 07:51:07,101 | INFO | 📎 Archivo generado: C:\MDA\Reportes\Power BI\Dashboard_MDA_20260909_075107.pdf
2026-09-09 07:51:07,102 | INFO | 📧 Entrando a Mailer
2026-09-09 07:51:07,761 | INFO | 📧 Iniciando Outlook
2026-09-09 07:51:07,830 | INFO | ✅ Outlook ya estaba abierto
2026-09-09 07:51:07,832 | INFO | ✅ Outlook listo
2026-09-09 07:51:07,871 | INFO | ✅ Namespace obtenido
2026-09-09 07:51:07,919 | INFO | ✅ Objeto Mail creado
2026-09-09 07:51:08,008 | INFO | 📨 Cuenta encontrada: exp.gsurco@dpworld.com
2026-09-09 07:51:08,093 | INFO | 📧 Para: Roberto.Moreno@dpworld.com;canv.lgenaro@dpworld.com
2026-09-09 07:51:08,094 | INFO | 📧 CC: canv.lgenaro@dpworld.com; Miguel.Curi@dpworld.com
2026-09-09 07:51:08,095 | INFO | 📎 Adjuntando archivo: C:\MDA\Reportes\Power BI\Dashboard_MDA_20260909_075107.pdf
2026-09-09 07:51:08,487 | INFO | ✅ Archivo adjuntado
2026-09-09 07:51:08,807 | INFO | ✅ Correo guardado
2026-09-09 07:51:08,809 | INFO | 📤 Enviando correo...
2026-09-09 07:51:09,427 | INFO | ✅ Outlook aceptó Send() en 0.62 segundos
2026-09-09 07:51:09,429 | INFO | ✅ Tiempo total: 1.67 segundos
2026-09-09 07:51:09,594 | INFO | ✅ Proceso completado
2026-09-09 07:51:12,468 | INFO | 🔒 Navegador cerrado
2026-09-09 15:37:05,526 | INFO | REPORT_PATH cargado: [C:\MDA\Reportes\Power BI]
2026-09-09 15:37:05,557 | INFO | ✅ Scheduler iniciado
2026-09-09 15:37:05,558 | INFO | ⏳ Esperando siguiente corte... 15:37:05
2026-09-09 16:37:05,519 | INFO | ⏰ Hora programada alcanzada
2026-09-09 16:37:05,524 | INFO | 🚀 Iniciando proceso
2026-09-09 16:37:13,563 | INFO | 🌐 Abriendo reporte Power BI
2026-09-09 16:37:16,025 | INFO | URL actual: https://app.powerbi.com/groups/214d3eb4-a116-4ebf-a233-a9ff58f47ba0/reports/b6b06332-c9a4-4f82-b7c4-fa7252838ffd/1d3763661cd912f949b5?experience=power-bi
2026-09-09 16:38:16,113 | INFO | Título página: Carátula - MDA - Power BI
2026-09-09 16:38:16,114 | INFO | 📤 Abriendo menú Exportar
2026-09-09 16:38:18,504 | INFO | ✅ Menú Exportar abierto
2026-09-09 16:38:23,506 | INFO | 📄 Seleccionando PDF
2026-09-09 16:38:23,785 | INFO | ✅ Opción PDF seleccionada
2026-09-09 16:38:23,786 | INFO | 📋 Esperando ventana de confirmación
2026-09-09 16:38:24,391 | INFO | ✅ Confirmación PDF enviada
2026-09-09 16:38:34,393 | INFO | 📂 Ruta configurada: C:\MDA\Reportes\Power BI
2026-09-09 16:38:34,397 | INFO | 📄 Archivos encontrados: []
2026-09-09 16:38:36,400 | INFO | 📄 Archivos encontrados: []
2026-09-09 16:38:38,404 | INFO | 📄 Archivos encontrados: []
2026-09-09 16:38:40,408 | INFO | 📄 Archivos encontrados: []
2026-09-09 16:38:42,414 | INFO | 📄 Archivos encontrados: []
2026-09-09 16:38:44,419 | INFO | 📄 Archivos encontrados: []
2026-09-09 16:38:46,422 | INFO | 📄 Archivos encontrados: []
2026-09-09 16:38:48,423 | INFO | 📄 Archivos encontrados: []
2026-09-09 16:38:50,426 | INFO | 📄 Archivos encontrados: []
2026-09-09 16:38:52,429 | INFO | 📄 Archivos encontrados: []
2026-09-09 16:38:54,433 | INFO | 📄 Archivos encontrados: []
2026-09-09 16:38:56,437 | INFO | 📄 Archivos encontrados: []
2026-09-09 16:38:58,440 | INFO | 📄 Archivos encontrados: []
2026-09-09 16:39:00,443 | INFO | 📄 Archivos encontrados: []
2026-09-09 16:39:02,446 | INFO | 📄 Archivos encontrados: []
2026-09-09 16:39:04,450 | INFO | 📄 Archivos encontrados: []
2026-09-09 16:39:06,453 | INFO | 📄 Archivos encontrados: []
2026-09-09 16:39:08,456 | INFO | 📄 Archivos encontrados: []
2026-09-09 16:39:10,460 | INFO | 📄 Archivos encontrados: []
2026-09-09 16:39:12,463 | INFO | 📄 Archivos encontrados: []
2026-09-09 16:39:14,467 | INFO | 📄 Archivos encontrados: []
2026-09-09 16:39:16,471 | INFO | 📄 Archivos encontrados: []
2026-09-09 16:39:18,475 | INFO | 📄 Archivos encontrados: []
2026-09-09 16:39:20,481 | INFO | 📄 Archivos encontrados: []
2026-09-09 16:39:22,485 | INFO | 📄 Archivos encontrados: []
2026-09-09 16:39:24,489 | INFO | 📄 Archivos encontrados: []
2026-09-09 16:39:26,493 | INFO | 📄 Archivos encontrados: []
2026-09-09 16:39:28,501 | INFO | 📄 Archivos encontrados: ['MDA.pdf']
2026-09-09 16:39:28,510 | INFO | ✅ PDF renombrado: C:\MDA\Reportes\Power BI\Dashboard_MDA_20260909_163928.pdf
2026-09-09 16:39:28,511 | INFO | 📎 Archivo generado: C:\MDA\Reportes\Power BI\Dashboard_MDA_20260909_163928.pdf
2026-09-09 16:39:28,511 | INFO | 📧 Entrando a Mailer
2026-09-09 16:39:29,416 | INFO | 📧 Iniciando Outlook
2026-09-09 16:39:29,477 | INFO | ✅ Outlook ya estaba abierto
2026-09-09 16:39:29,478 | INFO | ✅ Outlook listo
2026-09-09 16:39:29,504 | INFO | ✅ Namespace obtenido
2026-09-09 16:39:29,525 | INFO | ✅ Objeto Mail creado
2026-09-09 16:39:29,585 | INFO | 📨 Cuenta encontrada: exp.gsurco@dpworld.com
2026-09-09 16:39:29,649 | INFO | 📧 Para: Roberto.Moreno@dpworld.com;canv.lgenaro@dpworld.com
2026-09-09 16:39:29,650 | INFO | 📧 CC: canv.lgenaro@dpworld.com; Miguel.Curi@dpworld.com
2026-09-09 16:39:29,651 | INFO | 📎 Adjuntando archivo: C:\MDA\Reportes\Power BI\Dashboard_MDA_20260909_163928.pdf
2026-09-09 16:39:29,947 | INFO | ✅ Archivo adjuntado
2026-09-09 16:39:30,391 | INFO | ✅ Correo guardado
2026-09-09 16:39:30,392 | INFO | 📤 Enviando correo...
2026-09-09 16:39:30,779 | INFO | ✅ Outlook aceptó Send() en 0.38 segundos
2026-09-09 16:39:30,780 | INFO | ✅ Tiempo total: 1.36 segundos
2026-09-09 16:39:30,866 | INFO | ✅ Proceso completado
2026-09-09 16:39:33,489 | INFO | 🔒 Navegador cerrado
2026-09-09 16:39:33,490 | INFO | ⏳ Esperando siguiente corte... 16:39:33
2026-09-09 17:39:33,404 | INFO | ⏳ Esperando siguiente corte... 17:39:33
2026-09-10 06:39:43,330 | INFO | REPORT_PATH cargado: [C:\MDA\Reportes\Power BI]
2026-09-10 06:39:43,374 | INFO | ✅ Scheduler iniciado
2026-09-10 06:39:43,374 | INFO | ⏳ Esperando siguiente corte... 06:39:43
2026-09-10 07:39:43,375 | INFO | ⏰ Hora programada alcanzada
2026-09-10 07:39:43,376 | INFO | 🚀 Iniciando proceso
2026-09-10 07:39:50,820 | INFO | 🌐 Abriendo reporte Power BI
2026-09-10 07:39:52,891 | INFO | URL actual: https://app.powerbi.com/signin#code=1.AXMAm2zRKyF-dEKcBnkZ92R7uw8BHIdhXrFPg6yYYQp-kRAAAJhzAA.BQABBAIAAAADAOz_BQD0_0V2b1N0c0FydGlmYWN0cwIAAAAAAJKg3T5MgexAdh6gLj1GW1BwVLKMeWydB0Hr6AaWcK8TWkHxpZYrar_nw1XRzCGOyWJgzZScXTBbbFE6uZ5fZ3DkTB3epVEUzG7W7Gw6CT6jhfyUvg0qmiaw1gL_18JVBngajYNDO-cdR2J6F7mf7HubluVTym1j1y52EpI6M0No9Rpjf4TRrngDIWRrpUx5Ea3LRbetah3PwN0s2uCRy58P7iuNvusrTPXaEeFMufkkZAWbdUzqAvEZT9rKidJ852nsuHV9Y05rykitshNBnEOKhE814CKilOJ8e2Mv0xeExakUJCqNRtGI_cl3TlGQclmd7HQS3eb-oY17kkIQXQzZZO-KGaLhczSWoq-cdHI-LpcGP0XXkmNQl42icv1xc2YEOJxNl9jocT2JoAKaEHQ9OzugorWBcHzVQOEQJU616_jBCvLj2PmCkBtI-phVkpIrNXoSmJCLAja_245QowYRqNqjSyfymUe5SZOmE07kcRXPBg89AhcLdulV5nJ4jEUKhoUTSSD3f49AIanrCNRG7TOnyBn6p3LMUwkgedbioKvkvjJA0jnvIf7vTaXh237DXbDRSaFTw39i5tsmyAd7IwI1Y6ijwg-S19Kr0gIWgzM90qkRwwd0zEjsIfNeCUeoGWjMu_E6oXdsblEdf-FeoC1OPbTbvHvMdWOMZlv_dGHEIVjCkupKXO_WgdxaBGM5K4iExNBB0zS8FU_vgHqfsssHmAsZq7qiUywkfWwJmQ5-aavxCW0M0yyXhURixD49nCTlse6GQDnh6YVgPmtNjOvCflb6uAEfO-se0CRloE7eDMpe5PWL6w-wzkt4EpJOmQ-Xz9hXM9b_SJhQPUlzWjWjefoOkFz1TbEhPHg6n8qBAx8b1GnlNcD1b-tC6Bh9rkym1q8_uHwQTHn4Gp4EJpGxDndyT_cWXQPVecbGRMisJ6NKO2n38lW2At1BqHGC34qjmdqaGkSegoyVL1zPbXBoBfAUEtRjPYw72KSDg40LF9_Femfo1jOBOPjoV3Gw8ncpFu8RPB0xlISsf-TV0Q9EMU_bHPOYiyV5w8JmK9R4xGfO8_jlx6kfqBfkIcIwV668-ZMJAWrDOBaiStKx1tgRc7MT8skUYqyK-EEavWpN8G4NF6ALYpcHv7RRZnHxnSWYF40oIoYRfsID_8crjajWN1t9HhFPwC9MxUyl9SD1BUx2DBFWOtQwuuAI_On6mnDaZ4LHSG0DQopJzKe-4NjOY5f43XFy7HcC1xyl-AnCPVmHbiyrPVli81BsmpmyKLVaPlffzQQN_JAhsR8e55efLOvGiNssH22cV2HrXnN8nz2zP3sTPj5V1xRdLHzyjnfsgA&client_info=eyJ1aWQiOiJjNzYyYmRhZS0wNzcwLTRhMDMtODg2NC05ZTE1ODU4NzEwNWUiLCJ1dGlkIjoiMmJkMTZjOWItN2UyMS00Mjc0LTljMDYtNzkxOWY3NjQ3YmJiIn0&state=eyJpZCI6IjAxYTA4YjU0LWUzMWMtNzFlZC1hNTAyLTkxMTQwN2IyY2NjZCIsIm1ldGEiOnsiaW50ZXJhY3Rpb25UeXBlIjoicmVkaXJlY3QifX0%3d%7c1789043991321.2998%3b1789043991323.5999%3b1789043991018.9&session_state=007e389a-e5eb-915b-aafc-1e723d08f25c&correlation_id=01a08b54-e31b-7fa3-b2b6-259c77e620c6&clientdata=e%7c%7c%7cmicrosoftonline.com%7cnone
2026-09-10 07:40:52,974 | INFO | Título página: Carátula - MDA - Power BI
2026-09-10 07:40:52,975 | INFO | 📤 Abriendo menú Exportar
2026-09-10 07:40:55,224 | INFO | ✅ Menú Exportar abierto
2026-09-10 07:41:00,225 | INFO | 📄 Seleccionando PDF
2026-09-10 07:41:00,270 | INFO | ✅ Opción PDF seleccionada
2026-09-10 07:41:00,270 | INFO | 📋 Esperando ventana de confirmación
2026-09-10 07:41:00,812 | INFO | ✅ Confirmación PDF enviada
2026-09-10 07:41:10,813 | INFO | 📂 Ruta configurada: C:\MDA\Reportes\Power BI
2026-09-10 07:41:10,817 | INFO | 📄 Archivos encontrados: []
2026-09-10 07:41:12,819 | INFO | 📄 Archivos encontrados: []
2026-09-10 07:41:14,820 | INFO | 📄 Archivos encontrados: []
2026-09-10 07:41:16,822 | INFO | 📄 Archivos encontrados: []
2026-09-10 07:41:18,824 | INFO | 📄 Archivos encontrados: []
2026-09-10 07:41:20,827 | INFO | 📄 Archivos encontrados: []
2026-09-10 07:41:22,829 | INFO | 📄 Archivos encontrados: []
2026-09-10 07:41:24,832 | INFO | 📄 Archivos encontrados: []
2026-09-10 07:41:26,834 | INFO | 📄 Archivos encontrados: []
2026-09-10 07:41:28,837 | INFO | 📄 Archivos encontrados: []
2026-09-10 07:41:30,841 | INFO | 📄 Archivos encontrados: []
2026-09-10 07:41:32,844 | INFO | 📄 Archivos encontrados: []
2026-09-10 07:41:34,847 | INFO | 📄 Archivos encontrados: []
2026-09-10 07:41:36,851 | INFO | 📄 Archivos encontrados: []
2026-09-10 07:41:38,854 | INFO | 📄 Archivos encontrados: []
2026-09-10 07:41:40,858 | INFO | 📄 Archivos encontrados: []
2026-09-10 07:41:42,862 | INFO | 📄 Archivos encontrados: []
2026-09-10 07:41:44,865 | INFO | 📄 Archivos encontrados: []
2026-09-10 07:41:46,868 | INFO | 📄 Archivos encontrados: []
2026-09-10 07:41:48,871 | INFO | 📄 Archivos encontrados: []
2026-09-10 07:41:50,872 | INFO | 📄 Archivos encontrados: []
2026-09-10 07:41:52,874 | INFO | 📄 Archivos encontrados: ['MDA.pdf']
2026-09-10 07:41:52,890 | INFO | ✅ PDF renombrado: C:\MDA\Reportes\Power BI\Dashboard_MDA_20260910_074152.pdf
2026-09-10 07:41:52,891 | INFO | 📎 Archivo generado: C:\MDA\Reportes\Power BI\Dashboard_MDA_20260910_074152.pdf
2026-09-10 07:41:52,892 | INFO | 📧 Entrando a Mailer
2026-09-10 07:41:53,380 | INFO | 📧 Iniciando Outlook
2026-09-10 07:41:53,406 | INFO | ✅ Outlook ya estaba abierto
2026-09-10 07:41:53,407 | INFO | ✅ Outlook listo
2026-09-10 07:41:53,415 | INFO | ✅ Namespace obtenido
2026-09-10 07:41:53,436 | INFO | ✅ Objeto Mail creado
2026-09-10 07:41:53,461 | INFO | 📨 Cuenta encontrada: exp.gsurco@dpworld.com
2026-09-10 07:41:53,479 | INFO | 📧 Para: Roberto.Moreno@dpworld.com;canv.lgenaro@dpworld.com
2026-09-10 07:41:53,480 | INFO | 📧 CC: canv.lgenaro@dpworld.com; Miguel.Curi@dpworld.com
2026-09-10 07:41:53,480 | INFO | 📎 Adjuntando archivo: C:\MDA\Reportes\Power BI\Dashboard_MDA_20260910_074152.pdf
2026-09-10 07:41:53,542 | INFO | ✅ Archivo adjuntado
2026-09-10 07:41:53,740 | INFO | ✅ Correo guardado
2026-09-10 07:41:53,741 | INFO | 📤 Enviando correo...
2026-09-10 07:41:53,976 | INFO | ✅ Outlook aceptó Send() en 0.23 segundos
2026-09-10 07:41:53,977 | INFO | ✅ Tiempo total: 0.60 segundos
2026-09-10 07:41:54,116 | INFO | ✅ Proceso completado
2026-09-10 07:41:56,447 | INFO | 🔒 Navegador cerrado
2026-09-10 07:41:56,448 | INFO | ⏳ Esperando siguiente corte... 07:41:56
2026-09-10 08:41:56,451 | INFO | ⏳ Esperando siguiente corte... 08:41:56
2026-09-10 09:41:56,463 | INFO | ⏳ Esperando siguiente corte... 09:41:56
2026-09-10 10:41:56,468 | INFO | ⏳ Esperando siguiente corte... 10:41:56
2026-09-10 11:41:56,485 | INFO | ⏳ Esperando siguiente corte... 11:41:56
2026-09-10 12:41:56,492 | INFO | ⏳ Esperando siguiente corte... 12:41:56
2026-09-10 13:41:56,502 | INFO | ⏳ Esperando siguiente corte... 13:41:56
2026-09-10 14:41:56,516 | INFO | ⏳ Esperando siguiente corte... 14:41:56
2026-09-10 15:41:56,528 | INFO | ⏳ Esperando siguiente corte... 15:41:56
2026-09-10 16:41:56,544 | INFO | ⏰ Hora programada alcanzada
2026-09-10 16:41:56,552 | INFO | 🚀 Iniciando proceso
2026-09-10 16:42:05,127 | INFO | 🌐 Abriendo reporte Power BI
2026-09-10 16:42:08,124 | INFO | URL actual: https://app.powerbi.com/groups/214d3eb4-a116-4ebf-a233-a9ff58f47ba0/reports/b6b06332-c9a4-4f82-b7c4-fa7252838ffd/1d3763661cd912f949b5?experience=power-bi
2026-09-10 16:43:08,171 | INFO | Título página: Carátula - MDA - Power BI
2026-09-10 16:43:08,171 | INFO | 📤 Abriendo menú Exportar
2026-09-10 16:43:10,521 | INFO | ✅ Menú Exportar abierto
2026-09-10 16:43:15,522 | INFO | 📄 Seleccionando PDF
2026-09-10 16:43:15,645 | INFO | ✅ Opción PDF seleccionada
2026-09-10 16:43:15,647 | INFO | 📋 Esperando ventana de confirmación
2026-09-10 16:43:16,116 | INFO | ✅ Confirmación PDF enviada
2026-09-10 16:43:26,117 | INFO | 📂 Ruta configurada: C:\MDA\Reportes\Power BI
2026-09-10 16:43:26,122 | INFO | 📄 Archivos encontrados: []
2026-09-10 16:43:28,129 | INFO | 📄 Archivos encontrados: []
2026-09-10 16:43:30,133 | INFO | 📄 Archivos encontrados: []
2026-09-10 16:43:32,137 | INFO | 📄 Archivos encontrados: []
2026-09-10 16:43:34,145 | INFO | 📄 Archivos encontrados: []
2026-09-10 16:43:36,149 | INFO | 📄 Archivos encontrados: []
2026-09-10 16:43:38,152 | INFO | 📄 Archivos encontrados: []
2026-09-10 16:43:40,155 | INFO | 📄 Archivos encontrados: []
2026-09-10 16:43:42,158 | INFO | 📄 Archivos encontrados: []
2026-09-10 16:43:44,161 | INFO | 📄 Archivos encontrados: []
2026-09-10 16:43:46,164 | INFO | 📄 Archivos encontrados: []
2026-09-10 16:43:48,168 | INFO | 📄 Archivos encontrados: []
2026-09-10 16:43:50,172 | INFO | 📄 Archivos encontrados: []
2026-09-10 16:43:52,176 | INFO | 📄 Archivos encontrados: []
2026-09-10 16:43:54,178 | INFO | 📄 Archivos encontrados: []
2026-09-10 16:43:56,181 | INFO | 📄 Archivos encontrados: []
2026-09-10 16:43:58,184 | INFO | 📄 Archivos encontrados: []
2026-09-10 16:44:00,186 | INFO | 📄 Archivos encontrados: []
2026-09-10 16:44:02,188 | INFO | 📄 Archivos encontrados: []
2026-09-10 16:44:04,191 | INFO | 📄 Archivos encontrados: []
2026-09-10 16:44:06,193 | INFO | 📄 Archivos encontrados: []
2026-09-10 16:44:08,197 | INFO | 📄 Archivos encontrados: ['MDA.pdf']
2026-09-10 16:44:08,210 | INFO | ✅ PDF renombrado: C:\MDA\Reportes\Power BI\Dashboard_MDA_20260910_164408.pdf
2026-09-10 16:44:08,211 | INFO | 📎 Archivo generado: C:\MDA\Reportes\Power BI\Dashboard_MDA_20260910_164408.pdf
2026-09-10 16:44:08,213 | INFO | 📧 Entrando a Mailer
2026-09-10 16:44:08,490 | INFO | 📧 Iniciando Outlook
2026-09-10 16:44:08,515 | INFO | ✅ Outlook ya estaba abierto
2026-09-10 16:44:08,516 | INFO | ✅ Outlook listo
2026-09-10 16:44:08,555 | INFO | ✅ Namespace obtenido
2026-09-10 16:44:08,574 | INFO | ✅ Objeto Mail creado
2026-09-10 16:44:08,597 | INFO | 📨 Cuenta encontrada: exp.gsurco@dpworld.com
2026-09-10 16:44:08,622 | INFO | 📧 Para: Roberto.Moreno@dpworld.com;canv.lgenaro@dpworld.com
2026-09-10 16:44:08,623 | INFO | 📧 CC: canv.lgenaro@dpworld.com; Miguel.Curi@dpworld.com
2026-09-10 16:44:08,623 | INFO | 📎 Adjuntando archivo: C:\MDA\Reportes\Power BI\Dashboard_MDA_20260910_164408.pdf
2026-09-10 16:44:08,747 | INFO | ✅ Archivo adjuntado
2026-09-10 16:44:09,034 | INFO | ✅ Correo guardado
2026-09-10 16:44:09,037 | INFO | 📤 Enviando correo...
2026-09-10 16:44:09,219 | INFO | ✅ Outlook aceptó Send() en 0.18 segundos
2026-09-10 16:44:09,220 | INFO | ✅ Tiempo total: 0.73 segundos
2026-09-10 16:44:09,266 | INFO | ✅ Proceso completado
2026-09-10 16:44:11,851 | INFO | 🔒 Navegador cerrado
2026-09-10 16:44:11,851 | INFO | ⏳ Esperando siguiente corte... 16:44:11
2026-09-10 17:44:11,863 | INFO | ⏳ Esperando siguiente corte... 17:44:11
2026-09-10 18:44:11,869 | INFO | ⏳ Esperando siguiente corte... 18:44:11
2026-09-10 19:44:11,872 | INFO | ⏳ Esperando siguiente corte... 19:44:11
2026-09-10 20:44:11,875 | INFO | ⏳ Esperando siguiente corte... 20:44:11
2026-09-11 07:13:45,399 | INFO | ⏰ Hora programada alcanzada
2026-09-11 07:13:45,407 | INFO | 🚀 Iniciando proceso
2026-09-11 07:13:53,301 | INFO | 🌐 Abriendo reporte Power BI
2026-09-11 07:13:55,330 | INFO | URL actual: https://app.powerbi.com/signin#code=1.AXMAm2zRKyF-dEKcBnkZ92R7uw8BHIdhXrFPg6yYYQp-kRAAAJhzAA.BQABBAIAAAADAOz_BQD0_0V2b1N0c0FydGlmYWN0cwIAAAAAAHaqEwNZI18s201SMvsUX4jBctdnsm1oHU6QHcd-6dIrH3iJqhW_t1oIiV8m7-t4lgXmLxc887JXXMhws9cVu0xhmcUuyT7E_Z55TA-26vixE2mVqorCWy5zr2lLlk_UcIton-QtZRgxBaX7spKZZLK2ycmKCqNgY61IuTbHL61pdh46__orvmZWwofFAhGp6KUAOfIJocQuxJstUCNFA6sQlIlFUvIceLGPN_ed0KHdAcESD8oalOe-11Io0r1mpbOPzHgK9AO521PSwHJClFLdrryYkla7rTa8L3bJMauTM4sYzkGHYqNhbGrif_-SlHVmAFTrg7xt89CpzamilcEb3lvcHH9GMoOwxyd-vOMuuCfuhWQXTxFSz-SgD0KNelrpOyr9bOfXYpaJPmYPQgRdRCQY3pPVRHCbE469Y_JQyhl_LF5dQxjURH0p9UiOWDbcEfiD92WCi2XV5IOnERf8MW2PdYTrOwdjN3p67uKKTWYuN-riWllIZdDRXN0ZayAIobVYAwgEIgHh5TDyU_slZiEbOI2nvc8baOZdb2JtjLqa3V-0PskpstguzzajkrHy3r-LX3z5FOwEtYT-bhaS1QghP-N9E2RKNrLLECIiXlbSdefCn6b6QdbLOKuctZlzuXldApDAepS2rqzEEXnNr0XjSZopTmGEOSTLPe6R9T0k32RItKCN45iL2nu7tMBCGzkNQ2f-d46xQEtsLz_2jyvMXYgtimx4O8B2n5wPS1cQsp3RLVXGTV-_N-t0B5pbisyP9N35qkh5trgC4nQaYa1xLN82-_X__gHL0OWVlsfbgq0x7NNFac6SgeBIX-TJqDO1NIupGoosksFhUB0OC4D-ikQb6lz3_Eefa0zA98qsBaIKC4FOzCRGIaCDO84LhCuUpRXbeV62U8QQYOZQPSfMuYVGjCvrp5Vdb4EA5FSnaU20oizhciFyv8ndJaGMrR3RLEJVW_UAAsmuLhTGutUKkeWDlIzQkdqBoVPA_-EGYz5zb-e1B94zF1XJDnzfWHDZj4IJ6-s2VhK_NIh2_gFA1VhxvidzsMkPsAQN3C3zlbtwE0b9bM7Hh7GqxS0y-oLpEdmUOLCTpqY6EhUWHMU_1TyHaTeBXTrHwD2_thHdjwtJMUN7lhTf06YoGXmxsjZ7CWbvyt0wztmel4NOkHVNpevAsl1KqEW6omr0gaz9cHt4K2SWR5x_rDKnqlq9mNXNyY9pKjtXqQIGCXNMy3hqQwBMPplpZbWsAjpNa9xOyt-oM64v-YKkkVaCuV7A8v61a31QYLCV9Wi6ZnwsdRliixRqewdeeU9Dvo2yotrI7zREmIftB3PPFRRE2vDvz3sjNss&client_info=eyJ1aWQiOiJjNzYyYmRhZS0wNzcwLTRhMDMtODg2NC05ZTE1ODU4NzEwNWUiLCJ1dGlkIjoiMmJkMTZjOWItN2UyMS00Mjc0LTljMDYtNzkxOWY3NjQ3YmJiIn0&state=eyJpZCI6IjAxYTA5MDYzLTdiNTktNzYyNy05YjFhLWVlNmM3MTQzMTk2ZCIsIm1ldGEiOnsiaW50ZXJhY3Rpb25UeXBlIjoicmVkaXJlY3QifX0%3d%7c1789128833877.8%3b1789128833880.2%3b1789128833554.5&session_state=007e389a-e5eb-915b-aafc-1e723d08f25c&correlation_id=01a09063-7b58-7773-97be-5a0ecde3767f&clientdata=e%7c%7c%7cmicrosoftonline.com%7cnone
2026-09-11 07:37:14,819 | INFO | REPORT_PATH cargado: [C:\MDA\Reportes\Power BI]
2026-09-11 07:37:15,096 | INFO | 🚀 Iniciando proceso
2026-09-11 07:37:22,054 | INFO | 🌐 Abriendo reporte Power BI
2026-09-11 07:37:35,013 | INFO | URL actual: https://app.powerbi.com/groups/214d3eb4-a116-4ebf-a233-a9ff58f47ba0/reports/b6b06332-c9a4-4f82-b7c4-fa7252838ffd/1d3763661cd912f949b5?experience=power-bi
2026-09-11 07:38:35,025 | INFO | Título página: Carátula - MDA - Power BI
2026-09-11 07:38:35,026 | INFO | 📤 Abriendo menú Exportar
2026-09-11 07:38:37,251 | INFO | ✅ Menú Exportar abierto
2026-09-11 07:38:42,252 | INFO | 📄 Seleccionando PDF
2026-09-11 07:38:42,287 | INFO | ✅ Opción PDF seleccionada
2026-09-11 07:38:42,289 | INFO | 📋 Esperando ventana de confirmación
2026-09-11 07:38:42,849 | INFO | ✅ Confirmación PDF enviada
2026-09-11 07:38:52,851 | INFO | 📂 Ruta configurada: C:\MDA\Reportes\Power BI
2026-09-11 07:38:52,861 | INFO | 📄 Archivos encontrados: []
2026-09-11 07:38:54,864 | INFO | 📄 Archivos encontrados: []
2026-09-11 07:38:56,868 | INFO | 📄 Archivos encontrados: []
2026-09-11 07:38:58,872 | INFO | 📄 Archivos encontrados: []
2026-09-11 07:39:00,878 | INFO | 📄 Archivos encontrados: []
2026-09-11 07:39:02,882 | INFO | 📄 Archivos encontrados: []
2026-09-11 07:39:04,886 | INFO | 📄 Archivos encontrados: []
2026-09-11 07:39:06,888 | INFO | 📄 Archivos encontrados: []
2026-09-11 07:39:08,893 | INFO | 📄 Archivos encontrados: []
2026-09-11 07:39:10,898 | INFO | 📄 Archivos encontrados: []
2026-09-11 07:39:12,902 | INFO | 📄 Archivos encontrados: []
2026-09-11 07:39:14,908 | INFO | 📄 Archivos encontrados: []
2026-09-11 07:39:16,913 | INFO | 📄 Archivos encontrados: []
2026-09-11 07:39:18,917 | INFO | 📄 Archivos encontrados: []
2026-09-11 07:39:20,924 | INFO | 📄 Archivos encontrados: []
2026-09-11 07:39:22,927 | INFO | 📄 Archivos encontrados: []
2026-09-11 07:39:24,930 | INFO | 📄 Archivos encontrados: []
2026-09-11 07:39:26,934 | INFO | 📄 Archivos encontrados: []
2026-09-11 07:39:28,938 | INFO | 📄 Archivos encontrados: []
2026-09-11 07:39:30,941 | INFO | 📄 Archivos encontrados: []
2026-09-11 07:39:32,948 | INFO | 📄 Archivos encontrados: []
2026-09-11 07:39:34,953 | INFO | 📄 Archivos encontrados: ['MDA.pdf']
2026-09-11 07:39:34,957 | INFO | ✅ PDF renombrado: C:\MDA\Reportes\Power BI\Dashboard_MDA_20260911_073934.pdf
2026-09-11 07:39:34,959 | INFO | 📎 Archivo generado: C:\MDA\Reportes\Power BI\Dashboard_MDA_20260911_073934.pdf
2026-09-11 07:39:34,960 | INFO | 📧 Entrando a Mailer
2026-09-11 07:39:35,446 | INFO | 📧 Iniciando Outlook
2026-09-11 07:39:35,496 | INFO | ✅ Outlook ya estaba abierto
2026-09-11 07:39:35,497 | INFO | ✅ Outlook listo
2026-09-11 07:39:35,520 | INFO | ✅ Namespace obtenido
2026-09-11 07:39:35,569 | INFO | ✅ Objeto Mail creado
2026-09-11 07:39:35,650 | INFO | 📨 Cuenta encontrada: exp.gsurco@dpworld.com
2026-09-11 07:39:35,727 | INFO | 📧 Para: Roberto.Moreno@dpworld.com
2026-09-11 07:39:35,728 | INFO | 📧 CC: canv.lgenaro@dpworld.com; Miguel.Curi@dpworld.com
2026-09-11 07:39:35,729 | INFO | 📎 Adjuntando archivo: C:\MDA\Reportes\Power BI\Dashboard_MDA_20260911_073934.pdf
2026-09-11 07:39:36,035 | INFO | ✅ Archivo adjuntado
2026-09-11 07:39:36,309 | INFO | ✅ Correo guardado
2026-09-11 07:39:36,310 | INFO | 📤 Enviando correo...
2026-09-11 07:39:36,963 | INFO | ✅ Outlook aceptó Send() en 0.65 segundos
2026-09-11 07:39:36,964 | INFO | ✅ Tiempo total: 1.52 segundos
2026-09-11 07:39:37,060 | INFO | ✅ Proceso completado
2026-09-11 07:39:39,352 | INFO | 🔒 Navegador cerrado
2026-09-11 07:56:21,831 | INFO | REPORT_PATH cargado: [C:\MDA\Reportes\Power BI]
2026-09-11 07:56:22,026 | INFO | ✅ Scheduler iniciado
2026-09-11 07:56:22,026 | INFO | ⏳ Esperando siguiente corte... 07:56:22
2026-09-11 08:56:22,028 | INFO | ⏳ Esperando siguiente corte... 08:56:22
2026-09-11 09:56:22,032 | INFO | ⏳ Esperando siguiente corte... 09:56:22
2026-09-11 10:56:22,037 | INFO | ⏳ Esperando siguiente corte... 10:56:22
2026-09-11 11:56:22,048 | INFO | ⏳ Esperando siguiente corte... 11:56:22
2026-09-11 12:56:22,057 | INFO | ⏳ Esperando siguiente corte... 12:56:22
2026-09-11 13:56:22,064 | INFO | ⏳ Esperando siguiente corte... 13:56:22
2026-09-11 14:56:22,066 | INFO | ⏳ Esperando siguiente corte... 14:56:22
2026-09-11 15:56:22,070 | INFO | ⏳ Esperando siguiente corte... 15:56:22
2026-09-11 16:56:22,079 | INFO | ⏰ Hora programada alcanzada
2026-09-11 16:56:22,085 | INFO | 🚀 Iniciando proceso
2026-09-11 16:56:28,893 | INFO | 🌐 Abriendo reporte Power BI
2026-09-11 16:56:30,783 | INFO | URL actual: https://app.powerbi.com/signin#code=1.AXMAm2zRKyF-dEKcBnkZ92R7uw8BHIdhXrFPg6yYYQp-kRAAAJhzAA.BQABBAIAAAADAOz_BQD0_0V2b1N0c0FydGlmYWN0cwIAAAAAANKv5S48BEaI2ZN1MHa9Yoj0iFwV4KVlWff8VGM5qTtFBKVv0OyQF0mmPRdD_6zpWxEKIr4c2ZuDBnbJASvWhounAGYfeWyLLTOmBaGTZ0T4_scQckp2Z2zNod1n83s_w_lJ9Xqrt_QlQT0YUA3wQn2eOqPp3CeLKC_L4hZm__2LmRP3SfyZImAxyBQlzetdjrE7xaKWXZlwJolKNP-TgmTLw8rppOOMYvyeIGz2yl31cM_sw1zDlUotr_TDFYKBLUC2GviU28wmJvTZcChNp_gEbvwQe4TVyt8Cp-rooESB19QqjLUT6_YGyiG3NijPRLJ-Rvlfo_h2nRe27SxS9jLSkNtFw00An2TaHLDAwlYyav8b7o9npsVyPVGhW6DYrafCoMSSKlAQTd_zn_q83rvFakLLfUN2aKfZRxhn37bKSPZOi9r3WYrcxs6XGS6ChMW3OtbWNMcUCfR4oD5ob6g9DancxUrAXYYs_HdwzNhmfFSAihbZCIBy6KUyZQV_HW8om_7-46K0eQPVpYK6XfFN21FxKVUvPvRTVxaEu8dA6oz7Meq2takFA9Rcx_3yiiuW7UdjPlHU1wKdhm2tRnsg8ee2i5GzX4Yrv6Ab6jkClCxbZvlPYZ7vzG2goa345TXBAyzDaPaBTlUYFIpI4WFQVGn-OFH0vwpq3HNkGPemBBjnqEk3xiTtXKnIck6GEH3uoRVZSb2ROw71VVb9F7m-rlCOIHVLhAbRKvlVh8k1l4QW0ig4ZwjupofFZVzQ2Pr_kAjN3NppdViua21uHadKpUdCcUUUDibAWVOpxU_KFcoWzZNFF9Cd2-gtdn6G8w8WaiNxZE-jQ5UjB_iVe_MP3NjSIjCErrFAzj-okn1NJkZTtN3jdkbqaPXXPwiU0mXD1CH-QnX-qCCmL353ogcaMW7AUV7dY8IyrTCOEqUMj2zxaZLgveUKKJhSaHwmS_p1YfV1dVjgBZB4KjyBJQLUHcz2LU1lkbPRXX_dTmtWnjfs86JlX5rDeNPbUD7uaoWRfq_auhg9t3oUL1McKyCsy3ve6oexwhj5WbhtIf0JtFcpD9XySVz-RW5wFp9yn5g7D8tu-je0mrO9H2pgdWKwz1_TNZBLn7aZNHk4hfHgdtaFSqy1c5sm5xGHlVzYUtgzJxcWi895QANATUpZf4HsKEfId46_gkSA9HrNObEeIJJLuk-Q2NpNpld8enPAWK2aJxCD9PzWUPkxXIYaM08BZ8dL5cauL03YXXYpXIq_vx8lME-iNuSCHDZJ3kSGosb0mkGNi-AxWStUVr2O5Fo5fMZui2N2ROUDmdLVGyoVwcOlE2uVUr7nZBSCuyeNy9KkIEjH5A&client_info=eyJ1aWQiOiJjNzYyYmRhZS0wNzcwLTRhMDMtODg2NC05ZTE1ODU4NzEwNWUiLCJ1dGlkIjoiMmJkMTZjOWItN2UyMS00Mjc0LTljMDYtNzkxOWY3NjQ3YmJiIn0&state=eyJpZCI6IjAxYTA5Mjc4LWRjN2UtNzU2NC04ODA5LTY4Y2MwM2Q4ZTBjMSIsIm1ldGEiOnsiaW50ZXJhY3Rpb25UeXBlIjoicmVkaXJlY3QifX0%3d%7c1789163789433.6%3b1789163789436.2002%3b1789163789110.6&session_state=007e389a-e5eb-915b-aafc-1e723d08f25c&correlation_id=01a09278-dc7c-7e75-b010-63dd28df848b&clientdata=e%7c%7c%7cmicrosoftonline.com%7cnone
2026-09-11 16:57:30,865 | INFO | Título página: Carátula - MDA - Power BI
2026-09-11 16:57:30,866 | INFO | 📤 Abriendo menú Exportar
2026-09-11 16:57:33,187 | INFO | ✅ Menú Exportar abierto
2026-09-11 16:57:38,190 | INFO | 📄 Seleccionando PDF
2026-09-11 16:57:38,262 | INFO | ✅ Opción PDF seleccionada
2026-09-11 16:57:38,263 | INFO | 📋 Esperando ventana de confirmación
2026-09-11 16:57:39,010 | INFO | ✅ Confirmación PDF enviada
2026-09-11 16:57:49,011 | INFO | 📂 Ruta configurada: C:\MDA\Reportes\Power BI
2026-09-11 16:57:49,018 | INFO | 📄 Archivos encontrados: []
2026-09-11 16:57:51,023 | INFO | 📄 Archivos encontrados: []
2026-09-11 16:57:53,026 | INFO | 📄 Archivos encontrados: []
2026-09-11 16:57:55,030 | INFO | 📄 Archivos encontrados: []
2026-09-11 16:57:57,034 | INFO | 📄 Archivos encontrados: []
2026-09-11 16:57:59,037 | INFO | 📄 Archivos encontrados: []
2026-09-11 16:58:01,040 | INFO | 📄 Archivos encontrados: []
2026-09-11 16:58:03,042 | INFO | 📄 Archivos encontrados: []
2026-09-11 16:58:05,046 | INFO | 📄 Archivos encontrados: []
2026-09-11 16:58:07,050 | INFO | 📄 Archivos encontrados: []
2026-09-11 16:58:09,053 | INFO | 📄 Archivos encontrados: []
2026-09-11 16:58:11,057 | INFO | 📄 Archivos encontrados: []
2026-09-11 16:58:13,061 | INFO | 📄 Archivos encontrados: []
2026-09-11 16:58:15,063 | INFO | 📄 Archivos encontrados: []
2026-09-11 16:58:17,066 | INFO | 📄 Archivos encontrados: []
2026-09-11 16:58:19,070 | INFO | 📄 Archivos encontrados: []
2026-09-11 16:58:21,076 | INFO | 📄 Archivos encontrados: []
2026-09-11 16:58:23,080 | INFO | 📄 Archivos encontrados: []
2026-09-11 16:58:25,085 | INFO | 📄 Archivos encontrados: []
2026-09-11 16:58:27,090 | INFO | 📄 Archivos encontrados: []
2026-09-11 16:58:29,094 | INFO | 📄 Archivos encontrados: []
2026-09-11 16:58:31,100 | INFO | 📄 Archivos encontrados: []
2026-09-11 16:58:33,104 | INFO | 📄 Archivos encontrados: []
2026-09-11 16:58:35,108 | INFO | 📄 Archivos encontrados: []
2026-09-11 16:58:37,110 | INFO | 📄 Archivos encontrados: ['MDA.pdf']
2026-09-11 16:58:37,113 | INFO | ✅ PDF renombrado: C:\MDA\Reportes\Power BI\Dashboard_MDA_20260911_165837.pdf
2026-09-11 16:58:37,114 | INFO | 📎 Archivo generado: C:\MDA\Reportes\Power BI\Dashboard_MDA_20260911_165837.pdf
2026-09-11 16:58:37,114 | INFO | 📧 Entrando a Mailer
2026-09-11 16:58:37,742 | INFO | 📧 Iniciando Outlook
2026-09-11 16:58:37,766 | INFO | ✅ Outlook ya estaba abierto
2026-09-11 16:58:37,768 | INFO | ✅ Outlook listo
2026-09-11 16:58:37,787 | INFO | ✅ Namespace obtenido
2026-09-11 16:58:37,823 | INFO | ✅ Objeto Mail creado
2026-09-11 16:58:37,905 | INFO | 📨 Cuenta encontrada: exp.gsurco@dpworld.com
2026-09-11 16:58:37,999 | INFO | 📧 Para: Roberto.Moreno@dpworld.com
2026-09-11 16:58:37,999 | INFO | 📧 CC: canv.lgenaro@dpworld.com; Miguel.Curi@dpworld.com
2026-09-11 16:58:38,000 | INFO | 📎 Adjuntando archivo: C:\MDA\Reportes\Power BI\Dashboard_MDA_20260911_165837.pdf
2026-09-11 16:58:38,249 | INFO | ✅ Archivo adjuntado
2026-09-11 16:58:38,484 | INFO | ✅ Correo guardado
2026-09-11 16:58:38,486 | INFO | 📤 Enviando correo...
2026-09-11 16:58:38,655 | INFO | ✅ Outlook aceptó Send() en 0.17 segundos
2026-09-11 16:58:38,656 | INFO | ✅ Tiempo total: 0.91 segundos
2026-09-11 16:58:38,701 | INFO | ✅ Proceso completado
2026-09-11 16:58:40,969 | INFO | 🔒 Navegador cerrado
2026-09-11 16:58:40,970 | INFO | ⏳ Esperando siguiente corte... 16:58:40
2026-09-11 17:58:40,976 | INFO | ⏳ Esperando siguiente corte... 17:58:40
2026-09-11 18:58:40,980 | INFO | ⏳ Esperando siguiente corte... 18:58:40
2026-09-11 19:58:40,982 | INFO | ⏳ Esperando siguiente corte... 19:58:40
2026-09-11 20:58:40,984 | INFO | ⏳ Esperando siguiente corte... 20:58:40
2026-09-11 21:58:40,985 | INFO | ⏳ Esperando siguiente corte... 21:58:40
2026-09-11 22:58:40,986 | INFO | ⏳ Esperando siguiente corte... 22:58:40
2026-09-12 09:47:59,534 | INFO | REPORT_PATH cargado: [C:\MDA\Reportes\Power BI]
2026-09-12 09:47:59,879 | INFO | 🚀 Iniciando proceso
2026-09-12 09:48:06,646 | INFO | 🌐 Abriendo reporte Power BI
2026-09-12 09:48:09,111 | INFO | URL actual: https://app.powerbi.com/signin#code=1.AXMAm2zRKyF-dEKcBnkZ92R7uw8BHIdhXrFPg6yYYQp-kRAAAJhzAA.BQABBAIAAAADAOz_BQD0_0V2b1N0c0FydGlmYWN0cwIAAAAAAMGFk90Lhcn6_F6su9KcZUhAJHqdReQ5w36EIGshOaTu1Ea5WLYJI-bAsAsGkTenTvPl876ohv4p_EIrgJYn-9NmLe1CHcEUBpvbgEg7vmID-fufL-NxnFK7CFga10A5m6wW4ptQH9whabLyXU7IXZKX_CJ3OtZD3LMSN3xngDbEkPfUhk_EwGmjk5Yjlgi5O3jSXDOlUlh9WV4ZlBaA6h7EF2Op0L2ZJON_Cf2WCwhts26kpXnen729rBrTysI-BgE-nAglTYyzhWJiwgysHQ7WIz0RHs5WL07ukgHPccY7svbiPIxuhwzyxc9PZbbqs_2F4UXfkHMHyTnO6QRK6Y75UIIRHxD8s2GgWW1YkSVVdC8i4t4piczW4NtAwEIe8EIHRMgxA8fzCIYSDxV8cowVuNVJGshSjGEaMQFOih0gPhRMdSR7uKzx8KvANPbY3SNJxqkrTlj47T115imFdBQiALzuLQ1R5GNrcIDo7rlFSa5maXjFMe2IPbxqGg2nov53YEV5Yo6HrTEXkfDBi-wnAMP-b4kni1hB9_1sAcD6j-VbfVuDVSJNIC2oZymNFzA_nA33oWEL8aOznkD3QWXHZTr-vVNvTcDzmkY9x7AHq7kCCtruiLTbGHUS68ggyga-cIPfnknGzG8fd1AwwD2ZnbnB7y_3ZyW2sNKO3fY4D8IE3AkZDGM-S9Yltd9yX_aGnMC9MyMSH1FQHDWDjzrpB8lUJGmEhU7lGM1q_ubv3rUNt8esZkmuP48bazjEsQrBSnpK4oqdc9kAWvAslfijzbbYdN5SEm7mR9q02fQU9z8p_9jcv-vbaasCQMD_8cIVDrE4MG23jxLjL1tEejnAfkWJmrIeXuD_EY34DWfeFxcbHZ1q4JRDID66iwo1B0QjnkO1UNBcYQHpgm0ghYgZVk9UxGeV85L5FRzYaVQtqZWOw6jAy0Aw5Rm8xIK6eXXZ1U4ga3dkIY_4_MkfQThbhZuj8jdAvP2VoV0NKDpxq7tn9untAUtGunyuwg9WCGiMhUvr6al0n8L0nMXKlQNNmcEsfIiSuYj9O8KGIh_AeryZmgCezB6jjvIWTRf_20xeP2Lmh4SoKYUYZBvs0Zi8km6DNwHTsgNQI1XsP4ZXNpl7O9NAV7qOWwIBhAivs7C_RmZuTRH99945oYvckWiXy-ZjV4sSP_0yl6p9jOnjvW4ZhiKMJW0zh0XzsvBjOLVjUGjHPSbVRHeC9yFf7HxGBIWQ9ezcbSgrzjw0UUhmFMVg5uEee6xA2_f7g2WIW7ClgYGB3_UdWh4HlfGxRaulvmVEj43KhhGWb_Kkc7jDIGCzz5rhVbZPArS0cxPm-ccDlyo-A5M&client_info=eyJ1aWQiOiJjNzYyYmRhZS0wNzcwLTRhMDMtODg2NC05ZTE1ODU4NzEwNWUiLCJ1dGlkIjoiMmJkMTZjOWItN2UyMS00Mjc0LTljMDYtNzkxOWY3NjQ3YmJiIn0&state=eyJpZCI6IjAxYTA5NjE3LTA5MzgtNzdlYy1hNzIzLTQzODRjOTNlZjcwNSIsIm1ldGEiOnsiaW50ZXJhY3Rpb25UeXBlIjoicmVkaXJlY3QifX0%3d%7c1789224487219.2%3b1789224487221.5%3b1789224486822.8&session_state=007e389a-e5eb-915b-aafc-1e723d08f25c&correlation_id=01a09617-0937-70b9-8048-aa52176207f7&clientdata=e%7c%7c%7cmicrosoftonline.com%7cnone
2026-09-12 09:49:09,185 | INFO | Título página: Carátula - MDA - Power BI
2026-09-12 09:49:09,186 | INFO | 📤 Abriendo menú Exportar
2026-09-12 09:49:11,633 | INFO | ✅ Menú Exportar abierto
2026-09-12 09:49:16,635 | INFO | 📄 Seleccionando PDF
2026-09-12 09:49:16,978 | INFO | ✅ Opción PDF seleccionada
2026-09-12 09:49:16,978 | INFO | 📋 Esperando ventana de confirmación
2026-09-12 09:49:17,877 | INFO | ✅ Confirmación PDF enviada
2026-09-12 09:49:27,878 | INFO | 📂 Ruta configurada: C:\MDA\Reportes\Power BI
2026-09-12 09:49:27,884 | INFO | 📄 Archivos encontrados: []
2026-09-12 09:49:29,889 | INFO | 📄 Archivos encontrados: []
2026-09-12 09:49:31,893 | INFO | 📄 Archivos encontrados: []
2026-09-12 09:49:33,895 | INFO | 📄 Archivos encontrados: []
2026-09-12 09:49:35,898 | INFO | 📄 Archivos encontrados: []
2026-09-12 09:49:37,900 | INFO | 📄 Archivos encontrados: []
2026-09-12 09:49:39,903 | INFO | 📄 Archivos encontrados: []
2026-09-12 09:49:41,907 | INFO | 📄 Archivos encontrados: []
2026-09-12 09:49:43,913 | INFO | 📄 Archivos encontrados: []
2026-09-12 09:49:45,917 | INFO | 📄 Archivos encontrados: []
2026-09-12 09:49:47,919 | INFO | 📄 Archivos encontrados: []
2026-09-12 09:49:49,922 | INFO | 📄 Archivos encontrados: []
2026-09-12 09:49:51,926 | INFO | 📄 Archivos encontrados: []
2026-09-12 09:49:53,928 | INFO | 📄 Archivos encontrados: []
2026-09-12 09:49:55,932 | INFO | 📄 Archivos encontrados: []
2026-09-12 09:49:57,936 | INFO | 📄 Archivos encontrados: []
2026-09-12 09:49:59,939 | INFO | 📄 Archivos encontrados: []
2026-09-12 09:50:01,942 | INFO | 📄 Archivos encontrados: []
2026-09-12 09:50:03,946 | INFO | 📄 Archivos encontrados: []
2026-09-12 09:50:05,950 | INFO | 📄 Archivos encontrados: []
2026-09-12 09:50:07,954 | INFO | 📄 Archivos encontrados: []
2026-09-12 09:50:09,958 | INFO | 📄 Archivos encontrados: []
2026-09-12 09:50:11,960 | INFO | 📄 Archivos encontrados: []
2026-09-12 09:50:13,963 | INFO | 📄 Archivos encontrados: []
2026-09-12 09:50:15,979 | INFO | 📄 Archivos encontrados: ['MDA.pdf']
2026-09-12 09:50:16,005 | INFO | ✅ PDF renombrado: C:\MDA\Reportes\Power BI\Dashboard_MDA_20260912_095015.pdf
2026-09-12 09:50:16,017 | INFO | 📎 Archivo generado: C:\MDA\Reportes\Power BI\Dashboard_MDA_20260912_095015.pdf
2026-09-12 09:50:16,024 | INFO | 📧 Entrando a Mailer
2026-09-12 09:50:16,674 | INFO | 📧 Iniciando Outlook
2026-09-12 09:50:16,719 | INFO | ✅ Outlook ya estaba abierto
2026-09-12 09:50:16,722 | INFO | ✅ Outlook listo
2026-09-12 09:50:16,752 | INFO | ✅ Namespace obtenido
2026-09-12 09:50:16,773 | INFO | ✅ Objeto Mail creado
2026-09-12 09:50:16,811 | INFO | 📨 Cuenta encontrada: exp.gsurco@dpworld.com
2026-09-12 09:50:16,845 | INFO | 📧 Para: Roberto.Moreno@dpworld.com
2026-09-12 09:50:16,847 | INFO | 📧 CC: canv.lgenaro@dpworld.com; Miguel.Curi@dpworld.com
2026-09-12 09:50:16,848 | INFO | 📎 Adjuntando archivo: C:\MDA\Reportes\Power BI\Dashboard_MDA_20260912_095015.pdf
2026-09-12 09:50:17,044 | INFO | ✅ Archivo adjuntado
2026-09-12 09:50:17,334 | INFO | ✅ Correo guardado
2026-09-12 09:50:17,334 | INFO | 📤 Enviando correo...
2026-09-12 09:50:17,689 | INFO | ✅ Outlook aceptó Send() en 0.35 segundos
2026-09-12 09:50:17,691 | INFO | ✅ Tiempo total: 1.02 segundos
2026-09-12 09:50:17,749 | INFO | ✅ Proceso completado
2026-09-12 09:50:20,043 | INFO | 🔒 Navegador cerrado
2026-09-12 09:50:29,627 | INFO | REPORT_PATH cargado: [C:\MDA\Reportes\Power BI]
2026-09-12 09:50:29,659 | INFO | ✅ Scheduler iniciado
2026-09-12 09:50:29,659 | INFO | ⏳ Esperando siguiente corte... 09:50:29
2026-09-12 10:50:29,667 | INFO | ⏳ Esperando siguiente corte... 10:50:29
2026-09-12 11:50:29,671 | INFO | ⏳ Esperando siguiente corte... 11:50:29
2026-09-12 12:50:29,672 | INFO | ⏳ Esperando siguiente corte... 12:50:29
2026-09-12 13:50:29,674 | INFO | ⏳ Esperando siguiente corte... 13:50:29
2026-09-12 14:50:29,675 | INFO | ⏳ Esperando siguiente corte... 14:50:29
2026-09-12 15:50:29,677 | INFO | ⏳ Esperando siguiente corte... 15:50:29
2026-09-12 16:50:29,683 | INFO | ⏰ Hora programada alcanzada
2026-09-12 16:50:29,685 | INFO | 🚀 Iniciando proceso
2026-09-12 16:50:36,761 | INFO | 🌐 Abriendo reporte Power BI
2026-09-12 16:50:40,437 | INFO | URL actual: https://app.powerbi.com/groups/214d3eb4-a116-4ebf-a233-a9ff58f47ba0/reports/b6b06332-c9a4-4f82-b7c4-fa7252838ffd/1d3763661cd912f949b5?experience=power-bi
2026-09-12 16:51:40,498 | INFO | Título página: Carátula - MDA - Power BI
2026-09-12 16:51:40,499 | INFO | 📤 Abriendo menú Exportar
2026-09-12 16:51:42,836 | INFO | ✅ Menú Exportar abierto
2026-09-12 16:51:47,837 | INFO | 📄 Seleccionando PDF
2026-09-12 16:51:47,942 | INFO | ✅ Opción PDF seleccionada
2026-09-12 16:51:47,944 | INFO | 📋 Esperando ventana de confirmación
2026-09-12 16:51:48,424 | INFO | ✅ Confirmación PDF enviada
2026-09-12 16:51:58,426 | INFO | 📂 Ruta configurada: C:\MDA\Reportes\Power BI
2026-09-12 16:51:58,430 | INFO | 📄 Archivos encontrados: []
2026-09-12 16:52:00,434 | INFO | 📄 Archivos encontrados: []
2026-09-12 16:52:02,439 | INFO | 📄 Archivos encontrados: []
2026-09-12 16:52:04,442 | INFO | 📄 Archivos encontrados: []
2026-09-12 16:52:06,446 | INFO | 📄 Archivos encontrados: []
2026-09-12 16:52:08,451 | INFO | 📄 Archivos encontrados: []
2026-09-12 16:52:10,455 | INFO | 📄 Archivos encontrados: []
2026-09-12 16:52:12,460 | INFO | 📄 Archivos encontrados: []
2026-09-12 16:52:14,464 | INFO | 📄 Archivos encontrados: []
2026-09-12 16:52:16,469 | INFO | 📄 Archivos encontrados: []
2026-09-12 16:52:18,473 | INFO | 📄 Archivos encontrados: []
2026-09-12 16:52:20,476 | INFO | 📄 Archivos encontrados: []
2026-09-12 16:52:22,480 | INFO | 📄 Archivos encontrados: []
2026-09-12 16:52:24,483 | INFO | 📄 Archivos encontrados: []
2026-09-12 16:52:26,487 | INFO | 📄 Archivos encontrados: []
2026-09-12 16:52:28,490 | INFO | 📄 Archivos encontrados: []
2026-09-12 16:52:30,494 | INFO | 📄 Archivos encontrados: []
2026-09-12 16:52:32,497 | INFO | 📄 Archivos encontrados: []
2026-09-12 16:52:34,500 | INFO | 📄 Archivos encontrados: []
2026-09-12 16:52:36,503 | INFO | 📄 Archivos encontrados: []
2026-09-12 16:52:38,506 | INFO | 📄 Archivos encontrados: []
2026-09-12 16:52:40,512 | INFO | 📄 Archivos encontrados: ['MDA.pdf']
2026-09-12 16:52:40,529 | INFO | ✅ PDF renombrado: C:\MDA\Reportes\Power BI\Dashboard_MDA_20260912_165240.pdf
2026-09-12 16:52:40,530 | INFO | 📎 Archivo generado: C:\MDA\Reportes\Power BI\Dashboard_MDA_20260912_165240.pdf
2026-09-12 16:52:40,531 | INFO | 📧 Entrando a Mailer
2026-09-12 16:52:41,207 | INFO | 📧 Iniciando Outlook
2026-09-12 16:52:41,248 | INFO | ✅ Outlook ya estaba abierto
2026-09-12 16:52:41,249 | INFO | ✅ Outlook listo
2026-09-12 16:52:41,281 | INFO | ✅ Namespace obtenido
2026-09-12 16:52:41,301 | INFO | ✅ Objeto Mail creado
2026-09-12 16:52:41,347 | INFO | 📨 Cuenta encontrada: exp.gsurco@dpworld.com
2026-09-12 16:52:41,417 | INFO | 📧 Para: Roberto.Moreno@dpworld.com
2026-09-12 16:52:41,419 | INFO | 📧 CC: canv.lgenaro@dpworld.com; Miguel.Curi@dpworld.com
2026-09-12 16:52:41,423 | INFO | 📎 Adjuntando archivo: C:\MDA\Reportes\Power BI\Dashboard_MDA_20260912_165240.pdf
2026-09-12 16:52:41,722 | INFO | ✅ Archivo adjuntado
2026-09-12 16:52:41,945 | INFO | ✅ Correo guardado
2026-09-12 16:52:41,945 | INFO | 📤 Enviando correo...
2026-09-12 16:52:42,204 | INFO | ✅ Outlook aceptó Send() en 0.26 segundos
2026-09-12 16:52:42,205 | INFO | ✅ Tiempo total: 1.00 segundos
2026-09-12 16:52:42,261 | INFO | ✅ Proceso completado
2026-09-12 16:52:44,779 | INFO | 🔒 Navegador cerrado
2026-09-12 16:52:44,780 | INFO | ⏳ Esperando siguiente corte... 16:52:44
2026-09-12 17:52:44,783 | INFO | ⏳ Esperando siguiente corte... 17:52:44
2026-09-12 18:52:44,787 | INFO | ⏳ Esperando siguiente corte... 18:52:44
2026-09-12 19:52:44,790 | INFO | ⏳ Esperando siguiente corte... 19:52:44
2026-09-12 20:52:44,795 | INFO | ⏳ Esperando siguiente corte... 20:52:44
2026-09-12 21:52:44,804 | INFO | ⏳ Esperando siguiente corte... 21:52:44
2026-09-12 22:52:44,809 | INFO | ⏳ Esperando siguiente corte... 22:52:44
2026-09-12 23:52:44,811 | INFO | ⏳ Esperando siguiente corte... 23:52:44
2026-09-13 00:52:44,813 | INFO | ⏳ Esperando siguiente corte... 00:52:44
2026-09-13 12:03:00,271 | INFO | ⏰ Hora programada alcanzada
2026-09-13 12:03:00,272 | INFO | 🚀 Iniciando proceso
2026-09-13 12:03:07,140 | INFO | 🌐 Abriendo reporte Power BI
2026-09-13 12:03:20,131 | INFO | URL actual: https://app.powerbi.com/groups/214d3eb4-a116-4ebf-a233-a9ff58f47ba0/reports/b6b06332-c9a4-4f82-b7c4-fa7252838ffd/1d3763661cd912f949b5?experience=power-bi
2026-09-13 12:04:20,149 | INFO | Título página: Carátula - MDA - Power BI
2026-09-13 12:04:20,150 | INFO | 📤 Abriendo menú Exportar
2026-09-13 12:04:22,464 | INFO | ✅ Menú Exportar abierto
2026-09-13 12:04:27,466 | INFO | 📄 Seleccionando PDF
2026-09-13 12:04:27,519 | INFO | ✅ Opción PDF seleccionada
2026-09-13 12:04:27,520 | INFO | 📋 Esperando ventana de confirmación
2026-09-13 12:04:28,092 | INFO | ✅ Confirmación PDF enviada
2026-09-13 12:04:38,093 | INFO | 📂 Ruta configurada: C:\MDA\Reportes\Power BI
2026-09-13 12:04:38,096 | INFO | 📄 Archivos encontrados: []
2026-09-13 12:04:40,100 | INFO | 📄 Archivos encontrados: []
2026-09-13 12:04:42,103 | INFO | 📄 Archivos encontrados: []
2026-09-13 12:04:44,108 | INFO | 📄 Archivos encontrados: []
2026-09-13 12:04:46,111 | INFO | 📄 Archivos encontrados: []
2026-09-13 12:04:48,114 | INFO | 📄 Archivos encontrados: []
2026-09-13 12:04:50,119 | INFO | 📄 Archivos encontrados: []
2026-09-13 12:04:52,122 | INFO | 📄 Archivos encontrados: []
2026-09-13 12:04:54,125 | INFO | 📄 Archivos encontrados: []
2026-09-13 12:04:56,128 | INFO | 📄 Archivos encontrados: []
2026-09-13 12:04:58,132 | INFO | 📄 Archivos encontrados: []
2026-09-13 12:05:00,135 | INFO | 📄 Archivos encontrados: []
2026-09-13 12:05:02,139 | INFO | 📄 Archivos encontrados: []
2026-09-13 12:05:04,144 | INFO | 📄 Archivos encontrados: []
2026-09-13 12:05:06,148 | INFO | 📄 Archivos encontrados: []
2026-09-13 12:05:08,154 | INFO | 📄 Archivos encontrados: []
2026-09-13 12:05:10,159 | INFO | 📄 Archivos encontrados: []
2026-09-13 12:05:12,163 | INFO | 📄 Archivos encontrados: []
2026-09-13 12:05:14,167 | INFO | 📄 Archivos encontrados: []
2026-09-13 12:05:16,171 | INFO | 📄 Archivos encontrados: []
2026-09-13 12:05:18,175 | INFO | 📄 Archivos encontrados: []
2026-09-13 12:05:20,179 | INFO | 📄 Archivos encontrados: ['MDA.pdf']
2026-09-13 12:05:20,187 | INFO | ✅ PDF renombrado: C:\MDA\Reportes\Power BI\Dashboard_MDA_20260913_120520.pdf
2026-09-13 12:05:20,189 | INFO | 📎 Archivo generado: C:\MDA\Reportes\Power BI\Dashboard_MDA_20260913_120520.pdf
2026-09-13 12:05:20,191 | INFO | 📧 Entrando a Mailer
2026-09-13 12:05:20,632 | INFO | 📧 Iniciando Outlook
2026-09-13 12:05:20,653 | INFO | ✅ Outlook ya estaba abierto
2026-09-13 12:05:20,654 | INFO | ✅ Outlook listo
2026-09-13 12:05:20,671 | INFO | ✅ Namespace obtenido
2026-09-13 12:05:20,693 | INFO | ✅ Objeto Mail creado
2026-09-13 12:05:20,715 | INFO | 📨 Cuenta encontrada: exp.gsurco@dpworld.com
2026-09-13 12:05:20,750 | INFO | 📧 Para: Roberto.Moreno@dpworld.com
2026-09-13 12:05:20,751 | INFO | 📧 CC: canv.lgenaro@dpworld.com; Miguel.Curi@dpworld.com
2026-09-13 12:05:20,751 | INFO | 📎 Adjuntando archivo: C:\MDA\Reportes\Power BI\Dashboard_MDA_20260913_120520.pdf
2026-09-13 12:05:21,010 | INFO | ✅ Archivo adjuntado
2026-09-13 12:05:21,295 | INFO | ✅ Correo guardado
2026-09-13 12:05:21,296 | INFO | 📤 Enviando correo...
2026-09-13 12:05:21,556 | INFO | ✅ Outlook aceptó Send() en 0.26 segundos
2026-09-13 12:05:21,558 | INFO | ✅ Tiempo total: 0.93 segundos
2026-09-13 12:05:21,620 | INFO | ✅ Proceso completado
2026-09-13 12:05:24,021 | INFO | 🔒 Navegador cerrado
2026-09-13 12:05:24,023 | INFO | ⏳ Esperando siguiente corte... 12:05:24
2026-09-14 17:01:26,231 | INFO | 🚀 Iniciando proceso
2026-09-14 17:01:34,076 | INFO | 🌐 Abriendo página Power BI: Total vs. Atendidos
2026-09-14 17:02:24,270 | INFO | ✅ Página cargada: Total vs. Atendidos | Tendencia 7 días - MDA-Tendencia7Dias - Power BI
2026-09-14 17:02:24,660 | INFO | ✅ Visual encontrado: div.visualContainerHost | {'height': 597, 'width': 1061}
2026-09-14 17:02:28,816 | INFO | 🖼️ Tendencia guardada: C:\MDA\Reportes\Power BI\Tendencias7Dias\01_Total_vs_Atendidos.png
2026-09-14 17:02:28,830 | INFO | 🌐 Abriendo página Power BI: Pendientes
2026-09-14 17:31:21,591 | INFO | 🚀 Iniciando proceso
2026-09-14 17:31:28,740 | INFO | 🌐 Abriendo página Power BI: Total vs. Atendidos
2026-09-14 17:32:15,207 | INFO | ✅ Página cargada: Total vs. Atendidos | MDA-Tendencia7Dias - Power BI
2026-09-14 17:32:15,451 | INFO | ✅ Visual encontrado: div.visualContainerHost | {'height': 597, 'width': 1061}
2026-09-14 17:32:19,643 | INFO | 🖼️ Tendencia guardada: C:\MDA\Reportes\Power BI\Tendencias7Dias\01_Total_vs_Atendidos.png
2026-09-14 17:32:19,643 | INFO | 🌐 Abriendo página Power BI: Pendientes
2026-09-14 17:33:00,175 | INFO | ✅ Página cargada: Pendientes | Pendientes - MDA-Tendencia7Dias - Power BI
2026-09-14 17:33:00,436 | INFO | ✅ Visual encontrado: div.visualContainerHost | {'height': 597, 'width': 1061}
2026-09-14 17:33:04,641 | INFO | 🖼️ Tendencia guardada: C:\MDA\Reportes\Power BI\Tendencias7Dias\02_Pendientes.png
2026-09-14 17:33:04,642 | INFO | 🌐 Abriendo página Power BI: TMR
2026-09-14 17:33:44,677 | INFO | ✅ Página cargada: TMR | TMR - MDA-Tendencia7Dias - Power BI
2026-09-14 17:33:44,839 | INFO | ✅ Visual encontrado: div.visualContainerHost | {'height': 597, 'width': 1061}
2026-09-14 17:33:49,045 | INFO | 🖼️ Tendencia guardada: C:\MDA\Reportes\Power BI\Tendencias7Dias\03_TMR.png
2026-09-14 17:33:49,045 | INFO | 🌐 Abriendo página Power BI: SLA
2026-09-14 17:34:29,679 | INFO | ✅ Página cargada: SLA | SLA - MDA-Tendencia7Dias - Power BI
2026-09-14 17:34:30,021 | INFO | ✅ Visual encontrado: div.visualContainerHost | {'height': 597, 'width': 1061}
2026-09-14 17:34:34,210 | INFO | 🖼️ Tendencia guardada: C:\MDA\Reportes\Power BI\Tendencias7Dias\04_SLA.png
2026-09-14 17:34:34,211 | INFO | 🖼️ Tendencias generadas: ['C:\\MDA\\Reportes\\Power BI\\Tendencias7Dias\\01_Total_vs_Atendidos.png', 'C:\\MDA\\Reportes\\Power BI\\Tendencias7Dias\\02_Pendientes.png', 'C:\\MDA\\Reportes\\Power BI\\Tendencias7Dias\\03_TMR.png', 'C:\\MDA\\Reportes\\Power BI\\Tendencias7Dias\\04_SLA.png']
2026-09-14 17:34:34,212 | INFO | 🌐 Abriendo página Power BI: Dashboard principal
2026-09-14 17:35:16,081 | ERROR | ❌ Error: Message: invalid session id; For documentation on this error, please visit: https://www.selenium.dev/documentation/webdriver/troubleshooting/errors#invalidsessionidexception
Stacktrace:
	chromedriver!GetHandleVerifier [0x7ff7aea0abb5+151b5]
	chromedriver!GetHandleVerifier [0x7ff7aea0ac10+15210]
	chromedriver!(No symbol) [0x7ff7ae535b56]
	chromedriver!(No symbol) [0x7ff7ae582833]
	chromedriver!(No symbol) [0x7ff7ae5b9c12]
	chromedriver!(No symbol) [0x7ff7ae5b3a22]
	chromedriver!(No symbol) [0x7ff7ae5b31e2]
	chromedriver!(No symbol) [0x7ff7ae4fe2bb]
	chromedriver!(No symbol) [0x7ff7ae4fe912]
	chromedriver!(No symbol) [0x7ff7ae4feed5]
	chromedriver!GetHandleVerifier [0x7ff7af02b79b+635d9b]
	chromedriver!GetHandleVerifier [0x7ff7af025ac6+6300c6]
	chromedriver!GetHandleVerifier [0x7ff7af04bcee+6562ee]
	chromedriver!GetHandleVerifier [0x7ff7aea28ffe+335fe]
	chromedriver!GetHandleVerifier [0x7ff7aea3147c+3ba7c]
	chromedriver!(No symbol) [0x7ff7ae4fd83c]
	chromedriver!GetHandleVerifier [0x7ff7af1f35e8+7fdbe8]
	KERNEL32!BaseThreadInitThunk [0x7ffd730ae957+17]
	ntdll!RtlUserThreadStart [0x7ffd745ead6c+2c]

2026-09-14 17:35:16,148 | ERROR | Traceback (most recent call last):
  File "c:\Automatizaciones\MDA\SEND_REPORTS\src\powerbi.py", line 129, in export_pdf
    self._esperar_reporte(POWERBI_URL, "Dashboard principal")
    ~~~~~~~~~~~~~~~~~~~~~^^^^^^^^^^^^^^^^^^^^^^^^^^^^^^^^^^^^
  File "c:\Automatizaciones\MDA\SEND_REPORTS\src\powerbi.py", line 66, in _esperar_reporte
    logger.info("✅ Página cargada: %s | %s", nombre, self.driver.title)
                                                      ^^^^^^^^^^^^^^^^^
  File "C:\Users\expgsurco\AppData\Local\Python\pythoncore-3.14-64\Lib\site-packages\selenium\webdriver\remote\webdriver.py", line 536, in title
    return self.execute(Command.GET_TITLE).get("value", "")
           ~~~~~~~~~~~~^^^^^^^^^^^^^^^^^^^
  File "C:\Users\expgsurco\AppData\Local\Python\pythoncore-3.14-64\Lib\site-packages\selenium\webdriver\remote\webdriver.py", line 504, in execute
    self.error_handler.check_response(response)
    ~~~~~~~~~~~~~~~~~~~~~~~~~~~~~~~~~^^^^^^^^^^
  File "C:\Users\expgsurco\AppData\Local\Python\pythoncore-3.14-64\Lib\site-packages\selenium\webdriver\remote\errorhandler.py", line 232, in check_response
    raise exception_class(message, screen, stacktrace)
selenium.common.exceptions.InvalidSessionIdException: Message: invalid session id: session deleted as the browser has closed the connection
from disconnected: not connected to DevTools
  (Session info: chrome=152.0.7977.83); For documentation on this error, please visit: https://www.selenium.dev/documentation/webdriver/troubleshooting/errors#invalidsessionidexception
Stacktrace:
	chromedriver!GetHandleVerifier [0x7ff7aea0abb5+151b5]
	chromedriver!GetHandleVerifier [0x7ff7aea0ac10+15210]
	chromedriver!(No symbol) [0x7ff7ae535d6d]
	chromedriver!(No symbol) [0x7ff7ae5215c2]
	chromedriver!(No symbol) [0x7ff7ae5474a1]
	chromedriver!(No symbol) [0x7ff7ae5c1320]
	chromedriver!(No symbol) [0x7ff7ae5de4f2]
	chromedriver!(No symbol) [0x7ff7ae5837cc]
	chromedriver!(No symbol) [0x7ff7ae5846f3]
	chromedriver!GetHandleVerifier [0x7ff7af02b79b+635d9b]
	chromedriver!GetHandleVerifier [0x7ff7af025ac6+6300c6]
	chromedriver!GetHandleVerifier [0x7ff7af04bcee+6562ee]
	chromedriver!GetHandleVerifier [0x7ff7aea28ffe+335fe]
	chromedriver!GetHandleVerifier [0x7ff7aea3147c+3ba7c]
	chromedriver!GetHandleVerifier [0x7ff7aea14d64+1f364]
	chromedriver!GetHandleVerifier [0x7ff7aea14ef4+1f4f4]
	chromedriver!GetHandleVerifier [0x7ff7ae9f7d97+2397]
	KERNEL32!BaseThreadInitThunk [0x7ffd730ae957+17]
	ntdll!RtlUserThreadStart [0x7ffd745ead6c+2c]


During handling of the above exception, another exception occurred:

Traceback (most recent call last):
  File "c:\Automatizaciones\MDA\SEND_REPORTS\main.py", line 19, in main
    pdf_file = powerbi.export_pdf()
  File "c:\Automatizaciones\MDA\SEND_REPORTS\src\powerbi.py", line 152, in export_pdf
    self.driver.save_screenshot(os.path.join(REPORT_PATH, "error_exportar.png"))
    ~~~~~~~~~~~~~~~~~~~~~~~~~~~^^^^^^^^^^^^^^^^^^^^^^^^^^^^^^^^^^^^^^^^^^^^^^^^^
  File "C:\Users\expgsurco\AppData\Local\Python\pythoncore-3.14-64\Lib\site-packages\selenium\webdriver\remote\webdriver.py", line 991, in save_screenshot
    return self.get_screenshot_as_file(filename)
           ~~~~~~~~~~~~~~~~~~~~~~~~~~~^^^^^^^^^^
  File "C:\Users\expgsurco\AppData\Local\Python\pythoncore-3.14-64\Lib\site-packages\selenium\webdriver\remote\webdriver.py", line 968, in get_screenshot_as_file
    png = self.get_screenshot_as_png()
  File "C:\Users\expgsurco\AppData\Local\Python\pythoncore-3.14-64\Lib\site-packages\selenium\webdriver\remote\webdriver.py", line 999, in get_screenshot_as_png
    return b64decode(self.get_screenshot_as_base64().encode("ascii"))
                     ~~~~~~~~~~~~~~~~~~~~~~~~~~~~~^^
  File "C:\Users\expgsurco\AppData\Local\Python\pythoncore-3.14-64\Lib\site-packages\selenium\webdriver\remote\webdriver.py", line 1009, in get_screenshot_as_base64
    return self.execute(Command.SCREENSHOT)["value"]
           ~~~~~~~~~~~~^^^^^^^^^^^^^^^^^^^^
  File "C:\Users\expgsurco\AppData\Local\Python\pythoncore-3.14-64\Lib\site-packages\selenium\webdriver\remote\webdriver.py", line 504, in execute
    self.error_handler.check_response(response)
    ~~~~~~~~~~~~~~~~~~~~~~~~~~~~~~~~~^^^^^^^^^^
  File "C:\Users\expgsurco\AppData\Local\Python\pythoncore-3.14-64\Lib\site-packages\selenium\webdriver\remote\errorhandler.py", line 232, in check_response
    raise exception_class(message, screen, stacktrace)
selenium.common.exceptions.InvalidSessionIdException: Message: invalid session id; For documentation on this error, please visit: https://www.selenium.dev/documentation/webdriver/troubleshooting/errors#invalidsessionidexception
Stacktrace:
	chromedriver!GetHandleVerifier [0x7ff7aea0abb5+151b5]
	chromedriver!GetHandleVerifier [0x7ff7aea0ac10+15210]
	chromedriver!(No symbol) [0x7ff7ae535b56]
	chromedriver!(No symbol) [0x7ff7ae582833]
	chromedriver!(No symbol) [0x7ff7ae5b9c12]
	chromedriver!(No symbol) [0x7ff7ae5b3a22]
	chromedriver!(No symbol) [0x7ff7ae5b31e2]
	chromedriver!(No symbol) [0x7ff7ae4fe2bb]
	chromedriver!(No symbol) [0x7ff7ae4fe912]
	chromedriver!(No symbol) [0x7ff7ae4feed5]
	chromedriver!GetHandleVerifier [0x7ff7af02b79b+635d9b]
	chromedriver!GetHandleVerifier [0x7ff7af025ac6+6300c6]
	chromedriver!GetHandleVerifier [0x7ff7af04bcee+6562ee]
	chromedriver!GetHandleVerifier [0x7ff7aea28ffe+335fe]
	chromedriver!GetHandleVerifier [0x7ff7aea3147c+3ba7c]
	chromedriver!(No symbol) [0x7ff7ae4fd83c]
	chromedriver!GetHandleVerifier [0x7ff7af1f35e8+7fdbe8]
	KERNEL32!BaseThreadInitThunk [0x7ffd730ae957+17]
	ntdll!RtlUserThreadStart [0x7ffd745ead6c+2c]


2026-09-14 17:35:18,365 | INFO | 🔒 Navegador cerrado
2026-09-14 17:41:03,515 | INFO | 🚀 Iniciando proceso
2026-09-14 17:41:10,737 | INFO | 🌐 Abriendo página Power BI: Total vs. Atendidos
2026-09-14 17:41:48,747 | INFO | ✅ Página cargada: Total vs. Atendidos | TotalVSAtendidos - MDA-Tendencia7Dias - Power BI
2026-09-14 17:41:49,172 | INFO | ✅ Visual encontrado: div.explorationContainer | {'height': 659, 'width': 1532}
2026-09-14 17:41:53,504 | INFO | 🖼️ Tendencia guardada: C:\MDA\Reportes\Power BI\Tendencias7Dias\01_Total_vs_Atendidos.png
2026-09-14 17:41:53,504 | INFO | 🌐 Abriendo página Power BI: Pendientes
2026-09-14 17:42:29,149 | INFO | ✅ Página cargada: Pendientes | MDA-Tendencia7Dias - Power BI
2026-09-14 17:42:29,200 | INFO | ✅ Visual encontrado: div.visualContainerHost | {'height': 597, 'width': 1061}
2026-09-14 17:42:33,277 | INFO | 🖼️ Tendencia guardada: C:\MDA\Reportes\Power BI\Tendencias7Dias\02_Pendientes.png
2026-09-14 17:42:33,277 | INFO | 🌐 Abriendo página Power BI: TMR
2026-09-14 17:43:08,786 | INFO | ✅ Página cargada: TMR | MDA-Tendencia7Dias - Power BI
2026-09-14 17:43:08,837 | INFO | ✅ Visual encontrado: div.visualContainerHost | {'height': 597, 'width': 1061}
2026-09-14 17:43:12,941 | INFO | 🖼️ Tendencia guardada: C:\MDA\Reportes\Power BI\Tendencias7Dias\03_TMR.png
2026-09-14 17:43:12,942 | INFO | 🌐 Abriendo página Power BI: SLA
2026-09-14 17:43:48,455 | INFO | ✅ Página cargada: SLA | MDA-Tendencia7Dias - Power BI
2026-09-14 17:43:48,508 | INFO | ✅ Visual encontrado: div.visualContainerHost | {'height': 597, 'width': 1061}
2026-09-14 17:43:52,576 | INFO | 🖼️ Tendencia guardada: C:\MDA\Reportes\Power BI\Tendencias7Dias\04_SLA.png
2026-09-14 17:43:52,576 | INFO | 🖼️ Tendencias generadas: ['C:\\MDA\\Reportes\\Power BI\\Tendencias7Dias\\01_Total_vs_Atendidos.png', 'C:\\MDA\\Reportes\\Power BI\\Tendencias7Dias\\02_Pendientes.png', 'C:\\MDA\\Reportes\\Power BI\\Tendencias7Dias\\03_TMR.png', 'C:\\MDA\\Reportes\\Power BI\\Tendencias7Dias\\04_SLA.png']
2026-09-14 17:43:52,577 | INFO | 🌐 Abriendo página Power BI: Dashboard principal
2026-09-14 17:44:28,084 | INFO | ✅ Página cargada: Dashboard principal | MDA - Power BI
2026-09-14 17:44:33,872 | INFO | ✅ Exportación PDF confirmada
2026-09-14 17:45:31,944 | INFO | ✅ PDF renombrado: C:\MDA\Reportes\Power BI\Dashboard_MDA_20260914_174531.pdf
2026-09-14 17:45:31,945 | INFO | 📎 Archivo generado: C:\MDA\Reportes\Power BI\Dashboard_MDA_20260914_174531.pdf
2026-09-14 17:45:31,945 | INFO | 📊 Consultando indicadores en SQL Server
2026-09-14 17:45:32,532 | INFO | ✅ KPIs consultados: 5 equipos y 10 tickets antiguos
2026-09-14 17:45:32,534 | INFO | 📧 Conectando con Outlook
2026-09-14 17:45:33,289 | INFO | ✅ Correo enviado en 0.76 segundos
2026-09-14 17:45:33,336 | INFO | ✅ Proceso completado
2026-09-14 17:45:35,626 | INFO | 🔒 Navegador cerrado
2026-09-14 18:16:36,411 | INFO | 🚀 Iniciando proceso
2026-09-14 18:16:43,502 | INFO | 🌐 Abriendo página Power BI: Total vs. Atendidos
2026-09-14 18:17:21,441 | INFO | ✅ Página cargada: Total vs. Atendidos | TotalVSAtendidos - MDA-Tendencia7Dias - Power BI
2026-09-14 18:17:21,983 | ERROR | ❌ Falló la captura de Total vs. Atendidos. Evidencia: C:\MDA\Reportes\Power BI\Tendencias7Dias\error_01_Total_vs_Atendidos.png
2026-09-14 18:17:21,984 | ERROR | ❌ Error: No se encontró un visual visible para capturar.
2026-09-14 18:17:21,988 | ERROR | Traceback (most recent call last):
  File "c:\Automatizaciones\MDA\SEND_REPORTS\main.py", line 16, in main
    imagenes_tendencias = powerbi.capturar_tendencias()
  File "c:\Automatizaciones\MDA\SEND_REPORTS\src\powerbi.py", line 232, in capturar_tendencias
    return [self._capturar_visual(*item) for item in configuracion]
            ~~~~~~~~~~~~~~~~~~~~~^^^^^^^
  File "c:\Automatizaciones\MDA\SEND_REPORTS\src\powerbi.py", line 154, in _capturar_visual
    self._buscar_visual_principal()
    ~~~~~~~~~~~~~~~~~~~~~~~~~~~~~^^
  File "c:\Automatizaciones\MDA\SEND_REPORTS\src\powerbi.py", line 134, in _buscar_visual_principal
    raise RuntimeError(
    ...<2 lines>...
    )
RuntimeError: No se encontró un visual visible para capturar.

2026-09-14 18:17:24,346 | INFO | 🔒 Navegador cerrado
2026-09-14 18:24:27,949 | INFO | 🚀 Iniciando proceso
2026-09-14 18:24:35,329 | INFO | 🖥️ Resolución de Chrome configurada: 1920x1080
2026-09-14 18:24:35,330 | INFO | 🌐 Abriendo página Power BI: Total vs. Atendidos
2026-09-14 18:25:13,820 | INFO | ✅ Página cargada: Total vs. Atendidos | TotalVSAtendidos - MDA-Tendencia7Dias - Power BI
2026-09-14 18:25:13,821 | INFO | 🔍 Buscando visual principal
2026-09-14 18:25:13,840 | INFO | 🔎 Selector [data-testid='visual-container'] encontró 1 elementos
2026-09-14 18:25:13,888 | INFO | 🔎 Selector [data-testid='visualContainer'] encontró 0 elementos
2026-09-14 18:25:13,904 | INFO | 🔎 Selector visual-container encontró 1 elementos
2026-09-14 18:25:13,947 | INFO | 🔎 Selector .visualContainer encontró 1 elementos
2026-09-14 18:25:13,978 | INFO | 🔎 Selector div.visualContainerHost encontró 1 elementos
2026-09-14 18:25:14,016 | INFO | 🔎 Selector div.visual-container encontró 0 elementos
2026-09-14 18:25:14,035 | INFO | 🔎 Selector div.visualContent encontró 1 elementos
2026-09-14 18:25:14,081 | INFO | 🔎 Selector .visual-content encontró 0 elementos
2026-09-14 18:25:14,102 | INFO | 🔎 Selector div[role='group'] encontró 1 elementos
2026-09-14 18:25:14,140 | INFO | 🔎 Selector div[role='main'] encontró 1 elementos
2026-09-14 18:25:14,208 | INFO | ✅ Visual encontrado: div[role='main'] | 1532x659
2026-09-14 18:25:18,601 | INFO | ✅ Tendencia guardada: C:\MDA\Reportes\Power BI\Tendencias7Dias\01_Total_vs_Atendidos.png
2026-09-14 18:25:18,601 | INFO | 🌐 Abriendo página Power BI: Pendientes
2026-09-14 18:25:54,032 | INFO | ✅ Página cargada: Pendientes | Pendientes - MDA-Tendencia7Dias - Power BI
2026-09-14 18:25:54,034 | INFO | 🔍 Buscando visual principal
2026-09-14 18:25:54,043 | INFO | 🔎 Selector [data-testid='visual-container'] encontró 1 elementos
2026-09-14 18:25:54,067 | INFO | 🔎 Selector [data-testid='visualContainer'] encontró 0 elementos
2026-09-14 18:25:54,073 | INFO | 🔎 Selector visual-container encontró 1 elementos
2026-09-14 18:25:54,091 | INFO | 🔎 Selector .visualContainer encontró 1 elementos
2026-09-14 18:25:54,112 | INFO | 🔎 Selector div.visualContainerHost encontró 1 elementos
2026-09-14 18:25:54,130 | INFO | 🔎 Selector div.visual-container encontró 0 elementos
2026-09-14 18:25:54,134 | INFO | 🔎 Selector div.visualContent encontró 1 elementos
2026-09-14 18:25:54,153 | INFO | 🔎 Selector .visual-content encontró 0 elementos
2026-09-14 18:25:54,158 | INFO | 🔎 Selector div[role='group'] encontró 1 elementos
2026-09-14 18:25:54,178 | INFO | 🔎 Selector div[role='main'] encontró 1 elementos
2026-09-14 18:25:54,193 | INFO | ✅ Visual encontrado: div[role='main'] | 1836x881
2026-09-14 18:25:58,281 | INFO | ✅ Tendencia guardada: C:\MDA\Reportes\Power BI\Tendencias7Dias\02_Pendientes.png
2026-09-14 18:25:58,281 | INFO | 🌐 Abriendo página Power BI: TMR
2026-09-14 18:26:35,107 | INFO | ✅ Página cargada: TMR | TMR - MDA-Tendencia7Dias - Power BI
2026-09-14 18:26:35,107 | INFO | 🔍 Buscando visual principal
2026-09-14 18:26:35,111 | INFO | 🔎 Selector [data-testid='visual-container'] encontró 1 elementos
2026-09-14 18:26:35,137 | INFO | 🔎 Selector [data-testid='visualContainer'] encontró 0 elementos
2026-09-14 18:26:35,141 | INFO | 🔎 Selector visual-container encontró 1 elementos
2026-09-14 18:26:35,162 | INFO | 🔎 Selector .visualContainer encontró 1 elementos
2026-09-14 18:26:35,182 | INFO | 🔎 Selector div.visualContainerHost encontró 1 elementos
2026-09-14 18:26:35,203 | INFO | 🔎 Selector div.visual-container encontró 0 elementos
2026-09-14 18:26:35,207 | INFO | 🔎 Selector div.visualContent encontró 1 elementos
2026-09-14 18:26:35,229 | INFO | 🔎 Selector .visual-content encontró 0 elementos
2026-09-14 18:26:35,233 | INFO | 🔎 Selector div[role='group'] encontró 1 elementos
2026-09-14 18:26:35,253 | INFO | 🔎 Selector div[role='main'] encontró 1 elementos
2026-09-14 18:26:35,269 | INFO | ✅ Visual encontrado: div[role='main'] | 1836x881
2026-09-14 18:26:39,360 | INFO | ✅ Tendencia guardada: C:\MDA\Reportes\Power BI\Tendencias7Dias\03_TMR.png
2026-09-14 18:26:39,360 | INFO | 🌐 Abriendo página Power BI: SLA
2026-09-14 18:27:14,838 | INFO | ✅ Página cargada: SLA | MDA-Tendencia7Dias - Power BI
2026-09-14 18:27:14,839 | INFO | 🔍 Buscando visual principal
2026-09-14 18:27:14,863 | INFO | 🔎 Selector [data-testid='visual-container'] encontró 1 elementos
2026-09-14 18:27:14,893 | INFO | 🔎 Selector [data-testid='visualContainer'] encontró 0 elementos
2026-09-14 18:27:14,904 | INFO | 🔎 Selector visual-container encontró 1 elementos
2026-09-14 18:27:14,934 | INFO | 🔎 Selector .visualContainer encontró 1 elementos
2026-09-14 18:27:14,959 | INFO | 🔎 Selector div.visualContainerHost encontró 1 elementos
2026-09-14 18:27:14,984 | INFO | 🔎 Selector div.visual-container encontró 0 elementos
2026-09-14 18:27:14,989 | INFO | 🔎 Selector div.visualContent encontró 1 elementos
2026-09-14 18:27:15,010 | INFO | 🔎 Selector .visual-content encontró 0 elementos
2026-09-14 18:27:15,016 | INFO | 🔎 Selector div[role='group'] encontró 1 elementos
2026-09-14 18:27:15,054 | INFO | 🔎 Selector div[role='main'] encontró 1 elementos
2026-09-14 18:27:15,079 | INFO | ✅ Visual encontrado: div[role='main'] | 1836x881
2026-09-14 18:27:19,185 | INFO | ✅ Tendencia guardada: C:\MDA\Reportes\Power BI\Tendencias7Dias\04_SLA.png
2026-09-14 18:27:19,185 | INFO | ✅ Se generaron 4 imágenes de tendencia
2026-09-14 18:27:19,185 | INFO | 🖼️ Tendencias generadas: ['C:\\MDA\\Reportes\\Power BI\\Tendencias7Dias\\01_Total_vs_Atendidos.png', 'C:\\MDA\\Reportes\\Power BI\\Tendencias7Dias\\02_Pendientes.png', 'C:\\MDA\\Reportes\\Power BI\\Tendencias7Dias\\03_TMR.png', 'C:\\MDA\\Reportes\\Power BI\\Tendencias7Dias\\04_SLA.png']
2026-09-14 18:27:19,185 | INFO | 🌐 Abriendo página Power BI: Dashboard principal
2026-09-14 18:27:54,660 | INFO | ✅ Página cargada: Dashboard principal | MDA - Power BI
2026-09-14 18:28:00,259 | INFO | ✅ Exportación PDF confirmada
2026-09-14 18:28:58,339 | INFO | ✅ PDF renombrado: C:\MDA\Reportes\Power BI\Dashboard_MDA_20260914_182858.pdf
2026-09-14 18:28:58,340 | INFO | 📎 Archivo generado: C:\MDA\Reportes\Power BI\Dashboard_MDA_20260914_182858.pdf
2026-09-14 18:28:58,341 | INFO | 📊 Consultando indicadores en SQL Server
2026-09-14 18:28:58,874 | INFO | ✅ KPIs consultados: 5 equipos y 10 tickets antiguos
2026-09-14 18:28:58,884 | INFO | 📧 Conectando con Outlook
2026-09-14 18:28:59,642 | INFO | ✅ Correo enviado en 0.76 segundos
2026-09-14 18:28:59,679 | INFO | ✅ Proceso completado
2026-09-14 18:29:01,966 | INFO | 🔒 Navegador cerrado
2026-09-14 18:36:49,996 | INFO | 🚀 Iniciando proceso
2026-09-14 18:37:08,431 | INFO | 🖥️ Resolución de Chrome configurada: 1920x1080
2026-09-14 18:37:08,433 | INFO | 🌐 Abriendo página Power BI: Total vs. Atendidos
2026-09-14 18:37:45,712 | INFO | ✅ Página cargada: Total vs. Atendidos | TotalVSAtendidos - MDA-Tendencia7Dias - Power BI
2026-09-14 18:37:45,714 | INFO | 🔍 Buscando visual principal
2026-09-14 18:37:45,738 | INFO | 🔎 Selector [data-testid='visual-container'] encontró 1 elementos
2026-09-14 18:37:45,784 | INFO | 🔎 Selector [data-testid='visualContainer'] encontró 0 elementos
2026-09-14 18:37:45,806 | INFO | 🔎 Selector visual-container encontró 1 elementos
2026-09-14 18:37:45,832 | INFO | 🔎 Selector .visualContainer encontró 1 elementos
2026-09-14 18:37:45,874 | INFO | 🔎 Selector div.visualContainerHost encontró 1 elementos
2026-09-14 18:37:45,926 | INFO | 🔎 Selector div.visual-container encontró 0 elementos
2026-09-14 18:37:45,942 | INFO | 🔎 Selector div.visualContent encontró 1 elementos
2026-09-14 18:37:45,975 | INFO | 🔎 Selector .visual-content encontró 0 elementos
2026-09-14 18:37:45,993 | INFO | 🔎 Selector div[role='group'] encontró 1 elementos
2026-09-14 18:37:46,020 | INFO | 🔎 Selector div[role='main'] encontró 1 elementos
2026-09-14 18:37:46,080 | INFO | ✅ Visual encontrado: div[role='main'] | 1532x659
2026-09-14 18:37:50,414 | INFO | ✅ Tendencia guardada: C:\MDA\Reportes\Power BI\Tendencias7Dias\01_Total_vs_Atendidos.png
2026-09-14 18:37:50,414 | INFO | 🌐 Abriendo página Power BI: Pendientes
2026-09-14 18:38:25,966 | INFO | ✅ Página cargada: Pendientes | MDA-Tendencia7Dias - Power BI
2026-09-14 18:38:25,966 | INFO | 🔍 Buscando visual principal
2026-09-14 18:38:25,975 | INFO | 🔎 Selector [data-testid='visual-container'] encontró 1 elementos
2026-09-14 18:38:26,009 | INFO | 🔎 Selector [data-testid='visualContainer'] encontró 0 elementos
2026-09-14 18:38:26,014 | INFO | 🔎 Selector visual-container encontró 1 elementos
2026-09-14 18:38:26,038 | INFO | 🔎 Selector .visualContainer encontró 1 elementos
2026-09-14 18:38:26,056 | INFO | 🔎 Selector div.visualContainerHost encontró 1 elementos
2026-09-14 18:38:26,080 | INFO | 🔎 Selector div.visual-container encontró 0 elementos
2026-09-14 18:38:26,086 | INFO | 🔎 Selector div.visualContent encontró 1 elementos
2026-09-14 18:38:26,106 | INFO | 🔎 Selector .visual-content encontró 0 elementos
2026-09-14 18:38:26,111 | INFO | 🔎 Selector div[role='group'] encontró 1 elementos
2026-09-14 18:38:26,132 | INFO | 🔎 Selector div[role='main'] encontró 1 elementos
2026-09-14 18:38:26,145 | INFO | ✅ Visual encontrado: div[role='main'] | 1836x881
2026-09-14 18:38:30,241 | INFO | ✅ Tendencia guardada: C:\MDA\Reportes\Power BI\Tendencias7Dias\02_Pendientes.png
2026-09-14 18:38:30,241 | INFO | 🌐 Abriendo página Power BI: TMR
2026-09-14 18:39:05,815 | INFO | ✅ Página cargada: TMR | TMR - MDA-Tendencia7Dias - Power BI
2026-09-14 18:39:05,816 | INFO | 🔍 Buscando visual principal
2026-09-14 18:39:05,825 | INFO | 🔎 Selector [data-testid='visual-container'] encontró 1 elementos
2026-09-14 18:39:05,849 | INFO | 🔎 Selector [data-testid='visualContainer'] encontró 0 elementos
2026-09-14 18:39:05,853 | INFO | 🔎 Selector visual-container encontró 1 elementos
2026-09-14 18:39:05,872 | INFO | 🔎 Selector .visualContainer encontró 1 elementos
2026-09-14 18:39:05,890 | INFO | 🔎 Selector div.visualContainerHost encontró 1 elementos
2026-09-14 18:39:05,908 | INFO | 🔎 Selector div.visual-container encontró 0 elementos
2026-09-14 18:39:05,912 | INFO | 🔎 Selector div.visualContent encontró 1 elementos
2026-09-14 18:39:05,932 | INFO | 🔎 Selector .visual-content encontró 0 elementos
2026-09-14 18:39:05,936 | INFO | 🔎 Selector div[role='group'] encontró 1 elementos
2026-09-14 18:39:05,976 | INFO | 🔎 Selector div[role='main'] encontró 1 elementos
2026-09-14 18:39:06,021 | INFO | ✅ Visual encontrado: div[role='main'] | 1836x881
2026-09-14 18:39:10,121 | INFO | ✅ Tendencia guardada: C:\MDA\Reportes\Power BI\Tendencias7Dias\03_TMR.png
2026-09-14 18:39:10,121 | INFO | 🌐 Abriendo página Power BI: SLA
2026-09-14 18:39:45,672 | INFO | ✅ Página cargada: SLA | SLA - MDA-Tendencia7Dias - Power BI
2026-09-14 18:39:45,673 | INFO | 🔍 Buscando visual principal
2026-09-14 18:39:45,681 | INFO | 🔎 Selector [data-testid='visual-container'] encontró 1 elementos
2026-09-14 18:39:45,713 | INFO | 🔎 Selector [data-testid='visualContainer'] encontró 0 elementos
2026-09-14 18:39:45,725 | INFO | 🔎 Selector visual-container encontró 1 elementos
2026-09-14 18:39:45,749 | INFO | 🔎 Selector .visualContainer encontró 1 elementos
2026-09-14 18:39:45,768 | INFO | 🔎 Selector div.visualContainerHost encontró 1 elementos
2026-09-14 18:39:45,787 | INFO | 🔎 Selector div.visual-container encontró 0 elementos
2026-09-14 18:39:45,791 | INFO | 🔎 Selector div.visualContent encontró 1 elementos
2026-09-14 18:39:45,812 | INFO | 🔎 Selector .visual-content encontró 0 elementos
2026-09-14 18:39:45,815 | INFO | 🔎 Selector div[role='group'] encontró 1 elementos
2026-09-14 18:39:45,835 | INFO | 🔎 Selector div[role='main'] encontró 1 elementos
2026-09-14 18:39:45,852 | INFO | ✅ Visual encontrado: div[role='main'] | 1836x881
2026-09-14 18:39:49,944 | INFO | ✅ Tendencia guardada: C:\MDA\Reportes\Power BI\Tendencias7Dias\04_SLA.png
2026-09-14 18:39:49,944 | INFO | ✅ Se generaron 4 imágenes de tendencia
2026-09-14 18:39:49,944 | INFO | 🖼️ Tendencias generadas: ['C:\\MDA\\Reportes\\Power BI\\Tendencias7Dias\\01_Total_vs_Atendidos.png', 'C:\\MDA\\Reportes\\Power BI\\Tendencias7Dias\\02_Pendientes.png', 'C:\\MDA\\Reportes\\Power BI\\Tendencias7Dias\\03_TMR.png', 'C:\\MDA\\Reportes\\Power BI\\Tendencias7Dias\\04_SLA.png']
2026-09-14 18:39:49,944 | INFO | 🌐 Abriendo página Power BI: Dashboard principal
2026-09-14 18:40:25,404 | INFO | ✅ Página cargada: Dashboard principal | MDA - Power BI
2026-09-14 18:40:31,019 | INFO | ✅ Exportación PDF confirmada
2026-09-14 18:41:23,072 | INFO | ✅ PDF renombrado: C:\MDA\Reportes\Power BI\Dashboard_MDA_20260914_184123.pdf
2026-09-14 18:41:23,073 | INFO | 📎 Archivo generado: C:\MDA\Reportes\Power BI\Dashboard_MDA_20260914_184123.pdf
2026-09-14 18:41:23,073 | INFO | 📊 Consultando indicadores en SQL Server
2026-09-14 18:41:23,569 | INFO | ✅ KPIs consultados: 5 equipos y 10 tickets antiguos
2026-09-14 18:41:23,570 | INFO | 📧 Conectando con Outlook
2026-09-14 18:41:23,580 | INFO | 🖼️ Incrustando imagen 1 con CID tendencia_1: C:\MDA\Reportes\Power BI\Tendencias7Dias\01_Total_vs_Atendidos.png
2026-09-14 18:41:23,598 | INFO | 🖼️ Incrustando imagen 2 con CID tendencia_2: C:\MDA\Reportes\Power BI\Tendencias7Dias\02_Pendientes.png
2026-09-14 18:41:23,613 | INFO | 🖼️ Incrustando imagen 3 con CID tendencia_3: C:\MDA\Reportes\Power BI\Tendencias7Dias\03_TMR.png
2026-09-14 18:41:23,629 | INFO | 🖼️ Incrustando imagen 4 con CID tendencia_4: C:\MDA\Reportes\Power BI\Tendencias7Dias\04_SLA.png
2026-09-14 18:41:23,644 | INFO | ✅ Las cuatro imágenes quedaron incrustadas mediante CID
2026-09-14 18:41:24,031 | INFO | ✅ Correo enviado en 0.46 segundos
2026-09-14 18:41:24,047 | INFO | ✅ Proceso completado
2026-09-14 18:41:26,435 | INFO | 🔒 Navegador cerrado
2026-09-14 19:06:03,956 | INFO | 🚀 Iniciando proceso
2026-09-14 19:06:11,770 | INFO | 🖥️ Resolución de Chrome configurada: 1920x1080
2026-09-14 19:06:11,771 | INFO | 🌐 Abriendo página Power BI: Total vs. Atendidos
2026-09-14 19:06:49,213 | INFO | ✅ Página cargada: Total vs. Atendidos | TotalVSAtendidos - MDA-Tendencia7Dias - Power BI
2026-09-14 19:06:49,216 | INFO | 📸 Capturando página de Power BI: Total vs. Atendidos
2026-09-14 19:06:49,513 | INFO | ✂️ Recortando interfaz de Power BI
2026-09-14 19:06:49,532 | INFO | 📐 Captura original de Total vs. Atendidos: 1904x929
2026-09-14 19:06:49,686 | INFO | ✅ Recorte Total vs. Atendidos: izquierda=190, arriba=46, derecha=1865, abajo=891
2026-09-14 19:06:49,686 | INFO | ✅ Gráfico recortado: C:\MDA\Reportes\Power BI\Tendencias7Dias\01_Total_vs_Atendidos.png
2026-09-14 19:06:49,687 | INFO | 🌐 Abriendo página Power BI: Pendientes
2026-09-14 19:07:25,263 | INFO | ✅ Página cargada: Pendientes | MDA-Tendencia7Dias - Power BI
2026-09-14 19:07:25,265 | INFO | 📸 Capturando página de Power BI: Pendientes
2026-09-14 19:07:25,347 | INFO | ✂️ Recortando interfaz de Power BI
2026-09-14 19:07:25,353 | INFO | 📐 Captura original de Pendientes: 1904x929
2026-09-14 19:07:25,519 | INFO | ✅ Recorte Pendientes: izquierda=190, arriba=46, derecha=1865, abajo=891
2026-09-14 19:07:25,520 | INFO | ✅ Gráfico recortado: C:\MDA\Reportes\Power BI\Tendencias7Dias\02_Pendientes.png
2026-09-14 19:07:25,521 | INFO | 🌐 Abriendo página Power BI: TMR
2026-09-14 19:08:00,860 | INFO | ✅ Página cargada: TMR | MDA-Tendencia7Dias - Power BI
2026-09-14 19:08:00,861 | INFO | 📸 Capturando página de Power BI: TMR
2026-09-14 19:08:00,943 | INFO | ✂️ Recortando interfaz de Power BI
2026-09-14 19:08:00,949 | INFO | 📐 Captura original de TMR: 1904x929
2026-09-14 19:08:01,145 | INFO | ✅ Recorte TMR: izquierda=190, arriba=46, derecha=1865, abajo=891
2026-09-14 19:08:01,146 | INFO | ✅ Gráfico recortado: C:\MDA\Reportes\Power BI\Tendencias7Dias\03_TMR.png
2026-09-14 19:08:01,147 | INFO | 🌐 Abriendo página Power BI: SLA
2026-09-14 19:08:36,491 | INFO | ✅ Página cargada: SLA | MDA-Tendencia7Dias - Power BI
2026-09-14 19:08:36,492 | INFO | 📸 Capturando página de Power BI: SLA
2026-09-14 19:08:36,572 | INFO | ✂️ Recortando interfaz de Power BI
2026-09-14 19:08:36,578 | INFO | 📐 Captura original de SLA: 1904x929
2026-09-14 19:08:36,696 | INFO | ✅ Recorte SLA: izquierda=190, arriba=46, derecha=1865, abajo=891
2026-09-14 19:08:36,697 | INFO | ✅ Gráfico recortado: C:\MDA\Reportes\Power BI\Tendencias7Dias\04_SLA.png
2026-09-14 19:08:36,698 | INFO | ✅ Se generaron 4 imágenes de tendencia
2026-09-14 19:08:36,698 | INFO | 🖼️ Tendencias generadas: ['C:\\MDA\\Reportes\\Power BI\\Tendencias7Dias\\01_Total_vs_Atendidos.png', 'C:\\MDA\\Reportes\\Power BI\\Tendencias7Dias\\02_Pendientes.png', 'C:\\MDA\\Reportes\\Power BI\\Tendencias7Dias\\03_TMR.png', 'C:\\MDA\\Reportes\\Power BI\\Tendencias7Dias\\04_SLA.png']
2026-09-14 19:08:36,698 | INFO | 🌐 Abriendo página Power BI: Dashboard principal
2026-09-14 19:09:12,028 | INFO | ✅ Página cargada: Dashboard principal | MDA - Power BI
2026-09-14 19:09:17,616 | INFO | ✅ Exportación PDF confirmada
2026-09-14 19:10:15,681 | INFO | ✅ PDF renombrado: C:\MDA\Reportes\Power BI\Dashboard_MDA_20260914_191015.pdf
2026-09-14 19:10:15,682 | INFO | 📎 Archivo generado: C:\MDA\Reportes\Power BI\Dashboard_MDA_20260914_191015.pdf
2026-09-14 19:10:15,682 | INFO | 📊 Consultando indicadores en SQL Server
2026-09-14 19:10:16,291 | INFO | ✅ KPIs consultados: 5 equipos y 10 tickets antiguos
2026-09-14 19:10:16,294 | INFO | 📧 Conectando con Outlook
2026-09-14 19:10:16,314 | INFO | 🖼️ Incrustando imagen 1 con CID tendencia_1: C:\MDA\Reportes\Power BI\Tendencias7Dias\01_Total_vs_Atendidos.png
2026-09-14 19:10:16,416 | INFO | 🖼️ Incrustando imagen 2 con CID tendencia_2: C:\MDA\Reportes\Power BI\Tendencias7Dias\02_Pendientes.png
2026-09-14 19:10:16,457 | INFO | 🖼️ Incrustando imagen 3 con CID tendencia_3: C:\MDA\Reportes\Power BI\Tendencias7Dias\03_TMR.png
2026-09-14 19:10:16,484 | INFO | 🖼️ Incrustando imagen 4 con CID tendencia_4: C:\MDA\Reportes\Power BI\Tendencias7Dias\04_SLA.png
2026-09-14 19:10:16,515 | INFO | ✅ Las cuatro imágenes quedaron incrustadas mediante CID
2026-09-14 19:10:17,066 | INFO | ✅ Correo enviado en 0.77 segundos
2026-09-14 19:10:17,103 | INFO | ✅ Proceso completado
2026-09-14 19:10:19,418 | INFO | 🔒 Navegador cerrado
2026-09-14 19:24:13,334 | INFO | 🚀 Iniciando proceso
2026-09-14 19:24:20,645 | INFO | 🖥️ Resolución de Chrome configurada: 1920x1080
2026-09-14 19:24:20,646 | INFO | 🌐 Abriendo página Power BI: Total vs. Atendidos
2026-09-14 19:24:59,204 | INFO | ✅ Página cargada: Total vs. Atendidos | TotalVSAtendidos - MDA-Tendencia7Dias - Power BI
2026-09-14 19:24:59,468 | INFO | 📐 Imagen original Total vs. Atendidos: 1904x929
2026-09-14 19:24:59,468 | INFO | ✂️ Recorte Total vs. Atendidos: (72, 46, 1894, 905)
2026-09-14 19:24:59,512 | INFO | ✅ Gráfico guardado: C:\MDA\Reportes\Power BI\Tendencias7Dias\01_Total_vs_Atendidos.png
2026-09-14 19:24:59,513 | INFO | 🌐 Abriendo página Power BI: Pendientes
2026-09-14 19:25:34,780 | INFO | ✅ Página cargada: Pendientes | MDA-Tendencia7Dias - Power BI
2026-09-14 19:25:34,865 | INFO | 📐 Imagen original Pendientes: 1904x929
2026-09-14 19:25:34,866 | INFO | ✂️ Recorte Pendientes: (72, 46, 1894, 905)
2026-09-14 19:25:35,009 | INFO | ✅ Gráfico guardado: C:\MDA\Reportes\Power BI\Tendencias7Dias\02_Pendientes.png
2026-09-14 19:25:35,009 | INFO | 🌐 Abriendo página Power BI: TMR
2026-09-14 19:26:10,293 | INFO | ✅ Página cargada: TMR | MDA-Tendencia7Dias - Power BI
2026-09-14 19:26:10,373 | INFO | 📐 Imagen original TMR: 1904x929
2026-09-14 19:26:10,373 | INFO | ✂️ Recorte TMR: (72, 46, 1894, 905)
2026-09-14 19:26:10,539 | INFO | ✅ Gráfico guardado: C:\MDA\Reportes\Power BI\Tendencias7Dias\03_TMR.png
2026-09-14 19:26:10,540 | INFO | 🌐 Abriendo página Power BI: SLA
2026-09-14 19:26:45,894 | INFO | ✅ Página cargada: SLA | MDA-Tendencia7Dias - Power BI
2026-09-14 19:26:45,987 | INFO | 📐 Imagen original SLA: 1904x929
2026-09-14 19:26:45,988 | INFO | ✂️ Recorte SLA: (72, 46, 1894, 905)
2026-09-14 19:26:46,122 | INFO | ✅ Gráfico guardado: C:\MDA\Reportes\Power BI\Tendencias7Dias\04_SLA.png
2026-09-14 19:26:46,123 | INFO | ✅ Se generaron 4 imágenes de tendencia
2026-09-14 19:26:46,123 | INFO | 🖼️ Tendencias generadas: ['C:\\MDA\\Reportes\\Power BI\\Tendencias7Dias\\01_Total_vs_Atendidos.png', 'C:\\MDA\\Reportes\\Power BI\\Tendencias7Dias\\02_Pendientes.png', 'C:\\MDA\\Reportes\\Power BI\\Tendencias7Dias\\03_TMR.png', 'C:\\MDA\\Reportes\\Power BI\\Tendencias7Dias\\04_SLA.png']
2026-09-14 19:26:46,123 | INFO | 🌐 Abriendo página Power BI: Dashboard principal
2026-09-14 19:27:21,481 | INFO | ✅ Página cargada: Dashboard principal | MDA - Power BI
2026-09-14 19:27:27,077 | INFO | ✅ Exportación PDF confirmada
2026-09-14 19:28:25,152 | INFO | ✅ PDF renombrado: C:\MDA\Reportes\Power BI\Dashboard_MDA_20260914_192825.pdf
2026-09-14 19:28:25,153 | INFO | 📎 Archivo generado: C:\MDA\Reportes\Power BI\Dashboard_MDA_20260914_192825.pdf
2026-09-14 19:28:25,153 | INFO | 📊 Consultando indicadores en SQL Server
2026-09-14 19:28:25,688 | INFO | ✅ KPIs consultados: 5 equipos y 10 tickets antiguos
2026-09-14 19:28:25,689 | INFO | 📧 Conectando con Outlook
2026-09-14 19:28:25,720 | INFO | 🖼️ Incrustando imagen 1 con CID tendencia_1
2026-09-14 19:28:25,757 | ERROR | ❌ Error: (-2147352567, 'Ocurrió una excepción.', (4096, 'Microsoft Outlook', 'La propiedad "http://schemas.microsoft.com/mapi/proptag/0x37140003" no admite esta operación.', None, 0, -2147024891), None)
2026-09-14 19:28:25,759 | ERROR | Traceback (most recent call last):
  File "c:\Automatizaciones\MDA\SEND_REPORTS\main.py", line 24, in main
    Mailer().send_mail(
    ~~~~~~~~~~~~~~~~~~^
        destinatarios=MAIL_TO,
        ^^^^^^^^^^^^^^^^^^^^^^
    ...<5 lines>...
        kpis=kpis,
        ^^^^^^^^^^
    )
    ^
  File "c:\Automatizaciones\MDA\SEND_REPORTS\src\mailer.py", line 119, in send_mail
    property_accessor.SetProperty(
    ~~~~~~~~~~~~~~~~~~~~~~~~~~~~~^
        "http://schemas.microsoft.com/mapi/"
        ^^^^^^^^^^^^^^^^^^^^^^^^^^^^^^^^^^^^
        "proptag/0x37140003",
        ^^^^^^^^^^^^^^^^^^^^^
        4
        ^
    )
    ^
  File "<COMObject <unknown>>", line 2, in SetProperty
pywintypes.com_error: (-2147352567, 'Ocurrió una excepción.', (4096, 'Microsoft Outlook', 'La propiedad "http://schemas.microsoft.com/mapi/proptag/0x37140003" no admite esta operación.', None, 0, -2147024891), None)

2026-09-14 19:28:28,039 | INFO | 🔒 Navegador cerrado
2026-09-14 19:34:24,136 | INFO | 🚀 Iniciando proceso
2026-09-14 19:34:43,883 | INFO | 🖥️ Resolución de Chrome configurada: 1920x1080
2026-09-14 19:34:43,887 | INFO | 🌐 Abriendo página Power BI: Total vs. Atendidos
2026-09-14 19:35:21,107 | INFO | ✅ Página cargada: Total vs. Atendidos | TotalVSAtendidos - MDA-Tendencia7Dias - Power BI
2026-09-14 19:35:21,509 | INFO | 📐 Imagen original Total vs. Atendidos: 1904x929
2026-09-14 19:35:21,510 | INFO | ✂️ Recorte Total vs. Atendidos: (72, 46, 1894, 905)
2026-09-14 19:35:21,570 | INFO | ✅ Gráfico guardado: C:\MDA\Reportes\Power BI\Tendencias7Dias\01_Total_vs_Atendidos.png
2026-09-14 19:35:21,570 | INFO | 🌐 Abriendo página Power BI: Pendientes
2026-09-14 19:35:56,838 | INFO | ✅ Página cargada: Pendientes | Pendientes - MDA-Tendencia7Dias - Power BI
2026-09-14 19:35:56,939 | INFO | 📐 Imagen original Pendientes: 1904x929
2026-09-14 19:35:56,940 | INFO | ✂️ Recorte Pendientes: (72, 46, 1894, 905)
2026-09-14 19:35:57,082 | INFO | ✅ Gráfico guardado: C:\MDA\Reportes\Power BI\Tendencias7Dias\02_Pendientes.png
2026-09-14 19:35:57,083 | INFO | 🌐 Abriendo página Power BI: TMR
2026-09-14 19:36:32,393 | INFO | ✅ Página cargada: TMR | TMR - MDA-Tendencia7Dias - Power BI
2026-09-14 19:36:32,480 | INFO | 📐 Imagen original TMR: 1904x929
2026-09-14 19:36:32,480 | INFO | ✂️ Recorte TMR: (72, 46, 1894, 905)
2026-09-14 19:36:32,628 | INFO | ✅ Gráfico guardado: C:\MDA\Reportes\Power BI\Tendencias7Dias\03_TMR.png
2026-09-14 19:36:32,629 | INFO | 🌐 Abriendo página Power BI: SLA
2026-09-14 19:37:08,008 | INFO | ✅ Página cargada: SLA | MDA-Tendencia7Dias - Power BI
2026-09-14 19:37:08,098 | INFO | 📐 Imagen original SLA: 1904x929
2026-09-14 19:37:08,099 | INFO | ✂️ Recorte SLA: (72, 46, 1894, 905)
2026-09-14 19:37:08,230 | INFO | ✅ Gráfico guardado: C:\MDA\Reportes\Power BI\Tendencias7Dias\04_SLA.png
2026-09-14 19:37:08,231 | INFO | ✅ Se generaron 4 imágenes de tendencia
2026-09-14 19:37:08,231 | INFO | 🖼️ Tendencias generadas: ['C:\\MDA\\Reportes\\Power BI\\Tendencias7Dias\\01_Total_vs_Atendidos.png', 'C:\\MDA\\Reportes\\Power BI\\Tendencias7Dias\\02_Pendientes.png', 'C:\\MDA\\Reportes\\Power BI\\Tendencias7Dias\\03_TMR.png', 'C:\\MDA\\Reportes\\Power BI\\Tendencias7Dias\\04_SLA.png']
2026-09-14 19:37:08,231 | INFO | 🌐 Abriendo página Power BI: Dashboard principal
2026-09-14 19:37:43,551 | INFO | ✅ Página cargada: Dashboard principal | MDA - Power BI
2026-09-14 19:37:49,165 | INFO | ✅ Exportación PDF confirmada
2026-09-14 19:38:47,254 | INFO | ✅ PDF renombrado: C:\MDA\Reportes\Power BI\Dashboard_MDA_20260914_193847.pdf
2026-09-14 19:38:47,255 | INFO | 📎 Archivo generado: C:\MDA\Reportes\Power BI\Dashboard_MDA_20260914_193847.pdf
2026-09-14 19:38:47,255 | INFO | 📊 Consultando indicadores en SQL Server
2026-09-14 19:38:47,754 | INFO | ✅ KPIs consultados: 5 equipos y 10 tickets antiguos
2026-09-14 19:38:47,755 | INFO | 📧 Conectando con Outlook
2026-09-14 19:38:47,785 | INFO | 🖼️ Incrustando imagen 1 con CID tendencia_1: C:\MDA\Reportes\Power BI\Tendencias7Dias\01_Total_vs_Atendidos.png
2026-09-14 19:38:47,810 | INFO | ✅ Imagen 1 marcada como oculta
2026-09-14 19:38:47,811 | INFO | 🖼️ Incrustando imagen 2 con CID tendencia_2: C:\MDA\Reportes\Power BI\Tendencias7Dias\02_Pendientes.png
2026-09-14 19:38:47,831 | INFO | ✅ Imagen 2 marcada como oculta
2026-09-14 19:38:47,831 | INFO | 🖼️ Incrustando imagen 3 con CID tendencia_3: C:\MDA\Reportes\Power BI\Tendencias7Dias\03_TMR.png
2026-09-14 19:38:47,852 | INFO | ✅ Imagen 3 marcada como oculta
2026-09-14 19:38:47,852 | INFO | 🖼️ Incrustando imagen 4 con CID tendencia_4: C:\MDA\Reportes\Power BI\Tendencias7Dias\04_SLA.png
2026-09-14 19:38:47,869 | INFO | ✅ Imagen 4 marcada como oculta
2026-09-14 19:38:47,869 | INFO | ✅ Las cuatro imágenes quedaron incrustadas mediante CID
2026-09-14 19:38:48,680 | INFO | ✅ Correo enviado en 0.92 segundos
2026-09-14 19:38:48,751 | INFO | ✅ Proceso completado
2026-09-14 19:38:51,054 | INFO | 🔒 Navegador cerrado
2026-09-14 19:57:36,873 | INFO | 🚀 Iniciando proceso
2026-09-14 19:57:54,609 | INFO | 🖥️ Resolución de Chrome configurada: 1920x1080
2026-09-14 19:57:54,612 | INFO | 🌐 Abriendo página Power BI: Total vs. Atendidos
2026-09-14 19:58:31,978 | INFO | ✅ Página cargada: Total vs. Atendidos | TotalVSAtendidos - MDA-Tendencia7Dias - Power BI
2026-09-14 19:58:32,389 | INFO | 📐 Imagen original Total vs. Atendidos: 1904x929
2026-09-14 19:58:32,389 | INFO | ✂️ Recorte Total vs. Atendidos: (270, 92, 1894, 905)
2026-09-14 19:58:32,449 | INFO | ✅ Gráfico guardado: C:\MDA\Reportes\Power BI\Tendencias7Dias\01_Total_vs_Atendidos.png
2026-09-14 19:58:32,450 | INFO | 🌐 Abriendo página Power BI: Pendientes
2026-09-14 19:59:07,825 | INFO | ✅ Página cargada: Pendientes | MDA-Tendencia7Dias - Power BI
2026-09-14 19:59:07,920 | INFO | 📐 Imagen original Pendientes: 1904x929
2026-09-14 19:59:07,920 | INFO | ✂️ Recorte Pendientes: (270, 92, 1894, 905)
2026-09-14 19:59:08,045 | INFO | ✅ Gráfico guardado: C:\MDA\Reportes\Power BI\Tendencias7Dias\02_Pendientes.png
2026-09-14 19:59:08,046 | INFO | 🌐 Abriendo página Power BI: TMR
2026-09-14 19:59:43,353 | INFO | ✅ Página cargada: TMR | MDA-Tendencia7Dias - Power BI
2026-09-14 19:59:43,450 | INFO | 📐 Imagen original TMR: 1904x929
2026-09-14 19:59:43,450 | INFO | ✂️ Recorte TMR: (270, 92, 1894, 905)
2026-09-14 19:59:43,588 | INFO | ✅ Gráfico guardado: C:\MDA\Reportes\Power BI\Tendencias7Dias\03_TMR.png
2026-09-14 19:59:43,589 | INFO | 🌐 Abriendo página Power BI: SLA
2026-09-14 20:00:18,956 | INFO | ✅ Página cargada: SLA | MDA-Tendencia7Dias - Power BI
2026-09-14 20:00:19,036 | INFO | 📐 Imagen original SLA: 1904x929
2026-09-14 20:00:19,036 | INFO | ✂️ Recorte SLA: (270, 92, 1894, 905)
2026-09-14 20:00:19,148 | INFO | ✅ Gráfico guardado: C:\MDA\Reportes\Power BI\Tendencias7Dias\04_SLA.png
2026-09-14 20:00:19,149 | INFO | ✅ Se generaron 4 imágenes de tendencia
2026-09-14 20:00:19,149 | INFO | 🖼️ Tendencias generadas: ['C:\\MDA\\Reportes\\Power BI\\Tendencias7Dias\\01_Total_vs_Atendidos.png', 'C:\\MDA\\Reportes\\Power BI\\Tendencias7Dias\\02_Pendientes.png', 'C:\\MDA\\Reportes\\Power BI\\Tendencias7Dias\\03_TMR.png', 'C:\\MDA\\Reportes\\Power BI\\Tendencias7Dias\\04_SLA.png']
2026-09-14 20:00:19,149 | INFO | 🌐 Abriendo página Power BI: Dashboard principal
2026-09-14 20:00:54,456 | INFO | ✅ Página cargada: Dashboard principal | MDA - Power BI
2026-09-14 20:01:00,047 | INFO | ✅ Exportación PDF confirmada
2026-09-14 20:04:01,680 | INFO | 🚀 Iniciando proceso
2026-09-14 20:04:20,816 | INFO | 🖥️ Resolución de Chrome configurada: 1920x1080
2026-09-14 20:04:20,819 | INFO | 🌐 Abriendo página Power BI: Total vs. Atendidos
2026-09-14 20:04:57,611 | INFO | ✅ Página cargada: Total vs. Atendidos | TotalVSAtendidos - MDA-Tendencia7Dias - Power BI
2026-09-14 20:04:57,969 | INFO | 📐 Imagen original Total vs. Atendidos: 1904x929
2026-09-14 20:04:57,969 | INFO | ✂️ Recorte Total vs. Atendidos: (342, 92, 1904, 905)
2026-09-14 20:04:58,092 | INFO | ✅ Gráfico guardado: C:\MDA\Reportes\Power BI\Tendencias7Dias\01_Total_vs_Atendidos.png
2026-09-14 20:04:58,093 | INFO | 🌐 Abriendo página Power BI: Pendientes
2026-09-14 20:05:33,356 | INFO | ✅ Página cargada: Pendientes | MDA-Tendencia7Dias - Power BI
2026-09-14 20:05:33,430 | INFO | 📐 Imagen original Pendientes: 1904x929
2026-09-14 20:05:33,430 | INFO | ✂️ Recorte Pendientes: (342, 92, 1904, 905)
2026-09-14 20:05:33,555 | INFO | ✅ Gráfico guardado: C:\MDA\Reportes\Power BI\Tendencias7Dias\02_Pendientes.png
2026-09-14 20:05:33,556 | INFO | 🌐 Abriendo página Power BI: TMR
2026-09-14 20:06:08,882 | INFO | ✅ Página cargada: TMR | MDA-Tendencia7Dias - Power BI
2026-09-14 20:06:08,964 | INFO | 📐 Imagen original TMR: 1904x929
2026-09-14 20:06:08,964 | INFO | ✂️ Recorte TMR: (342, 92, 1904, 905)
2026-09-14 20:06:09,115 | INFO | ✅ Gráfico guardado: C:\MDA\Reportes\Power BI\Tendencias7Dias\03_TMR.png
2026-09-14 20:06:09,116 | INFO | 🌐 Abriendo página Power BI: SLA
2026-09-14 20:06:44,439 | INFO | ✅ Página cargada: SLA | MDA-Tendencia7Dias - Power BI
2026-09-14 20:06:44,529 | INFO | 📐 Imagen original SLA: 1904x929
2026-09-14 20:06:44,529 | INFO | ✂️ Recorte SLA: (342, 92, 1904, 905)
2026-09-14 20:06:44,656 | INFO | ✅ Gráfico guardado: C:\MDA\Reportes\Power BI\Tendencias7Dias\04_SLA.png
2026-09-14 20:06:44,657 | INFO | ✅ Se generaron 4 imágenes de tendencia
2026-09-14 20:06:44,657 | INFO | 🖼️ Tendencias generadas: ['C:\\MDA\\Reportes\\Power BI\\Tendencias7Dias\\01_Total_vs_Atendidos.png', 'C:\\MDA\\Reportes\\Power BI\\Tendencias7Dias\\02_Pendientes.png', 'C:\\MDA\\Reportes\\Power BI\\Tendencias7Dias\\03_TMR.png', 'C:\\MDA\\Reportes\\Power BI\\Tendencias7Dias\\04_SLA.png']
2026-09-14 20:06:44,657 | INFO | 🌐 Abriendo página Power BI: Dashboard principal
2026-09-14 20:07:19,992 | INFO | ✅ Página cargada: Dashboard principal | MDA - Power BI
2026-09-14 20:07:25,676 | INFO | ✅ Exportación PDF confirmada
2026-09-14 20:08:23,749 | INFO | ✅ PDF renombrado: C:\MDA\Reportes\Power BI\Dashboard_MDA_20260914_200823.pdf
2026-09-14 20:08:23,750 | INFO | 📎 Archivo generado: C:\MDA\Reportes\Power BI\Dashboard_MDA_20260914_200823.pdf
2026-09-14 20:08:23,750 | INFO | 📊 Consultando indicadores en SQL Server
2026-09-14 20:08:24,374 | INFO | ✅ KPIs consultados: 5 equipos y 10 tickets antiguos
2026-09-14 20:08:24,389 | INFO | 📧 Conectando con Outlook
2026-09-14 20:08:24,420 | INFO | 🖼️ Incrustando imagen 1 con CID tendencia_1: C:\MDA\Reportes\Power BI\Tendencias7Dias\01_Total_vs_Atendidos.png
2026-09-14 20:08:24,468 | INFO | ✅ Imagen 1 marcada como oculta
2026-09-14 20:08:24,469 | INFO | 🖼️ Incrustando imagen 2 con CID tendencia_2: C:\MDA\Reportes\Power BI\Tendencias7Dias\02_Pendientes.png
2026-09-14 20:08:24,500 | INFO | ✅ Imagen 2 marcada como oculta
2026-09-14 20:08:24,501 | INFO | 🖼️ Incrustando imagen 3 con CID tendencia_3: C:\MDA\Reportes\Power BI\Tendencias7Dias\03_TMR.png
2026-09-14 20:08:24,530 | INFO | ✅ Imagen 3 marcada como oculta
2026-09-14 20:08:24,530 | INFO | 🖼️ Incrustando imagen 4 con CID tendencia_4: C:\MDA\Reportes\Power BI\Tendencias7Dias\04_SLA.png
2026-09-14 20:08:24,551 | INFO | ✅ Imagen 4 marcada como oculta
2026-09-14 20:08:24,551 | INFO | ✅ Las cuatro imágenes quedaron incrustadas mediante CID
2026-09-14 20:08:25,242 | INFO | ✅ Correo enviado en 0.85 segundos
2026-09-14 20:08:25,288 | INFO | ✅ Proceso completado
2026-09-14 20:08:27,605 | INFO | 🔒 Navegador cerrado
2026-09-14 20:13:35,426 | INFO | ✅ Scheduler iniciado
2026-09-14 20:13:35,427 | INFO | ⏳ Esperando siguiente corte... 20:13:35
2026-09-14 20:52:13,007 | INFO | ✅ Scheduler iniciado
2026-09-14 20:52:13,007 | INFO | ⏳ Esperando siguiente corte... 20:52:13
2026-09-14 21:52:13,008 | INFO | ⏳ Esperando siguiente corte... 21:52:13
2026-09-14 22:52:13,010 | INFO | ⏳ Esperando siguiente corte... 22:52:13
2026-09-14 23:52:13,011 | INFO | ⏳ Esperando siguiente corte... 23:52:13
2026-09-15 00:52:13,013 | INFO | ⏳ Esperando siguiente corte... 00:52:13
2026-09-15 01:52:13,016 | INFO | ⏳ Esperando siguiente corte... 01:52:13
2026-09-15 02:52:13,017 | INFO | ⏳ Esperando siguiente corte... 02:52:13
2026-09-15 06:31:34,715 | INFO | ✅ Scheduler iniciado
2026-09-15 06:31:34,716 | INFO | ⏳ Esperando siguiente corte... 06:31:34
2026-09-15 07:31:34,717 | INFO | ⏰ Hora programada alcanzada
2026-09-15 07:31:34,718 | INFO | 🚀 Iniciando proceso
2026-09-15 07:32:00,646 | INFO | 🖥️ Resolución de Chrome configurada: 1920x1080
2026-09-15 07:32:00,648 | INFO | 🌐 Abriendo página Power BI: Total vs. Atendidos
2026-09-15 07:32:37,248 | INFO | ✅ Página cargada: Total vs. Atendidos | TotalVSAtendidos - MDA-Tendencia7Dias - Power BI
2026-09-15 07:32:37,588 | INFO | 📐 Imagen original Total vs. Atendidos: 1925x1035
2026-09-15 07:32:37,588 | INFO | ✂️ Recorte Total vs. Atendidos: (346, 103, 1925, 1009)
2026-09-15 07:32:37,646 | INFO | ✅ Gráfico guardado: C:\MDA\Reportes\Power BI\Tendencias7Dias\01_Total_vs_Atendidos.png
2026-09-15 07:32:37,647 | INFO | 🌐 Abriendo página Power BI: Pendientes
2026-09-15 07:33:12,996 | INFO | ✅ Página cargada: Pendientes | MDA-Tendencia7Dias - Power BI
2026-09-15 07:33:13,122 | INFO | 📐 Imagen original Pendientes: 1925x1035
2026-09-15 07:33:13,122 | INFO | ✂️ Recorte Pendientes: (346, 103, 1925, 1009)
2026-09-15 07:33:13,254 | INFO | ✅ Gráfico guardado: C:\MDA\Reportes\Power BI\Tendencias7Dias\02_Pendientes.png
2026-09-15 07:33:13,255 | INFO | 🌐 Abriendo página Power BI: TMR
2026-09-15 07:33:48,821 | INFO | ✅ Página cargada: TMR | MDA-Tendencia7Dias - Power BI
2026-09-15 07:33:48,898 | INFO | 📐 Imagen original TMR: 1925x1035
2026-09-15 07:33:48,899 | INFO | ✂️ Recorte TMR: (346, 103, 1925, 1009)
2026-09-15 07:33:49,040 | INFO | ✅ Gráfico guardado: C:\MDA\Reportes\Power BI\Tendencias7Dias\03_TMR.png
2026-09-15 07:33:49,041 | INFO | 🌐 Abriendo página Power BI: SLA
2026-09-15 07:34:24,315 | INFO | ✅ Página cargada: SLA | MDA-Tendencia7Dias - Power BI
2026-09-15 07:34:24,397 | INFO | 📐 Imagen original SLA: 1925x1035
2026-09-15 07:34:24,397 | INFO | ✂️ Recorte SLA: (346, 103, 1925, 1009)
2026-09-15 07:34:24,497 | INFO | ✅ Gráfico guardado: C:\MDA\Reportes\Power BI\Tendencias7Dias\04_SLA.png
2026-09-15 07:34:24,498 | INFO | ✅ Se generaron 4 imágenes de tendencia
2026-09-15 07:34:24,498 | INFO | 🖼️ Tendencias generadas: ['C:\\MDA\\Reportes\\Power BI\\Tendencias7Dias\\01_Total_vs_Atendidos.png', 'C:\\MDA\\Reportes\\Power BI\\Tendencias7Dias\\02_Pendientes.png', 'C:\\MDA\\Reportes\\Power BI\\Tendencias7Dias\\03_TMR.png', 'C:\\MDA\\Reportes\\Power BI\\Tendencias7Dias\\04_SLA.png']
2026-09-15 07:34:24,498 | INFO | 🌐 Abriendo página Power BI: Dashboard principal
2026-09-15 07:34:59,795 | INFO | ✅ Página cargada: Dashboard principal | MDA - Power BI
2026-09-15 07:35:05,562 | INFO | ✅ Exportación PDF confirmada
2026-09-15 07:36:07,638 | INFO | ✅ PDF renombrado: C:\MDA\Reportes\Power BI\Dashboard_MDA_20260915_073607.pdf
2026-09-15 07:36:07,638 | INFO | 📎 Archivo generado: C:\MDA\Reportes\Power BI\Dashboard_MDA_20260915_073607.pdf
2026-09-15 07:36:07,638 | INFO | 📊 Consultando indicadores en SQL Server
2026-09-15 07:36:08,309 | INFO | ✅ KPIs consultados: 5 equipos y 10 tickets antiguos
2026-09-15 07:36:08,311 | INFO | 📧 Conectando con Outlook
2026-09-15 07:36:08,353 | INFO | 🖼️ Incrustando imagen 1 con CID tendencia_1: C:\MDA\Reportes\Power BI\Tendencias7Dias\01_Total_vs_Atendidos.png
2026-09-15 07:36:08,385 | INFO | ✅ Imagen 1 marcada como oculta
2026-09-15 07:36:08,386 | INFO | 🖼️ Incrustando imagen 2 con CID tendencia_2: C:\MDA\Reportes\Power BI\Tendencias7Dias\02_Pendientes.png
2026-09-15 07:36:08,418 | INFO | ✅ Imagen 2 marcada como oculta
2026-09-15 07:36:08,419 | INFO | 🖼️ Incrustando imagen 3 con CID tendencia_3: C:\MDA\Reportes\Power BI\Tendencias7Dias\03_TMR.png
2026-09-15 07:36:08,475 | INFO | ✅ Imagen 3 marcada como oculta
2026-09-15 07:36:08,476 | INFO | 🖼️ Incrustando imagen 4 con CID tendencia_4: C:\MDA\Reportes\Power BI\Tendencias7Dias\04_SLA.png
2026-09-15 07:36:08,501 | INFO | ✅ Imagen 4 marcada como oculta
2026-09-15 07:36:08,501 | INFO | ✅ Las cuatro imágenes quedaron incrustadas mediante CID
2026-09-15 07:36:09,158 | INFO | ✅ Correo enviado en 0.85 segundos
2026-09-15 07:36:09,212 | INFO | ✅ Proceso completado
2026-09-15 07:36:11,550 | INFO | 🔒 Navegador cerrado
2026-09-15 07:36:11,550 | INFO | ⏳ Esperando siguiente corte... 07:36:11
2026-09-15 08:36:11,551 | INFO | ⏳ Esperando siguiente corte... 08:36:11
2026-09-15 09:36:11,554 | INFO | ⏳ Esperando siguiente corte... 09:36:11
2026-09-15 10:36:11,558 | INFO | ⏳ Esperando siguiente corte... 10:36:11
2026-09-15 11:36:11,563 | INFO | ⏳ Esperando siguiente corte... 11:36:11
2026-09-15 12:36:11,565 | INFO | ⏳ Esperando siguiente corte... 12:36:11
2026-09-15 13:07:56,400 | INFO | 🚀 Iniciando proceso
2026-09-15 13:08:03,953 | INFO | 🖥️ Resolución de Chrome configurada: 1920x1080
2026-09-15 13:08:03,957 | INFO | 🌐 Abriendo página Power BI: Total vs. Atendidos
2026-09-15 13:08:07,270 | INFO | 📄 URL cargada: https://app.powerbi.com/groups/214d3eb4-a116-4ebf-a233-a9ff58f47ba0/reports/e615f547-66b0-4893-bb9f-d41475de12f1/67492a6d0bc398c3b0d1?ctid=2bd16c9b-7e21-4274-9c06-7919f7647bbb&experience=power-bi
2026-09-15 13:08:07,277 | INFO | 📄 Título: Microsoft Fabric
2026-09-15 13:08:32,409 | INFO | ⏳ Esperando renderizado del gráfico: Total vs. Atendidos
2026-09-15 13:08:34,833 | INFO | ⏳ El gráfico Total vs. Atendidos todavía no está renderizado
2026-09-15 13:08:41,741 | INFO | ⏳ El gráfico Total vs. Atendidos todavía no está renderizado
2026-09-15 13:08:48,717 | INFO | ⏳ El gráfico Total vs. Atendidos todavía no está renderizado
2026-09-15 13:08:55,343 | INFO | ⏳ El gráfico Total vs. Atendidos todavía no está renderizado
2026-09-15 13:09:02,707 | INFO | ⏳ El gráfico Total vs. Atendidos todavía no está renderizado
2026-09-15 13:09:10,530 | INFO | ⏳ El gráfico Total vs. Atendidos todavía no está renderizado
2026-09-15 13:09:18,026 | INFO | ⏳ El gráfico Total vs. Atendidos todavía no está renderizado
2026-09-15 13:09:25,438 | INFO | ⏳ El gráfico Total vs. Atendidos todavía no está renderizado
2026-09-15 13:09:32,803 | INFO | ⏳ El gráfico Total vs. Atendidos todavía no está renderizado
2026-09-15 13:09:40,230 | INFO | ⏳ El gráfico Total vs. Atendidos todavía no está renderizado
2026-09-15 13:09:46,008 | INFO | ✅ Render detectado para Total vs. Atendidos: svg | 1437x803
2026-09-15 13:09:54,008 | INFO | 🔍 Buscando el contenedor principal del gráfico
2026-09-15 13:09:54,021 | INFO | 🔎 Selector [data-testid='visual-container']: 1 elementos
2026-09-15 13:09:54,049 | INFO | 🔎 Selector div.visualContainerHost: 1 elementos
2026-09-15 13:09:54,068 | INFO | 🔎 Selector div.visual-container: 0 elementos
2026-09-15 13:09:54,073 | INFO | 🔎 Selector div.visualContent: 1 elementos
2026-09-15 13:09:54,096 | INFO | 🔎 Selector visual-container: 1 elementos
2026-09-15 13:09:54,116 | INFO | 🔎 Selector [role='img']: 9 elementos
2026-09-15 13:09:54,252 | INFO | 🔎 Selector svg: 79 elementos
2026-09-15 13:09:54,876 | INFO | 🔎 Selector canvas: 0 elementos
2026-09-15 13:09:54,876 | INFO | ✅ Contenedor seleccionado: [data-testid='visual-container'] | 1449x815
2026-09-15 13:09:54,882 | INFO | 📐 Visual encontrado: {'height': 815, 'width': 1449}
2026-09-15 13:09:58,045 | INFO | ✅ Imagen validada: C:\MDA\Reportes\Power BI\Tendencias7Dias\temp_01_Total_vs_Atendidos.png
2026-09-15 13:09:58,047 | INFO | ✅ Gráfico actualizado: C:\MDA\Reportes\Power BI\Tendencias7Dias\01_Total_vs_Atendidos.png
2026-09-15 13:09:58,047 | INFO | 🌐 Abriendo página Power BI: Pendientes
2026-09-15 13:09:58,611 | INFO | 📄 URL cargada: https://app.powerbi.com/groups/214d3eb4-a116-4ebf-a233-a9ff58f47ba0/reports/e615f547-66b0-4893-bb9f-d41475de12f1/9ed3e6361e12d4198522?ctid=2bd16c9b-7e21-4274-9c06-7919f7647bbb&experience=power-bi
2026-09-15 13:09:58,617 | INFO | 📄 Título: Microsoft Fabric
2026-09-15 13:10:23,636 | INFO | ⏳ Esperando renderizado del gráfico: Pendientes
2026-09-15 13:10:24,270 | INFO | ✅ Render detectado para Pendientes: svg | 1437x803
2026-09-15 13:10:32,271 | INFO | 🔍 Buscando el contenedor principal del gráfico
2026-09-15 13:10:32,283 | INFO | 🔎 Selector [data-testid='visual-container']: 1 elementos
2026-09-15 13:10:32,313 | INFO | 🔎 Selector div.visualContainerHost: 1 elementos
2026-09-15 13:10:32,333 | INFO | 🔎 Selector div.visual-container: 0 elementos
2026-09-15 13:10:32,337 | INFO | 🔎 Selector div.visualContent: 1 elementos
2026-09-15 13:10:32,356 | INFO | 🔎 Selector visual-container: 1 elementos
2026-09-15 13:10:32,378 | INFO | 🔎 Selector [role='img']: 9 elementos
2026-09-15 13:10:32,544 | INFO | 🔎 Selector svg: 79 elementos
2026-09-15 13:10:33,143 | INFO | 🔎 Selector canvas: 0 elementos
2026-09-15 13:10:33,143 | INFO | ✅ Contenedor seleccionado: [data-testid='visual-container'] | 1449x815
2026-09-15 13:10:33,149 | INFO | 📐 Visual encontrado: {'height': 815, 'width': 1449}
2026-09-15 13:10:36,276 | INFO | ✅ Imagen validada: C:\MDA\Reportes\Power BI\Tendencias7Dias\temp_02_Pendientes.png
2026-09-15 13:10:36,280 | INFO | ✅ Gráfico actualizado: C:\MDA\Reportes\Power BI\Tendencias7Dias\02_Pendientes.png
2026-09-15 13:10:36,280 | INFO | 🌐 Abriendo página Power BI: TMR
2026-09-15 13:10:36,821 | INFO | 📄 URL cargada: https://app.powerbi.com/groups/214d3eb4-a116-4ebf-a233-a9ff58f47ba0/reports/e615f547-66b0-4893-bb9f-d41475de12f1/27ae18247b605105bc91?ctid=2bd16c9b-7e21-4274-9c06-7919f7647bbb&experience=power-bi
2026-09-15 13:10:36,824 | INFO | 📄 Título: Microsoft Fabric
2026-09-15 13:11:01,847 | INFO | ⏳ Esperando renderizado del gráfico: TMR
2026-09-15 13:11:02,545 | INFO | ✅ Render detectado para TMR: svg | 1437x803
2026-09-15 13:11:10,545 | INFO | 🔍 Buscando el contenedor principal del gráfico
2026-09-15 13:11:10,551 | INFO | 🔎 Selector [data-testid='visual-container']: 1 elementos
2026-09-15 13:11:10,576 | INFO | 🔎 Selector div.visualContainerHost: 1 elementos
2026-09-15 13:11:10,602 | INFO | 🔎 Selector div.visual-container: 0 elementos
2026-09-15 13:11:10,609 | INFO | 🔎 Selector div.visualContent: 1 elementos
2026-09-15 13:11:10,634 | INFO | 🔎 Selector visual-container: 1 elementos
2026-09-15 13:11:10,664 | INFO | 🔎 Selector [role='img']: 9 elementos
2026-09-15 13:11:10,834 | INFO | 🔎 Selector svg: 79 elementos
2026-09-15 13:11:11,461 | INFO | 🔎 Selector canvas: 0 elementos
2026-09-15 13:11:11,461 | INFO | ✅ Contenedor seleccionado: [data-testid='visual-container'] | 1449x815
2026-09-15 13:11:11,467 | INFO | 📐 Visual encontrado: {'height': 815, 'width': 1449}
2026-09-15 13:11:14,583 | INFO | ✅ Imagen validada: C:\MDA\Reportes\Power BI\Tendencias7Dias\temp_03_TMR.png
2026-09-15 13:11:14,586 | INFO | ✅ Gráfico actualizado: C:\MDA\Reportes\Power BI\Tendencias7Dias\03_TMR.png
2026-09-15 13:11:14,586 | INFO | 🌐 Abriendo página Power BI: SLA
2026-09-15 13:11:15,012 | INFO | 📄 URL cargada: https://app.powerbi.com/groups/214d3eb4-a116-4ebf-a233-a9ff58f47ba0/reports/e615f547-66b0-4893-bb9f-d41475de12f1/75eb52b03b45a970827e?ctid=2bd16c9b-7e21-4274-9c06-7919f7647bbb&experience=power-bi
2026-09-15 13:11:15,015 | INFO | 📄 Título: Microsoft Fabric
2026-09-15 13:11:40,052 | INFO | ⏳ Esperando renderizado del gráfico: SLA
2026-09-15 13:11:40,728 | INFO | ✅ Render detectado para SLA: svg | 1437x803
2026-09-15 13:11:48,729 | INFO | 🔍 Buscando el contenedor principal del gráfico
2026-09-15 13:11:48,742 | INFO | 🔎 Selector [data-testid='visual-container']: 1 elementos
2026-09-15 13:11:48,774 | INFO | 🔎 Selector div.visualContainerHost: 1 elementos
2026-09-15 13:11:48,797 | INFO | 🔎 Selector div.visual-container: 0 elementos
2026-09-15 13:11:48,801 | INFO | 🔎 Selector div.visualContent: 1 elementos
2026-09-15 13:11:48,823 | INFO | 🔎 Selector visual-container: 1 elementos
2026-09-15 13:11:48,845 | INFO | 🔎 Selector [role='img']: 9 elementos
2026-09-15 13:11:49,014 | INFO | 🔎 Selector svg: 79 elementos
2026-09-15 13:11:49,611 | INFO | 🔎 Selector canvas: 0 elementos
2026-09-15 13:11:49,611 | INFO | ✅ Contenedor seleccionado: [data-testid='visual-container'] | 1449x815
2026-09-15 13:11:49,616 | INFO | 📐 Visual encontrado: {'height': 815, 'width': 1449}
2026-09-15 13:11:52,735 | INFO | ✅ Imagen validada: C:\MDA\Reportes\Power BI\Tendencias7Dias\temp_04_SLA.png
2026-09-15 13:11:52,737 | INFO | ✅ Gráfico actualizado: C:\MDA\Reportes\Power BI\Tendencias7Dias\04_SLA.png
2026-09-15 13:11:52,737 | INFO | ✅ Se generaron 4 imágenes de tendencia
2026-09-15 13:11:52,737 | INFO | 🖼️ Tendencias generadas: ['C:\\MDA\\Reportes\\Power BI\\Tendencias7Dias\\01_Total_vs_Atendidos.png', 'C:\\MDA\\Reportes\\Power BI\\Tendencias7Dias\\02_Pendientes.png', 'C:\\MDA\\Reportes\\Power BI\\Tendencias7Dias\\03_TMR.png', 'C:\\MDA\\Reportes\\Power BI\\Tendencias7Dias\\04_SLA.png']
2026-09-15 13:11:52,737 | INFO | 🌐 Abriendo página Power BI: Dashboard principal
2026-09-15 13:11:53,195 | INFO | 📄 URL cargada: https://app.powerbi.com/groups/214d3eb4-a116-4ebf-a233-a9ff58f47ba0/reports/b6b06332-c9a4-4f82-b7c4-fa7252838ffd/1d3763661cd912f949b5?experience=power-bi
2026-09-15 13:11:53,198 | INFO | 📄 Título: Microsoft Fabric
2026-09-15 13:12:23,811 | INFO | ✅ Exportación PDF confirmada
2026-09-15 13:13:21,868 | INFO | ✅ PDF renombrado: C:\MDA\Reportes\Power BI\Dashboard_MDA_20260915_131321.pdf
2026-09-15 13:13:21,869 | INFO | 📎 Archivo generado: C:\MDA\Reportes\Power BI\Dashboard_MDA_20260915_131321.pdf
2026-09-15 13:13:21,870 | INFO | 📊 Consultando indicadores en SQL Server
2026-09-15 13:13:22,451 | INFO | ✅ KPIs consultados: 5 equipos y 10 tickets antiguos
2026-09-15 13:13:22,463 | INFO | 📧 Conectando con Outlook
2026-09-15 13:13:22,475 | INFO | 🖼️ Incrustando imagen 1 con CID tendencia_1: C:\MDA\Reportes\Power BI\Tendencias7Dias\01_Total_vs_Atendidos.png
2026-09-15 13:13:22,490 | INFO | ✅ Imagen 1 marcada como oculta
2026-09-15 13:13:22,491 | INFO | 🖼️ Incrustando imagen 2 con CID tendencia_2: C:\MDA\Reportes\Power BI\Tendencias7Dias\02_Pendientes.png
2026-09-15 13:13:22,504 | INFO | ✅ Imagen 2 marcada como oculta
2026-09-15 13:13:22,504 | INFO | 🖼️ Incrustando imagen 3 con CID tendencia_3: C:\MDA\Reportes\Power BI\Tendencias7Dias\03_TMR.png
2026-09-15 13:13:22,517 | INFO | ✅ Imagen 3 marcada como oculta
2026-09-15 13:13:22,517 | INFO | 🖼️ Incrustando imagen 4 con CID tendencia_4: C:\MDA\Reportes\Power BI\Tendencias7Dias\04_SLA.png
2026-09-15 13:13:22,536 | INFO | ✅ Imagen 4 marcada como oculta
2026-09-15 13:13:22,537 | INFO | ✅ Las cuatro imágenes quedaron incrustadas mediante CID
2026-09-15 13:13:23,199 | INFO | ✅ Correo enviado en 0.74 segundos
2026-09-15 13:13:23,238 | INFO | ✅ Proceso completado
2026-09-15 13:13:25,553 | INFO | 🔒 Navegador cerrado
2026-09-15 13:14:09,323 | INFO | ✅ Scheduler iniciado
2026-09-15 13:14:09,323 | INFO | ⏳ Esperando siguiente corte... 13:14:09
2026-09-15 14:14:09,325 | INFO | ⏳ Esperando siguiente corte... 14:14:09
2026-09-15 15:13:20,914 | INFO | ✅ Scheduler iniciado
2026-09-15 15:13:20,914 | INFO | ⏳ Esperando siguiente corte... 15:13:20
2026-09-15 16:13:20,916 | INFO | ⏰ Hora programada alcanzada
2026-09-15 16:13:20,919 | INFO | 🚀 Iniciando proceso
2026-09-15 16:13:39,773 | INFO | 🖥️ Resolución de Chrome configurada: 1920x1080
2026-09-15 16:13:39,777 | INFO | 🌐 Abriendo página Power BI: Total vs. Atendidos
2026-09-15 16:13:41,621 | INFO | 📄 URL cargada: https://app.powerbi.com/groups/214d3eb4-a116-4ebf-a233-a9ff58f47ba0/reports/e615f547-66b0-4893-bb9f-d41475de12f1/67492a6d0bc398c3b0d1?ctid=2bd16c9b-7e21-4274-9c06-7919f7647bbb&experience=power-bi
2026-09-15 16:13:41,631 | INFO | 📄 Título: Microsoft Fabric
2026-09-15 16:14:06,861 | INFO | ⏳ Esperando renderizado del gráfico: Total vs. Atendidos
2026-09-15 16:14:10,918 | INFO | ⏳ El gráfico Total vs. Atendidos todavía no está renderizado
2026-09-15 16:14:19,759 | INFO | ⏳ El gráfico Total vs. Atendidos todavía no está renderizado
2026-09-15 16:14:27,856 | INFO | ⏳ El gráfico Total vs. Atendidos todavía no está renderizado
2026-09-15 16:14:36,633 | INFO | ⏳ El gráfico Total vs. Atendidos todavía no está renderizado
2026-09-15 16:14:45,047 | INFO | ⏳ El gráfico Total vs. Atendidos todavía no está renderizado
2026-09-15 16:14:53,403 | INFO | ⏳ El gráfico Total vs. Atendidos todavía no está renderizado
2026-09-15 16:15:03,002 | INFO | ⏳ El gráfico Total vs. Atendidos todavía no está renderizado
2026-09-15 16:15:12,114 | INFO | ⏳ El gráfico Total vs. Atendidos todavía no está renderizado
2026-09-15 16:15:21,920 | INFO | ⏳ El gráfico Total vs. Atendidos todavía no está renderizado
2026-09-15 16:15:31,287 | INFO | ⏳ El gráfico Total vs. Atendidos todavía no está renderizado
2026-09-15 16:15:39,705 | INFO | ⏳ El gráfico Total vs. Atendidos todavía no está renderizado
2026-09-15 16:15:47,960 | INFO | ⏳ El gráfico Total vs. Atendidos todavía no está renderizado
2026-09-15 16:15:56,521 | INFO | ⏳ El gráfico Total vs. Atendidos todavía no está renderizado
2026-09-15 16:16:05,507 | INFO | ⏳ El gráfico Total vs. Atendidos todavía no está renderizado
2026-09-15 16:16:14,622 | INFO | ⏳ El gráfico Total vs. Atendidos todavía no está renderizado
2026-09-15 16:16:23,061 | INFO | ⏳ El gráfico Total vs. Atendidos todavía no está renderizado
2026-09-15 16:16:30,984 | INFO | ⏳ El gráfico Total vs. Atendidos todavía no está renderizado
2026-09-15 16:16:40,393 | INFO | ⏳ El gráfico Total vs. Atendidos todavía no está renderizado
2026-09-15 16:16:48,790 | INFO | ⏳ El gráfico Total vs. Atendidos todavía no está renderizado
2026-09-15 16:16:56,446 | INFO | ⏳ El gráfico Total vs. Atendidos todavía no está renderizado
2026-09-15 16:17:04,947 | INFO | ⏳ El gráfico Total vs. Atendidos todavía no está renderizado
2026-09-15 16:17:10,744 | ERROR | ❌ Falló la captura de Total vs. Atendidos: El gráfico no terminó de renderizarse: Total vs. Atendidos
2026-09-15 16:17:10,745 | ERROR | 📸 Evidencia generada: C:\MDA\Reportes\Power BI\Tendencias7Dias\error_01_Total_vs_Atendidos.png
2026-09-15 16:17:10,747 | ERROR | ❌ Error: El gráfico no terminó de renderizarse: Total vs. Atendidos
2026-09-15 16:17:10,820 | ERROR | Traceback (most recent call last):
  File "c:\Automatizaciones\MDA\SEND_REPORTS\main.py", line 16, in main
    imagenes_tendencias = powerbi.capturar_tendencias()
  File "c:\Automatizaciones\MDA\SEND_REPORTS\src\powerbi.py", line 434, in capturar_tendencias
    imagen = self._capturar_visual(
        url=url,
        archivo=archivo,
        nombre=nombre
    )
  File "c:\Automatizaciones\MDA\SEND_REPORTS\src\powerbi.py", line 295, in _capturar_visual
    self._esperar_visual_renderizado(
    ~~~~~~~~~~~~~~~~~~~~~~~~~~~~~~~~^
        nombre_visual=nombre
        ^^^^^^^^^^^^^^^^^^^^
    )
    ^
  File "c:\Automatizaciones\MDA\SEND_REPORTS\src\powerbi.py", line 258, in _esperar_visual_renderizado
    raise TimeoutError(
    ...<2 lines>...
    )
TimeoutError: El gráfico no terminó de renderizarse: Total vs. Atendidos

2026-09-15 16:17:13,340 | INFO | 🔒 Navegador cerrado
2026-09-15 16:17:13,341 | INFO | ⏳ Esperando siguiente corte... 16:17:13
2026-09-15 19:13:07,133 | INFO | 🚀 Iniciando proceso
2026-09-15 19:13:14,717 | INFO | 🖥️ Resolución de Chrome configurada: 1920x1080
2026-09-15 19:13:14,723 | INFO | 🌐 Abriendo página Power BI: Total vs. Atendidos
2026-09-15 19:13:17,131 | INFO | 📄 URL cargada: https://app.powerbi.com/groups/214d3eb4-a116-4ebf-a233-a9ff58f47ba0/reports/e615f547-66b0-4893-bb9f-d41475de12f1/67492a6d0bc398c3b0d1?ctid=2bd16c9b-7e21-4274-9c06-7919f7647bbb&experience=power-bi
2026-09-15 19:13:17,139 | INFO | 📄 Título: Microsoft Fabric
2026-09-15 19:13:42,220 | INFO | ⏳ Esperando renderizado del gráfico: Total vs. Atendidos
2026-09-15 19:13:44,067 | INFO | ⏳ El gráfico Total vs. Atendidos todavía no está renderizado
2026-09-15 19:13:49,532 | INFO | ✅ Render detectado para Total vs. Atendidos: svg | 1441x805
2026-09-15 19:16:08,280 | INFO | 🚀 Iniciando proceso
2026-09-15 19:16:16,186 | INFO | 🖥️ Resolución de Chrome configurada: 1920x1080
2026-09-15 19:16:16,187 | INFO | 🌐 Abriendo página Power BI: Total vs. Atendidos
2026-09-15 19:16:19,061 | INFO | 📄 URL cargada: https://app.powerbi.com/groups/214d3eb4-a116-4ebf-a233-a9ff58f47ba0/reports/e615f547-66b0-4893-bb9f-d41475de12f1/67492a6d0bc398c3b0d1?ctid=2bd16c9b-7e21-4274-9c06-7919f7647bbb&experience=power-bi
2026-09-15 19:16:19,067 | INFO | 📄 Título: Microsoft Fabric
2026-09-15 19:16:44,144 | INFO | ⏳ Esperando renderizado del gráfico: Total vs. Atendidos
2026-09-15 19:16:46,231 | INFO | ⏳ El gráfico Total vs. Atendidos todavía no está renderizado
2026-09-15 19:16:54,068 | INFO | ⏳ El gráfico Total vs. Atendidos todavía no está renderizado
2026-09-15 19:17:01,579 | INFO | ⏳ El gráfico Total vs. Atendidos todavía no está renderizado
2026-09-15 19:17:08,650 | INFO | ⏳ El gráfico Total vs. Atendidos todavía no está renderizado
2026-09-15 19:17:16,057 | INFO | ⏳ El gráfico Total vs. Atendidos todavía no está renderizado
2026-09-15 19:17:23,074 | INFO | ⏳ El gráfico Total vs. Atendidos todavía no está renderizado
2026-09-15 19:17:30,321 | INFO | ⏳ El gráfico Total vs. Atendidos todavía no está renderizado
2026-09-15 19:17:37,630 | INFO | ⏳ El gráfico Total vs. Atendidos todavía no está renderizado
2026-09-15 19:17:45,854 | INFO | ⏳ El gráfico Total vs. Atendidos todavía no está renderizado
2026-09-15 19:17:53,797 | INFO | ⏳ El gráfico Total vs. Atendidos todavía no está renderizado
2026-09-15 19:18:03,227 | INFO | ⏳ El gráfico Total vs. Atendidos todavía no está renderizado
2026-09-15 19:18:10,380 | INFO | ⏳ El gráfico Total vs. Atendidos todavía no está renderizado
2026-09-15 19:18:17,963 | INFO | ⏳ El gráfico Total vs. Atendidos todavía no está renderizado
2026-09-15 19:18:25,087 | INFO | ⏳ El gráfico Total vs. Atendidos todavía no está renderizado
2026-09-15 19:18:32,141 | INFO | ⏳ El gráfico Total vs. Atendidos todavía no está renderizado
2026-09-15 19:18:40,300 | INFO | ⏳ El gráfico Total vs. Atendidos todavía no está renderizado
2026-09-15 19:18:47,974 | INFO | ⏳ El gráfico Total vs. Atendidos todavía no está renderizado
2026-09-15 19:18:55,017 | INFO | ⏳ El gráfico Total vs. Atendidos todavía no está renderizado
2026-09-15 19:19:02,988 | INFO | ⏳ El gráfico Total vs. Atendidos todavía no está renderizado
2026-09-15 19:19:10,370 | INFO | ⏳ El gráfico Total vs. Atendidos todavía no está renderizado
2026-09-15 19:19:18,978 | INFO | ⏳ El gráfico Total vs. Atendidos todavía no está renderizado
2026-09-15 19:19:26,061 | INFO | ⏳ El gráfico Total vs. Atendidos todavía no está renderizado
2026-09-15 19:19:33,534 | INFO | ⏳ El gráfico Total vs. Atendidos todavía no está renderizado
2026-09-15 19:19:41,311 | INFO | ⏳ El gráfico Total vs. Atendidos todavía no está renderizado
2026-09-15 19:19:46,880 | ERROR | ❌ Falló la captura de Total vs. Atendidos: El gráfico no terminó de renderizarse: Total vs. Atendidos
2026-09-15 19:19:46,880 | ERROR | 📸 Evidencia generada: C:\MDA\Reportes\Power BI\Tendencias7Dias\error_01_Total_vs_Atendidos.png
2026-09-15 19:19:46,880 | ERROR | ❌ Error: El gráfico no terminó de renderizarse: Total vs. Atendidos
2026-09-15 19:19:46,882 | ERROR | Traceback (most recent call last):
  File "c:\Automatizaciones\MDA\SEND_REPORTS\main.py", line 16, in main
    imagenes_tendencias = powerbi.capturar_tendencias()
  File "c:\Automatizaciones\MDA\SEND_REPORTS\src\powerbi.py", line 434, in capturar_tendencias
    imagen = self._capturar_visual(
        url=url,
        archivo=archivo,
        nombre=nombre
    )
  File "c:\Automatizaciones\MDA\SEND_REPORTS\src\powerbi.py", line 295, in _capturar_visual
    self._esperar_visual_renderizado(
    ~~~~~~~~~~~~~~~~~~~~~~~~~~~~~~~~^
        nombre_visual=nombre
        ^^^^^^^^^^^^^^^^^^^^
    )
    ^
  File "c:\Automatizaciones\MDA\SEND_REPORTS\src\powerbi.py", line 258, in _esperar_visual_renderizado
    raise TimeoutError(
    ...<2 lines>...
    )
TimeoutError: El gráfico no terminó de renderizarse: Total vs. Atendidos

2026-09-15 19:19:49,184 | INFO | 🔒 Navegador cerrado
2026-09-15 19:26:19,234 | INFO | 🚀 Iniciando proceso
2026-09-15 19:26:37,206 | INFO | 🖥️ Resolución de Chrome configurada: 1920x1080
2026-09-15 19:26:37,208 | INFO | 🌐 Cargando Total vs. Atendidos | Intento 1/3
2026-09-15 19:27:14,852 | INFO | ⏳ Esperando renderizado de Total vs. Atendidos (10/240 segundos)
2026-09-15 19:27:27,185 | INFO | ⏳ Esperando renderizado de Total vs. Atendidos (22/240 segundos)
2026-09-15 19:27:40,248 | INFO | ⏳ Esperando renderizado de Total vs. Atendidos (35/240 segundos)
2026-09-15 19:27:52,360 | INFO | ⏳ Esperando renderizado de Total vs. Atendidos (47/240 segundos)
2026-09-15 19:28:05,278 | INFO | ⏳ Esperando renderizado de Total vs. Atendidos (60/240 segundos)
2026-09-15 19:28:17,777 | INFO | ⏳ Esperando renderizado de Total vs. Atendidos (73/240 segundos)
2026-09-15 19:28:31,820 | INFO | ⏳ Esperando renderizado de Total vs. Atendidos (87/240 segundos)
2026-09-15 19:28:44,939 | INFO | ⏳ Esperando renderizado de Total vs. Atendidos (100/240 segundos)
2026-09-15 19:28:58,029 | INFO | ⏳ Esperando renderizado de Total vs. Atendidos (113/240 segundos)
2026-09-15 19:29:10,713 | INFO | ⏳ Esperando renderizado de Total vs. Atendidos (126/240 segundos)
2026-09-15 19:29:23,619 | INFO | ⏳ Esperando renderizado de Total vs. Atendidos (139/240 segundos)
2026-09-15 19:29:36,136 | INFO | ⏳ Esperando renderizado de Total vs. Atendidos (151/240 segundos)
2026-09-15 19:29:48,697 | INFO | ⏳ Esperando renderizado de Total vs. Atendidos (164/240 segundos)
2026-09-15 19:30:00,308 | INFO | ⏳ Esperando renderizado de Total vs. Atendidos (175/240 segundos)
2026-09-15 19:30:12,223 | INFO | ⏳ Esperando renderizado de Total vs. Atendidos (187/240 segundos)
2026-09-15 19:30:24,134 | INFO | ⏳ Esperando renderizado de Total vs. Atendidos (199/240 segundos)
2026-09-15 19:30:37,853 | INFO | ⏳ Esperando renderizado de Total vs. Atendidos (213/240 segundos)
2026-09-15 19:30:50,112 | INFO | ⏳ Esperando renderizado de Total vs. Atendidos (225/240 segundos)
2026-09-15 19:31:02,710 | INFO | ⏳ Esperando renderizado de Total vs. Atendidos (238/240 segundos)
2026-09-15 19:31:05,711 | WARNING | ⚠️ Total vs. Atendidos no cargó correctamente. Refrescando la página...
2026-09-15 19:31:22,457 | INFO | 🌐 Cargando Total vs. Atendidos | Intento 2/3
2026-09-15 19:31:56,643 | INFO | ⏳ Esperando renderizado de Total vs. Atendidos (13/240 segundos)
2026-09-15 19:32:08,815 | INFO | ⏳ Esperando renderizado de Total vs. Atendidos (25/240 segundos)
2026-09-15 19:32:21,801 | INFO | ⏳ Esperando renderizado de Total vs. Atendidos (38/240 segundos)
2026-09-15 19:32:34,097 | INFO | ⏳ Esperando renderizado de Total vs. Atendidos (51/240 segundos)
2026-09-15 19:32:46,623 | INFO | ⏳ Esperando renderizado de Total vs. Atendidos (63/240 segundos)
2026-09-15 19:32:59,425 | INFO | ⏳ Esperando renderizado de Total vs. Atendidos (76/240 segundos)
2026-09-15 19:33:11,842 | INFO | ⏳ Esperando renderizado de Total vs. Atendidos (88/240 segundos)
2026-09-15 19:33:24,902 | INFO | ⏳ Esperando renderizado de Total vs. Atendidos (101/240 segundos)
2026-09-15 19:33:37,142 | INFO | ⏳ Esperando renderizado de Total vs. Atendidos (114/240 segundos)
2026-09-15 19:33:49,641 | INFO | ⏳ Esperando renderizado de Total vs. Atendidos (126/240 segundos)
2026-09-15 19:34:01,622 | INFO | ⏳ Esperando renderizado de Total vs. Atendidos (138/240 segundos)
2026-09-15 19:34:14,324 | INFO | ⏳ Esperando renderizado de Total vs. Atendidos (151/240 segundos)
2026-09-15 19:34:27,580 | INFO | ⏳ Esperando renderizado de Total vs. Atendidos (164/240 segundos)
2026-09-15 19:34:40,148 | INFO | ⏳ Esperando renderizado de Total vs. Atendidos (177/240 segundos)
2026-09-15 19:34:51,898 | INFO | ✅ Gráfico renderizado: Total vs. Atendidos | Selector: div.visualContainerHost | Tamaño: 1452x817
2026-09-15 19:35:00,049 | INFO | ✅ Imagen validada: C:\MDA\Reportes\Power BI\Tendencias7Dias\temp_01_Total_vs_Atendidos.png
2026-09-15 19:35:00,052 | INFO | ✅ Gráfico actualizado: C:\MDA\Reportes\Power BI\Tendencias7Dias\01_Total_vs_Atendidos.png
2026-09-15 19:35:00,052 | INFO | 🌐 Cargando Pendientes | Intento 1/3
2026-09-15 19:35:21,903 | INFO | ✅ Gráfico renderizado: Pendientes | Selector: div.visualContainerHost | Tamaño: 1452x817
2026-09-15 19:35:29,999 | INFO | ✅ Imagen validada: C:\MDA\Reportes\Power BI\Tendencias7Dias\temp_02_Pendientes.png
2026-09-15 19:35:30,001 | INFO | ✅ Gráfico actualizado: C:\MDA\Reportes\Power BI\Tendencias7Dias\02_Pendientes.png
2026-09-15 19:35:30,002 | INFO | 🌐 Cargando TMR | Intento 1/3
2026-09-15 19:35:50,899 | INFO | ✅ Gráfico renderizado: TMR | Selector: div.visualContainerHost | Tamaño: 1452x817
2026-09-15 19:35:59,017 | INFO | ✅ Imagen validada: C:\MDA\Reportes\Power BI\Tendencias7Dias\temp_03_TMR.png
2026-09-15 19:35:59,030 | INFO | ✅ Gráfico actualizado: C:\MDA\Reportes\Power BI\Tendencias7Dias\03_TMR.png
2026-09-15 19:35:59,030 | INFO | 🌐 Cargando SLA | Intento 1/3
2026-09-15 19:36:20,215 | INFO | ✅ Gráfico renderizado: SLA | Selector: div.visualContainerHost | Tamaño: 1452x817
2026-09-15 19:36:28,309 | INFO | ✅ Imagen validada: C:\MDA\Reportes\Power BI\Tendencias7Dias\temp_04_SLA.png
2026-09-15 19:36:28,322 | INFO | ✅ Gráfico actualizado: C:\MDA\Reportes\Power BI\Tendencias7Dias\04_SLA.png
2026-09-15 19:36:28,322 | INFO | ✅ Se generaron 4 imágenes de tendencia
2026-09-15 19:36:28,322 | INFO | 🖼️ Tendencias generadas: ['C:\\MDA\\Reportes\\Power BI\\Tendencias7Dias\\01_Total_vs_Atendidos.png', 'C:\\MDA\\Reportes\\Power BI\\Tendencias7Dias\\02_Pendientes.png', 'C:\\MDA\\Reportes\\Power BI\\Tendencias7Dias\\03_TMR.png', 'C:\\MDA\\Reportes\\Power BI\\Tendencias7Dias\\04_SLA.png']
2026-09-15 19:36:28,323 | INFO | 🌐 Abriendo página Power BI: Dashboard principal
2026-09-15 19:36:28,782 | INFO | 📄 URL cargada: https://app.powerbi.com/groups/214d3eb4-a116-4ebf-a233-a9ff58f47ba0/reports/b6b06332-c9a4-4f82-b7c4-fa7252838ffd/1d3763661cd912f949b5?experience=power-bi
2026-09-15 19:36:28,785 | INFO | 📄 Título: Microsoft Fabric
2026-09-15 19:36:59,429 | INFO | ✅ Exportación PDF confirmada
2026-09-15 19:37:57,508 | INFO | ✅ PDF renombrado: C:\MDA\Reportes\Power BI\Dashboard_MDA_20260915_193757.pdf
2026-09-15 19:37:57,509 | INFO | 📎 Archivo generado: C:\MDA\Reportes\Power BI\Dashboard_MDA_20260915_193757.pdf
2026-09-15 19:37:57,509 | INFO | 📊 Consultando indicadores en SQL Server
2026-09-15 19:37:58,126 | INFO | ✅ KPIs consultados: 7 equipos y 10 tickets antiguos
2026-09-15 19:37:58,127 | INFO | 📧 Conectando con Outlook
2026-09-15 19:37:58,161 | INFO | 🖼️ Incrustando imagen 1 con CID tendencia_1: C:\MDA\Reportes\Power BI\Tendencias7Dias\01_Total_vs_Atendidos.png
2026-09-15 19:37:58,208 | INFO | ✅ Imagen 1 marcada como oculta
2026-09-15 19:37:58,208 | INFO | 🖼️ Incrustando imagen 2 con CID tendencia_2: C:\MDA\Reportes\Power BI\Tendencias7Dias\02_Pendientes.png
2026-09-15 19:37:58,218 | INFO | ✅ Imagen 2 marcada como oculta
2026-09-15 19:37:58,218 | INFO | 🖼️ Incrustando imagen 3 con CID tendencia_3: C:\MDA\Reportes\Power BI\Tendencias7Dias\03_TMR.png
2026-09-15 19:37:58,229 | INFO | ✅ Imagen 3 marcada como oculta
2026-09-15 19:37:58,230 | INFO | 🖼️ Incrustando imagen 4 con CID tendencia_4: C:\MDA\Reportes\Power BI\Tendencias7Dias\04_SLA.png
2026-09-15 19:37:58,241 | INFO | ✅ Imagen 4 marcada como oculta
2026-09-15 19:37:58,241 | INFO | ✅ Las cuatro imágenes quedaron incrustadas mediante CID
2026-09-15 19:37:58,779 | INFO | ✅ Correo enviado en 0.65 segundos
2026-09-15 19:37:58,797 | INFO | ✅ Proceso completado
2026-09-15 19:38:01,029 | INFO | 🔒 Navegador cerrado
2026-09-15 20:31:29,179 | INFO | 🚀 Iniciando proceso
2026-09-15 20:32:03,596 | INFO | 🖥️ Resolución de Chrome configurada: 1920x1080
2026-09-15 20:32:03,598 | INFO | 🌐 Abriendo tendencia: Total vs. Atendidos
2026-09-15 20:32:08,381 | INFO | 📄 Página cargada: Microsoft Fabric
2026-09-15 20:32:08,381 | INFO | ⏳ Esperando renderizado de Power BI
2026-09-15 20:32:48,579 | INFO | 📸 Capturando página en segundo plano: Total vs. Atendidos
2026-09-15 20:32:49,754 | INFO | 📐 Imagen original Total vs. Atendidos: 1925x1035
2026-09-15 20:32:49,755 | INFO | ✂️ Recorte Total vs. Atendidos: (346, 103, 1925, 1009)
2026-09-15 20:32:49,926 | INFO | ✅ Imagen validada: C:\MDA\Reportes\Power BI\Tendencias7Dias\01_Total_vs_Atendidos.png
2026-09-15 20:32:49,927 | INFO | ✅ Gráfico actualizado: C:\MDA\Reportes\Power BI\Tendencias7Dias\01_Total_vs_Atendidos.png
2026-09-15 20:32:49,928 | INFO | 🌐 Abriendo tendencia: Pendientes
2026-09-15 20:32:56,470 | INFO | 📄 Página cargada: MDA-Tendencia7Dias - Power BI
2026-09-15 20:32:56,470 | INFO | ⏳ Esperando renderizado de Power BI
2026-09-15 20:33:36,505 | INFO | 📸 Capturando página en segundo plano: Pendientes
2026-09-15 20:33:36,738 | INFO | 📐 Imagen original Pendientes: 1925x1035
2026-09-15 20:33:36,738 | INFO | ✂️ Recorte Pendientes: (346, 103, 1925, 1009)
2026-09-15 20:33:36,867 | INFO | ✅ Imagen validada: C:\MDA\Reportes\Power BI\Tendencias7Dias\02_Pendientes.png
2026-09-15 20:33:36,868 | INFO | ✅ Gráfico actualizado: C:\MDA\Reportes\Power BI\Tendencias7Dias\02_Pendientes.png
2026-09-15 20:33:36,869 | INFO | 🌐 Abriendo tendencia: TMR
2026-09-15 20:33:37,630 | INFO | 📄 Página cargada: Microsoft Fabric
2026-09-15 20:33:37,630 | INFO | ⏳ Esperando renderizado de Power BI
2026-09-15 20:34:17,673 | INFO | 📸 Capturando página en segundo plano: TMR
2026-09-15 20:34:17,857 | INFO | 📐 Imagen original TMR: 1925x1035
2026-09-15 20:34:17,858 | INFO | ✂️ Recorte TMR: (346, 103, 1925, 1009)
2026-09-15 20:34:18,065 | INFO | ✅ Imagen validada: C:\MDA\Reportes\Power BI\Tendencias7Dias\03_TMR.png
2026-09-15 20:34:18,067 | INFO | ✅ Gráfico actualizado: C:\MDA\Reportes\Power BI\Tendencias7Dias\03_TMR.png
2026-09-15 20:34:18,068 | INFO | 🌐 Abriendo tendencia: SLA
2026-09-15 20:34:18,744 | INFO | 📄 Página cargada: Microsoft Fabric
2026-09-15 20:34:18,745 | INFO | ⏳ Esperando renderizado de Power BI
2026-09-15 20:34:58,782 | INFO | 📸 Capturando página en segundo plano: SLA
2026-09-15 20:34:59,002 | INFO | 📐 Imagen original SLA: 1925x1035
2026-09-15 20:34:59,003 | INFO | ✂️ Recorte SLA: (346, 103, 1925, 1009)
2026-09-15 20:34:59,165 | INFO | ✅ Imagen validada: C:\MDA\Reportes\Power BI\Tendencias7Dias\04_SLA.png
2026-09-15 20:34:59,166 | INFO | ✅ Gráfico actualizado: C:\MDA\Reportes\Power BI\Tendencias7Dias\04_SLA.png
2026-09-15 20:34:59,167 | INFO | ✅ Se generaron 4 imágenes de tendencia
2026-09-15 20:34:59,167 | INFO | 🖼️ Tendencias generadas: ['C:\\MDA\\Reportes\\Power BI\\Tendencias7Dias\\01_Total_vs_Atendidos.png', 'C:\\MDA\\Reportes\\Power BI\\Tendencias7Dias\\02_Pendientes.png', 'C:\\MDA\\Reportes\\Power BI\\Tendencias7Dias\\03_TMR.png', 'C:\\MDA\\Reportes\\Power BI\\Tendencias7Dias\\04_SLA.png']
2026-09-15 20:34:59,167 | INFO | 🌐 Abriendo página Power BI: Dashboard principal
2026-09-15 20:34:59,927 | INFO | 📄 URL cargada: https://app.powerbi.com/groups/214d3eb4-a116-4ebf-a233-a9ff58f47ba0/reports/b6b06332-c9a4-4f82-b7c4-fa7252838ffd/1d3763661cd912f949b5?experience=power-bi
2026-09-15 20:34:59,935 | INFO | 📄 Título: Microsoft Fabric
2026-09-15 20:35:30,686 | INFO | ✅ Exportación PDF confirmada
2026-09-15 20:36:28,774 | INFO | ✅ PDF renombrado: C:\MDA\Reportes\Power BI\Dashboard_MDA_20260915_203628.pdf
2026-09-15 20:36:28,775 | INFO | 📎 Archivo generado: C:\MDA\Reportes\Power BI\Dashboard_MDA_20260915_203628.pdf
2026-09-15 20:36:28,775 | INFO | 📊 Consultando indicadores en SQL Server
2026-09-15 20:36:29,607 | INFO | ✅ KPIs consultados: 7 equipos y 10 tickets antiguos
2026-09-15 20:36:29,624 | INFO | 📧 Conectando con Outlook
2026-09-15 20:36:29,640 | INFO | 🖼️ Incrustando imagen 1 con CID tendencia_1: C:\MDA\Reportes\Power BI\Tendencias7Dias\01_Total_vs_Atendidos.png
2026-09-15 20:36:29,664 | INFO | ✅ Imagen 1 marcada como oculta
2026-09-15 20:36:29,664 | INFO | 🖼️ Incrustando imagen 2 con CID tendencia_2: C:\MDA\Reportes\Power BI\Tendencias7Dias\02_Pendientes.png
2026-09-15 20:36:29,684 | INFO | ✅ Imagen 2 marcada como oculta
2026-09-15 20:36:29,684 | INFO | 🖼️ Incrustando imagen 3 con CID tendencia_3: C:\MDA\Reportes\Power BI\Tendencias7Dias\03_TMR.png
2026-09-15 20:36:29,704 | INFO | ✅ Imagen 3 marcada como oculta
2026-09-15 20:36:29,704 | INFO | 🖼️ Incrustando imagen 4 con CID tendencia_4: C:\MDA\Reportes\Power BI\Tendencias7Dias\04_SLA.png
2026-09-15 20:36:29,723 | INFO | ✅ Imagen 4 marcada como oculta
2026-09-15 20:36:29,723 | INFO | ✅ Las cuatro imágenes quedaron incrustadas mediante CID
2026-09-15 20:36:30,174 | INFO | ✅ Correo enviado en 0.55 segundos
2026-09-15 20:36:30,201 | INFO | ✅ Proceso completado
2026-09-15 20:36:32,486 | INFO | 🔒 Navegador cerrado
2026-09-15 20:52:03,957 | INFO | 🚀 Iniciando proceso
2026-09-15 20:52:25,983 | INFO | 🖥️ Chrome ejecutándose fuera de pantalla: 1920x1080
2026-09-15 20:52:25,985 | INFO | 🔥 Precargando informe de tendencias
2026-09-15 20:52:28,387 | INFO | 📄 Informe abierto para precarga: Microsoft Fabric
2026-09-15 20:53:13,388 | INFO | ✅ Precarga del informe finalizada
2026-09-15 20:53:13,388 | INFO | 🌐 Capturando Total vs. Atendidos | Intento 1/3
2026-09-15 20:53:13,972 | INFO | 📄 Página cargada: Microsoft Fabric
2026-09-15 20:53:44,470 | INFO | 📐 Imagen original Total vs. Atendidos: 1920x937
2026-09-15 20:53:44,470 | INFO | ✂️ Recorte Total vs. Atendidos: (345, 93, 1920, 913)
2026-09-15 20:53:44,578 | INFO | ✅ Imagen validada: C:\MDA\Reportes\Power BI\Tendencias7Dias\temp_01_Total_vs_Atendidos.png
2026-09-15 20:53:44,580 | INFO | ✅ Gráfico actualizado: C:\MDA\Reportes\Power BI\Tendencias7Dias\01_Total_vs_Atendidos.png
2026-09-15 20:53:44,581 | INFO | 🌐 Capturando Pendientes | Intento 1/3
2026-09-15 20:53:44,940 | INFO | 📄 Página cargada: Microsoft Fabric
2026-09-15 20:54:15,089 | INFO | 📐 Imagen original Pendientes: 1920x937
2026-09-15 20:54:15,089 | INFO | ✂️ Recorte Pendientes: (345, 93, 1920, 913)
2026-09-15 20:54:15,205 | INFO | ✅ Imagen validada: C:\MDA\Reportes\Power BI\Tendencias7Dias\temp_02_Pendientes.png
2026-09-15 20:54:15,223 | INFO | ✅ Gráfico actualizado: C:\MDA\Reportes\Power BI\Tendencias7Dias\02_Pendientes.png
2026-09-15 20:54:15,224 | INFO | 🌐 Capturando TMR | Intento 1/3
2026-09-15 20:54:15,614 | INFO | 📄 Página cargada: Microsoft Fabric
2026-09-15 20:54:45,735 | INFO | 📐 Imagen original TMR: 1920x937
2026-09-15 20:54:45,736 | INFO | ✂️ Recorte TMR: (345, 93, 1920, 913)
2026-09-15 20:54:45,898 | INFO | ✅ Imagen validada: C:\MDA\Reportes\Power BI\Tendencias7Dias\temp_03_TMR.png
2026-09-15 20:54:45,916 | INFO | ✅ Gráfico actualizado: C:\MDA\Reportes\Power BI\Tendencias7Dias\03_TMR.png
2026-09-15 20:54:45,916 | INFO | 🌐 Capturando SLA | Intento 1/3
2026-09-15 20:54:46,275 | INFO | 📄 Página cargada: Microsoft Fabric
2026-09-15 20:55:16,424 | INFO | 📐 Imagen original SLA: 1920x937
2026-09-15 20:55:16,424 | INFO | ✂️ Recorte SLA: (345, 93, 1920, 913)
2026-09-15 20:55:16,582 | INFO | ✅ Imagen validada: C:\MDA\Reportes\Power BI\Tendencias7Dias\temp_04_SLA.png
2026-09-15 20:55:16,600 | INFO | ✅ Gráfico actualizado: C:\MDA\Reportes\Power BI\Tendencias7Dias\04_SLA.png
2026-09-15 20:55:16,601 | INFO | ✅ Se generaron 4 imágenes de tendencia
2026-09-15 20:55:16,601 | INFO | 🖼️ Tendencias generadas: ['C:\\MDA\\Reportes\\Power BI\\Tendencias7Dias\\01_Total_vs_Atendidos.png', 'C:\\MDA\\Reportes\\Power BI\\Tendencias7Dias\\02_Pendientes.png', 'C:\\MDA\\Reportes\\Power BI\\Tendencias7Dias\\03_TMR.png', 'C:\\MDA\\Reportes\\Power BI\\Tendencias7Dias\\04_SLA.png']
2026-09-15 20:55:16,602 | INFO | 🌐 Abriendo página Power BI: Dashboard principal
2026-09-15 20:55:17,027 | INFO | 📄 URL cargada: https://app.powerbi.com/groups/214d3eb4-a116-4ebf-a233-a9ff58f47ba0/reports/b6b06332-c9a4-4f82-b7c4-fa7252838ffd/1d3763661cd912f949b5?experience=power-bi
2026-09-15 20:55:17,030 | INFO | 📄 Título: Microsoft Fabric
2026-09-15 20:55:47,674 | INFO | ✅ Exportación PDF confirmada
2026-09-15 20:56:43,747 | INFO | ✅ PDF renombrado: C:\MDA\Reportes\Power BI\Dashboard_MDA_20260915_205643.pdf
2026-09-15 20:56:43,747 | INFO | 📎 Archivo generado: C:\MDA\Reportes\Power BI\Dashboard_MDA_20260915_205643.pdf
2026-09-15 20:56:43,747 | INFO | 📊 Consultando indicadores en SQL Server
2026-09-15 20:56:44,528 | INFO | ✅ KPIs consultados: 7 equipos y 10 tickets antiguos
2026-09-15 20:56:44,529 | INFO | 📧 Conectando con Outlook
2026-09-15 20:56:44,544 | INFO | 🖼️ Incrustando imagen 1 con CID tendencia_1: C:\MDA\Reportes\Power BI\Tendencias7Dias\01_Total_vs_Atendidos.png
2026-09-15 20:56:44,568 | INFO | ✅ Imagen 1 marcada como oculta
2026-09-15 20:56:44,568 | INFO | 🖼️ Incrustando imagen 2 con CID tendencia_2: C:\MDA\Reportes\Power BI\Tendencias7Dias\02_Pendientes.png
2026-09-15 20:56:44,590 | INFO | ✅ Imagen 2 marcada como oculta
2026-09-15 20:56:44,590 | INFO | 🖼️ Incrustando imagen 3 con CID tendencia_3: C:\MDA\Reportes\Power BI\Tendencias7Dias\03_TMR.png
2026-09-15 20:56:44,612 | INFO | ✅ Imagen 3 marcada como oculta
2026-09-15 20:56:44,612 | INFO | 🖼️ Incrustando imagen 4 con CID tendencia_4: C:\MDA\Reportes\Power BI\Tendencias7Dias\04_SLA.png
2026-09-15 20:56:44,631 | INFO | ✅ Imagen 4 marcada como oculta
2026-09-15 20:56:44,631 | INFO | ✅ Las cuatro imágenes quedaron incrustadas mediante CID
2026-09-15 20:56:45,084 | INFO | ✅ Correo enviado en 0.56 segundos
2026-09-15 20:56:45,120 | INFO | ✅ Proceso completado
2026-09-15 20:56:47,525 | INFO | 🔒 Navegador cerrado
2026-09-15 21:02:08,165 | INFO | ✅ Scheduler iniciado
2026-09-15 21:02:08,165 | INFO | ⏳ Esperando siguiente corte... 21:02:08
2026-09-16 08:32:40,960 | INFO | 🚀 Iniciando proceso
2026-09-16 08:33:06,492 | INFO | 🖥️ Chrome ejecutándose fuera de pantalla: 1920x1080
2026-09-16 08:33:06,494 | INFO | 🔥 Precargando informe de tendencias
2026-09-16 08:33:08,266 | INFO | 📄 Informe abierto para precarga: Microsoft Fabric
2026-09-16 08:33:53,267 | INFO | ✅ Precarga del informe finalizada
2026-09-16 08:33:53,269 | INFO | 🌐 Capturando Total vs. Atendidos | Intento 1/3
2026-09-16 08:33:53,806 | INFO | 📄 Página cargada: Microsoft Fabric
2026-09-16 08:34:24,273 | INFO | 📐 Imagen original Total vs. Atendidos: 1920x937
2026-09-16 08:34:24,273 | INFO | ✂️ Recorte Total vs. Atendidos: (345, 93, 1920, 913)
2026-09-16 08:34:24,419 | INFO | ✅ Imagen validada: C:\MDA\Reportes\Power BI\Tendencias7Dias\temp_01_Total_vs_Atendidos.png
2026-09-16 08:34:24,421 | INFO | ✅ Gráfico actualizado: C:\MDA\Reportes\Power BI\Tendencias7Dias\01_Total_vs_Atendidos.png
2026-09-16 08:34:24,422 | INFO | 🌐 Capturando Pendientes | Intento 1/3
2026-09-16 08:34:24,996 | INFO | 📄 Página cargada: Microsoft Fabric
2026-09-16 08:34:55,208 | INFO | 📐 Imagen original Pendientes: 1920x937
2026-09-16 08:34:55,208 | INFO | ✂️ Recorte Pendientes: (345, 93, 1920, 913)
2026-09-16 08:34:55,341 | INFO | ✅ Imagen validada: C:\MDA\Reportes\Power BI\Tendencias7Dias\temp_02_Pendientes.png
2026-09-16 08:34:55,354 | INFO | ✅ Gráfico actualizado: C:\MDA\Reportes\Power BI\Tendencias7Dias\02_Pendientes.png
2026-09-16 08:34:55,355 | INFO | 🌐 Capturando TMR | Intento 1/3
2026-09-16 08:34:55,683 | INFO | 📄 Página cargada: Microsoft Fabric
2026-09-16 08:35:25,923 | INFO | 📐 Imagen original TMR: 1920x937
2026-09-16 08:35:25,924 | INFO | ✂️ Recorte TMR: (345, 93, 1920, 913)
2026-09-16 08:35:26,214 | INFO | ✅ Imagen validada: C:\MDA\Reportes\Power BI\Tendencias7Dias\temp_03_TMR.png
2026-09-16 08:35:26,217 | INFO | ✅ Gráfico actualizado: C:\MDA\Reportes\Power BI\Tendencias7Dias\03_TMR.png
2026-09-16 08:35:26,217 | INFO | 🌐 Capturando SLA | Intento 1/3
2026-09-16 08:35:26,579 | INFO | 📄 Página cargada: Microsoft Fabric
2026-09-16 08:35:56,712 | INFO | 📐 Imagen original SLA: 1920x937
2026-09-16 08:35:56,712 | INFO | ✂️ Recorte SLA: (345, 93, 1920, 913)
2026-09-16 08:35:56,962 | INFO | ✅ Imagen validada: C:\MDA\Reportes\Power BI\Tendencias7Dias\temp_04_SLA.png
2026-09-16 08:35:56,966 | INFO | ✅ Gráfico actualizado: C:\MDA\Reportes\Power BI\Tendencias7Dias\04_SLA.png
2026-09-16 08:35:56,967 | INFO | ✅ Se generaron 4 imágenes de tendencia
2026-09-16 08:35:56,967 | INFO | 🖼️ Tendencias generadas: ['C:\\MDA\\Reportes\\Power BI\\Tendencias7Dias\\01_Total_vs_Atendidos.png', 'C:\\MDA\\Reportes\\Power BI\\Tendencias7Dias\\02_Pendientes.png', 'C:\\MDA\\Reportes\\Power BI\\Tendencias7Dias\\03_TMR.png', 'C:\\MDA\\Reportes\\Power BI\\Tendencias7Dias\\04_SLA.png']
2026-09-16 08:35:56,967 | INFO | 🌐 Abriendo página Power BI: Dashboard principal
2026-09-16 08:35:57,323 | INFO | 📄 URL cargada: https://app.powerbi.com/groups/214d3eb4-a116-4ebf-a233-a9ff58f47ba0/reports/b6b06332-c9a4-4f82-b7c4-fa7252838ffd/1d3763661cd912f949b5?experience=power-bi
2026-09-16 08:35:57,327 | INFO | 📄 Título: Microsoft Fabric
2026-09-16 08:36:27,982 | INFO | ✅ Exportación PDF confirmada
2026-09-16 08:37:28,068 | INFO | ✅ PDF renombrado: C:\MDA\Reportes\Power BI\Dashboard_MDA_20260916_083728.pdf
2026-09-16 08:37:28,069 | INFO | 📎 Archivo generado: C:\MDA\Reportes\Power BI\Dashboard_MDA_20260916_083728.pdf
2026-09-16 08:37:28,069 | INFO | 📊 Consultando indicadores en SQL Server
2026-09-16 08:37:28,696 | INFO | ✅ KPIs consultados: 7 equipos y 10 tickets antiguos
2026-09-16 08:37:28,697 | INFO | 📧 Conectando con Outlook
2026-09-16 08:37:28,719 | INFO | 🖼️ Incrustando imagen 1 con CID tendencia_1: C:\MDA\Reportes\Power BI\Tendencias7Dias\01_Total_vs_Atendidos.png
2026-09-16 08:37:28,802 | INFO | ✅ Imagen 1 marcada como oculta
2026-09-16 08:37:28,802 | INFO | 🖼️ Incrustando imagen 2 con CID tendencia_2: C:\MDA\Reportes\Power BI\Tendencias7Dias\02_Pendientes.png
2026-09-16 08:37:28,838 | INFO | ✅ Imagen 2 marcada como oculta
2026-09-16 08:37:28,839 | INFO | 🖼️ Incrustando imagen 3 con CID tendencia_3: C:\MDA\Reportes\Power BI\Tendencias7Dias\03_TMR.png
2026-09-16 08:37:28,866 | INFO | ✅ Imagen 3 marcada como oculta
2026-09-16 08:37:28,866 | INFO | 🖼️ Incrustando imagen 4 con CID tendencia_4: C:\MDA\Reportes\Power BI\Tendencias7Dias\04_SLA.png
2026-09-16 08:37:28,889 | INFO | ✅ Imagen 4 marcada como oculta
2026-09-16 08:37:28,890 | INFO | ✅ Las cuatro imágenes quedaron incrustadas mediante CID
2026-09-16 08:37:29,382 | INFO | ✅ Correo enviado en 0.69 segundos
2026-09-16 08:37:29,422 | INFO | ✅ Proceso completado
2026-09-16 08:37:32,072 | INFO | 🔒 Navegador cerrado
2026-09-16 14:45:50,297 | INFO | 🚀 Iniciando proceso
2026-09-16 14:46:22,126 | INFO | 🖥️ Chrome ejecutándose fuera de pantalla: 1920x1080
2026-09-16 14:46:22,127 | INFO | 🔥 Precargando informe de tendencias
2026-09-16 14:47:38,014 | ERROR | ❌ Error: Message: unknown error: net::ERR_NAME_NOT_RESOLVED
  (Session info: chrome=152.0.7977.83)
Stacktrace:
	chromedriver!GetHandleVerifier [0x7ff64ff3abb5+151b5]
	chromedriver!GetHandleVerifier [0x7ff64ff3ac10+15210]
	chromedriver!(No symbol) [0x7ff64fa65d6d]
	chromedriver!(No symbol) [0x7ff64fa62b29]
	chromedriver!(No symbol) [0x7ff64fa52f51]
	chromedriver!(No symbol) [0x7ff64fa54dbf]
	chromedriver!(No symbol) [0x7ff64fa534f3]
	chromedriver!(No symbol) [0x7ff64fa52cbb]
	chromedriver!(No symbol) [0x7ff64fa52971]
	chromedriver!(No symbol) [0x7ff64fa50641]
	chromedriver!(No symbol) [0x7ff64fa50da2]
	chromedriver!(No symbol) [0x7ff64fa6a016]
	chromedriver!(No symbol) [0x7ff64fb0fa14]
	chromedriver!(No symbol) [0x7ff64fae9d0a]
	chromedriver!(No symbol) [0x7ff64fb0ec0b]
	chromedriver!(No symbol) [0x7ff64fab37cc]
	chromedriver!(No symbol) [0x7ff64fab46f3]
	chromedriver!GetHandleVerifier [0x7ff65055b79b+635d9b]
	chromedriver!GetHandleVerifier [0x7ff650555ac6+6300c6]
	chromedriver!GetHandleVerifier [0x7ff65057bcee+6562ee]
	chromedriver!GetHandleVerifier [0x7ff64ff58ffe+335fe]
	chromedriver!GetHandleVerifier [0x7ff64ff6147c+3ba7c]
	chromedriver!GetHandleVerifier [0x7ff64ff44d64+1f364]
	chromedriver!GetHandleVerifier [0x7ff64ff44ef4+1f4f4]
	chromedriver!GetHandleVerifier [0x7ff64ff27d97+2397]
	KERNEL32!BaseThreadInitThunk [0x7ffd730ae957+17]
	ntdll!RtlUserThreadStart [0x7ffd745ead6c+2c]

2026-09-16 14:47:38,033 | ERROR | Traceback (most recent call last):
  File "c:\Automatizaciones\MDA\SEND_REPORTS\main.py", line 16, in main
    imagenes_tendencias = powerbi.capturar_tendencias()
  File "c:\Automatizaciones\MDA\SEND_REPORTS\src\powerbi.py", line 508, in capturar_tendencias
    self._precargar_informe_tendencias()
    ~~~~~~~~~~~~~~~~~~~~~~~~~~~~~~~~~~^^
  File "c:\Automatizaciones\MDA\SEND_REPORTS\src\powerbi.py", line 326, in _precargar_informe_tendencias
    self.driver.get(POWERBI_URL_TENDENCIA_1)
    ~~~~~~~~~~~~~~~^^^^^^^^^^^^^^^^^^^^^^^^^
  File "C:\Users\expgsurco\AppData\Local\Python\pythoncore-3.14-64\Lib\site-packages\selenium\webdriver\remote\webdriver.py", line 524, in get
    self.execute(Command.GET, {"url": url})
    ~~~~~~~~~~~~^^^^^^^^^^^^^^^^^^^^^^^^^^^
  File "C:\Users\expgsurco\AppData\Local\Python\pythoncore-3.14-64\Lib\site-packages\selenium\webdriver\remote\webdriver.py", line 504, in execute
    self.error_handler.check_response(response)
    ~~~~~~~~~~~~~~~~~~~~~~~~~~~~~~~~~^^^^^^^^^^
  File "C:\Users\expgsurco\AppData\Local\Python\pythoncore-3.14-64\Lib\site-packages\selenium\webdriver\remote\errorhandler.py", line 232, in check_response
    raise exception_class(message, screen, stacktrace)
selenium.common.exceptions.WebDriverException: Message: unknown error: net::ERR_NAME_NOT_RESOLVED
  (Session info: chrome=152.0.7977.83)
Stacktrace:
	chromedriver!GetHandleVerifier [0x7ff64ff3abb5+151b5]
	chromedriver!GetHandleVerifier [0x7ff64ff3ac10+15210]
	chromedriver!(No symbol) [0x7ff64fa65d6d]
	chromedriver!(No symbol) [0x7ff64fa62b29]
	chromedriver!(No symbol) [0x7ff64fa52f51]
	chromedriver!(No symbol) [0x7ff64fa54dbf]
	chromedriver!(No symbol) [0x7ff64fa534f3]
	chromedriver!(No symbol) [0x7ff64fa52cbb]
	chromedriver!(No symbol) [0x7ff64fa52971]
	chromedriver!(No symbol) [0x7ff64fa50641]
	chromedriver!(No symbol) [0x7ff64fa50da2]
	chromedriver!(No symbol) [0x7ff64fa6a016]
	chromedriver!(No symbol) [0x7ff64fb0fa14]
	chromedriver!(No symbol) [0x7ff64fae9d0a]
	chromedriver!(No symbol) [0x7ff64fb0ec0b]
	chromedriver!(No symbol) [0x7ff64fab37cc]
	chromedriver!(No symbol) [0x7ff64fab46f3]
	chromedriver!GetHandleVerifier [0x7ff65055b79b+635d9b]
	chromedriver!GetHandleVerifier [0x7ff650555ac6+6300c6]
	chromedriver!GetHandleVerifier [0x7ff65057bcee+6562ee]
	chromedriver!GetHandleVerifier [0x7ff64ff58ffe+335fe]
	chromedriver!GetHandleVerifier [0x7ff64ff6147c+3ba7c]
	chromedriver!GetHandleVerifier [0x7ff64ff44d64+1f364]
	chromedriver!GetHandleVerifier [0x7ff64ff44ef4+1f4f4]
	chromedriver!GetHandleVerifier [0x7ff64ff27d97+2397]
	KERNEL32!BaseThreadInitThunk [0x7ffd730ae957+17]
	ntdll!RtlUserThreadStart [0x7ffd745ead6c+2c]


2026-09-16 14:47:40,375 | INFO | 🔒 Navegador cerrado
2026-09-16 14:48:36,916 | INFO | 🚀 Iniciando proceso
2026-09-16 14:49:14,317 | INFO | 🖥️ Chrome ejecutándose fuera de pantalla: 1920x1080
2026-09-16 14:49:14,318 | INFO | 🔥 Precargando informe de tendencias
2026-09-16 14:52:43,027 | INFO | 🚀 Iniciando proceso
2026-09-16 14:52:50,876 | INFO | 🖥️ Chrome ejecutándose fuera de pantalla: 1920x1080
2026-09-16 14:52:50,879 | INFO | 🔥 Precargando informe de tendencias
2026-09-16 14:52:53,391 | INFO | 📄 Informe abierto para precarga: Microsoft Fabric
2026-09-16 14:53:38,391 | INFO | ✅ Precarga del informe finalizada
2026-09-16 14:53:38,392 | INFO | 🌐 Capturando Total vs. Atendidos | Intento 1/3
2026-09-16 14:53:39,143 | INFO | 📄 Página cargada: Microsoft Fabric
2026-09-16 14:54:09,491 | INFO | 📐 Imagen original Total vs. Atendidos: 1920x937
2026-09-16 14:54:09,492 | INFO | ✂️ Recorte Total vs. Atendidos: (345, 93, 1920, 913)
2026-09-16 14:54:09,584 | WARNING | ⚠️ Intento 1/3 fallido para Total vs. Atendidos: La captura de Total vs. Atendidos parece estar en blanco
2026-09-16 14:54:09,584 | INFO | 🔄 Recargando antes del siguiente intento
2026-09-16 14:54:24,666 | INFO | 🌐 Capturando Total vs. Atendidos | Intento 2/3
2026-09-16 14:54:25,039 | INFO | 📄 Página cargada: Microsoft Fabric
2026-09-16 14:54:55,200 | INFO | 📐 Imagen original Total vs. Atendidos: 1920x937
2026-09-16 14:54:55,200 | INFO | ✂️ Recorte Total vs. Atendidos: (345, 93, 1920, 913)
2026-09-16 14:54:55,308 | INFO | ✅ Imagen validada: C:\MDA\Reportes\Power BI\Tendencias7Dias\temp_01_Total_vs_Atendidos.png
2026-09-16 14:54:55,312 | INFO | ✅ Gráfico actualizado: C:\MDA\Reportes\Power BI\Tendencias7Dias\01_Total_vs_Atendidos.png
2026-09-16 14:54:55,313 | INFO | 🌐 Capturando Pendientes | Intento 1/3
2026-09-16 14:54:55,625 | INFO | 📄 Página cargada: Microsoft Fabric
2026-09-16 14:55:25,775 | INFO | 📐 Imagen original Pendientes: 1920x937
2026-09-16 14:55:25,776 | INFO | ✂️ Recorte Pendientes: (345, 93, 1920, 913)
2026-09-16 14:55:25,875 | INFO | ✅ Imagen validada: C:\MDA\Reportes\Power BI\Tendencias7Dias\temp_02_Pendientes.png
2026-09-16 14:55:25,878 | INFO | ✅ Gráfico actualizado: C:\MDA\Reportes\Power BI\Tendencias7Dias\02_Pendientes.png
2026-09-16 14:55:25,878 | INFO | 🌐 Capturando TMR | Intento 1/3
2026-09-16 14:55:26,249 | INFO | 📄 Página cargada: Microsoft Fabric
2026-09-16 14:55:56,425 | INFO | 📐 Imagen original TMR: 1920x937
2026-09-16 14:55:56,425 | INFO | ✂️ Recorte TMR: (345, 93, 1920, 913)
2026-09-16 14:55:56,584 | INFO | ✅ Imagen validada: C:\MDA\Reportes\Power BI\Tendencias7Dias\temp_03_TMR.png
2026-09-16 14:55:56,596 | INFO | ✅ Gráfico actualizado: C:\MDA\Reportes\Power BI\Tendencias7Dias\03_TMR.png
2026-09-16 14:55:56,596 | INFO | 🌐 Capturando SLA | Intento 1/3
2026-09-16 14:55:57,113 | INFO | 📄 Página cargada: Microsoft Fabric
2026-09-16 14:56:27,274 | INFO | 📐 Imagen original SLA: 1920x937
2026-09-16 14:56:27,274 | INFO | ✂️ Recorte SLA: (345, 93, 1920, 913)
2026-09-16 14:56:27,447 | INFO | ✅ Imagen validada: C:\MDA\Reportes\Power BI\Tendencias7Dias\temp_04_SLA.png
2026-09-16 14:56:27,460 | INFO | ✅ Gráfico actualizado: C:\MDA\Reportes\Power BI\Tendencias7Dias\04_SLA.png
2026-09-16 14:56:27,460 | INFO | ✅ Se generaron 4 imágenes de tendencia
2026-09-16 14:56:27,461 | INFO | 🖼️ Tendencias generadas: ['C:\\MDA\\Reportes\\Power BI\\Tendencias7Dias\\01_Total_vs_Atendidos.png', 'C:\\MDA\\Reportes\\Power BI\\Tendencias7Dias\\02_Pendientes.png', 'C:\\MDA\\Reportes\\Power BI\\Tendencias7Dias\\03_TMR.png', 'C:\\MDA\\Reportes\\Power BI\\Tendencias7Dias\\04_SLA.png']
2026-09-16 14:56:27,461 | INFO | 🌐 Abriendo página Power BI: Dashboard principal
2026-09-16 14:56:27,898 | INFO | 📄 URL cargada: https://app.powerbi.com/groups/214d3eb4-a116-4ebf-a233-a9ff58f47ba0/reports/b6b06332-c9a4-4f82-b7c4-fa7252838ffd/1d3763661cd912f949b5?experience=power-bi
2026-09-16 14:56:27,905 | INFO | 📄 Título: Microsoft Fabric
2026-09-16 14:56:58,624 | INFO | ✅ Exportación PDF confirmada
2026-09-16 14:57:54,700 | INFO | ✅ PDF renombrado: C:\MDA\Reportes\Power BI\Dashboard_MDA_20260916_145754.pdf
2026-09-16 14:57:54,701 | INFO | 📎 Archivo generado: C:\MDA\Reportes\Power BI\Dashboard_MDA_20260916_145754.pdf
2026-09-16 14:57:54,701 | INFO | 📊 Consultando indicadores en SQL Server
2026-09-16 14:57:55,715 | INFO | ✅ KPIs consultados: 7 equipos y 10 tickets antiguos
2026-09-16 14:57:55,717 | INFO | 📧 Conectando con Outlook
2026-09-16 14:57:55,765 | INFO | 🖼️ Incrustando imagen 1 con CID tendencia_1: C:\MDA\Reportes\Power BI\Tendencias7Dias\01_Total_vs_Atendidos.png
2026-09-16 14:57:55,804 | INFO | ✅ Imagen 1 marcada como oculta
2026-09-16 14:57:55,805 | INFO | 🖼️ Incrustando imagen 2 con CID tendencia_2: C:\MDA\Reportes\Power BI\Tendencias7Dias\02_Pendientes.png
2026-09-16 14:57:55,846 | INFO | ✅ Imagen 2 marcada como oculta
2026-09-16 14:57:55,846 | INFO | 🖼️ Incrustando imagen 3 con CID tendencia_3: C:\MDA\Reportes\Power BI\Tendencias7Dias\03_TMR.png
2026-09-16 14:57:55,879 | INFO | ✅ Imagen 3 marcada como oculta
2026-09-16 14:57:55,879 | INFO | 🖼️ Incrustando imagen 4 con CID tendencia_4: C:\MDA\Reportes\Power BI\Tendencias7Dias\04_SLA.png
2026-09-16 14:57:55,913 | INFO | ✅ Imagen 4 marcada como oculta
2026-09-16 14:57:55,913 | INFO | ✅ Las cuatro imágenes quedaron incrustadas mediante CID
2026-09-16 14:57:56,731 | INFO | ✅ Correo enviado en 1.01 segundos
2026-09-16 14:57:56,787 | INFO | ✅ Proceso completado
2026-09-16 14:57:59,413 | INFO | 🔒 Navegador cerrado
2026-09-17 06:50:37,446 | INFO | ✅ Scheduler iniciado
2026-09-17 06:50:37,446 | INFO | ⏳ Esperando siguiente corte... 06:50:37
2026-09-17 07:50:37,447 | INFO | ⏳ Esperando siguiente corte... 07:50:37
2026-09-17 08:50:37,450 | INFO | ⏰ Hora programada alcanzada
2026-09-17 08:50:37,450 | INFO | 🚀 Iniciando proceso
2026-09-17 08:50:45,591 | INFO | 🖥️ Chrome ejecutándose fuera de pantalla: 1920x1080
2026-09-17 08:50:45,593 | INFO | 🔥 Precargando informe de tendencias
2026-09-17 08:50:49,241 | INFO | 📄 Informe abierto para precarga: Microsoft Fabric
2026-09-17 08:51:34,242 | INFO | ✅ Precarga del informe finalizada
2026-09-17 08:51:34,244 | INFO | 🌐 Capturando Total vs. Atendidos | Intento 1/3
2026-09-17 08:51:34,259 | WARNING | ⚠️ Intento 1/3 fallido para Total vs. Atendidos: Message: invalid session id: session deleted as the browser has closed the connection
from disconnected: not connected to DevTools
  (Session info: chrome=152.0.7977.83); For documentation on this error, please visit: https://www.selenium.dev/documentation/webdriver/troubleshooting/errors#invalidsessionidexception
Stacktrace:
	chromedriver!GetHandleVerifier [0x7ff70aaaabb5+151b5]
	chromedriver!GetHandleVerifier [0x7ff70aaaac10+15210]
	chromedriver!(No symbol) [0x7ff70a5d5d6d]
	chromedriver!(No symbol) [0x7ff70a5c15c2]
	chromedriver!(No symbol) [0x7ff70a5e74a1]
	chromedriver!(No symbol) [0x7ff70a661320]
	chromedriver!(No symbol) [0x7ff70a67e4f2]
	chromedriver!(No symbol) [0x7ff70a6237cc]
	chromedriver!(No symbol) [0x7ff70a6246f3]
	chromedriver!GetHandleVerifier [0x7ff70b0cb79b+635d9b]
	chromedriver!GetHandleVerifier [0x7ff70b0c5ac6+6300c6]
	chromedriver!GetHandleVerifier [0x7ff70b0ebcee+6562ee]
	chromedriver!GetHandleVerifier [0x7ff70aac8ffe+335fe]
	chromedriver!GetHandleVerifier [0x7ff70aad147c+3ba7c]
	chromedriver!GetHandleVerifier [0x7ff70aab4d64+1f364]
	chromedriver!GetHandleVerifier [0x7ff70aab4ef4+1f4f4]
	chromedriver!GetHandleVerifier [0x7ff70aa97d97+2397]
	KERNEL32!BaseThreadInitThunk [0x7ffd730ae957+17]
	ntdll!RtlUserThreadStart [0x7ffd745ead6c+2c]

2026-09-17 08:51:34,260 | INFO | 🔄 Recargando antes del siguiente intento
2026-09-17 08:51:34,275 | ERROR | ❌ Error: Message: invalid session id; For documentation on this error, please visit: https://www.selenium.dev/documentation/webdriver/troubleshooting/errors#invalidsessionidexception
Stacktrace:
	chromedriver!GetHandleVerifier [0x7ff70aaaabb5+151b5]
	chromedriver!GetHandleVerifier [0x7ff70aaaac10+15210]
	chromedriver!(No symbol) [0x7ff70a5d5b56]
	chromedriver!(No symbol) [0x7ff70a622833]
	chromedriver!(No symbol) [0x7ff70a659c12]
	chromedriver!(No symbol) [0x7ff70a653a22]
	chromedriver!(No symbol) [0x7ff70a6531e2]
	chromedriver!(No symbol) [0x7ff70a59e2bb]
	chromedriver!(No symbol) [0x7ff70a59e912]
	chromedriver!(No symbol) [0x7ff70a59eed5]
	chromedriver!GetHandleVerifier [0x7ff70b0cb79b+635d9b]
	chromedriver!GetHandleVerifier [0x7ff70b0c5ac6+6300c6]
	chromedriver!GetHandleVerifier [0x7ff70b0ebcee+6562ee]
	chromedriver!GetHandleVerifier [0x7ff70aac8ffe+335fe]
	chromedriver!GetHandleVerifier [0x7ff70aad147c+3ba7c]
	chromedriver!(No symbol) [0x7ff70a59d83c]
	chromedriver!GetHandleVerifier [0x7ff70b2935e8+7fdbe8]
	KERNEL32!BaseThreadInitThunk [0x7ffd730ae957+17]
	ntdll!RtlUserThreadStart [0x7ffd745ead6c+2c]

2026-09-17 08:51:34,379 | ERROR | Traceback (most recent call last):
  File "c:\Automatizaciones\MDA\SEND_REPORTS\src\powerbi.py", line 354, in _capturar_visual
    self.driver.get(url)
    ~~~~~~~~~~~~~~~^^^^^
  File "C:\Users\expgsurco\AppData\Local\Python\pythoncore-3.14-64\Lib\site-packages\selenium\webdriver\remote\webdriver.py", line 524, in get
    self.execute(Command.GET, {"url": url})
    ~~~~~~~~~~~~^^^^^^^^^^^^^^^^^^^^^^^^^^^
  File "C:\Users\expgsurco\AppData\Local\Python\pythoncore-3.14-64\Lib\site-packages\selenium\webdriver\remote\webdriver.py", line 504, in execute
    self.error_handler.check_response(response)
    ~~~~~~~~~~~~~~~~~~~~~~~~~~~~~~~~~^^^^^^^^^^
  File "C:\Users\expgsurco\AppData\Local\Python\pythoncore-3.14-64\Lib\site-packages\selenium\webdriver\remote\errorhandler.py", line 232, in check_response
    raise exception_class(message, screen, stacktrace)
selenium.common.exceptions.InvalidSessionIdException: Message: invalid session id: session deleted as the browser has closed the connection
from disconnected: not connected to DevTools
  (Session info: chrome=152.0.7977.83); For documentation on this error, please visit: https://www.selenium.dev/documentation/webdriver/troubleshooting/errors#invalidsessionidexception
Stacktrace:
	chromedriver!GetHandleVerifier [0x7ff70aaaabb5+151b5]
	chromedriver!GetHandleVerifier [0x7ff70aaaac10+15210]
	chromedriver!(No symbol) [0x7ff70a5d5d6d]
	chromedriver!(No symbol) [0x7ff70a5c15c2]
	chromedriver!(No symbol) [0x7ff70a5e74a1]
	chromedriver!(No symbol) [0x7ff70a661320]
	chromedriver!(No symbol) [0x7ff70a67e4f2]
	chromedriver!(No symbol) [0x7ff70a6237cc]
	chromedriver!(No symbol) [0x7ff70a6246f3]
	chromedriver!GetHandleVerifier [0x7ff70b0cb79b+635d9b]
	chromedriver!GetHandleVerifier [0x7ff70b0c5ac6+6300c6]
	chromedriver!GetHandleVerifier [0x7ff70b0ebcee+6562ee]
	chromedriver!GetHandleVerifier [0x7ff70aac8ffe+335fe]
	chromedriver!GetHandleVerifier [0x7ff70aad147c+3ba7c]
	chromedriver!GetHandleVerifier [0x7ff70aab4d64+1f364]
	chromedriver!GetHandleVerifier [0x7ff70aab4ef4+1f4f4]
	chromedriver!GetHandleVerifier [0x7ff70aa97d97+2397]
	KERNEL32!BaseThreadInitThunk [0x7ffd730ae957+17]
	ntdll!RtlUserThreadStart [0x7ffd745ead6c+2c]


During handling of the above exception, another exception occurred:

Traceback (most recent call last):
  File "c:\Automatizaciones\MDA\SEND_REPORTS\main.py", line 16, in main
    imagenes_tendencias = powerbi.capturar_tendencias()
  File "c:\Automatizaciones\MDA\SEND_REPORTS\src\powerbi.py", line 514, in capturar_tendencias
    imagen = self._capturar_visual(
        url=url,
        archivo=archivo,
        nombre=nombre
    )
  File "c:\Automatizaciones\MDA\SEND_REPORTS\src\powerbi.py", line 388, in _capturar_visual
    self.driver.refresh()
    ~~~~~~~~~~~~~~~~~~~^^
  File "C:\Users\expgsurco\AppData\Local\Python\pythoncore-3.14-64\Lib\site-packages\selenium\webdriver\remote\webdriver.py", line 731, in refresh
    self.execute(Command.REFRESH)
    ~~~~~~~~~~~~^^^^^^^^^^^^^^^^^
  File "C:\Users\expgsurco\AppData\Local\Python\pythoncore-3.14-64\Lib\site-packages\selenium\webdriver\remote\webdriver.py", line 504, in execute
    self.error_handler.check_response(response)
    ~~~~~~~~~~~~~~~~~~~~~~~~~~~~~~~~~^^^^^^^^^^
  File "C:\Users\expgsurco\AppData\Local\Python\pythoncore-3.14-64\Lib\site-packages\selenium\webdriver\remote\errorhandler.py", line 232, in check_response
    raise exception_class(message, screen, stacktrace)
selenium.common.exceptions.InvalidSessionIdException: Message: invalid session id; For documentation on this error, please visit: https://www.selenium.dev/documentation/webdriver/troubleshooting/errors#invalidsessionidexception
Stacktrace:
	chromedriver!GetHandleVerifier [0x7ff70aaaabb5+151b5]
	chromedriver!GetHandleVerifier [0x7ff70aaaac10+15210]
	chromedriver!(No symbol) [0x7ff70a5d5b56]
	chromedriver!(No symbol) [0x7ff70a622833]
	chromedriver!(No symbol) [0x7ff70a659c12]
	chromedriver!(No symbol) [0x7ff70a653a22]
	chromedriver!(No symbol) [0x7ff70a6531e2]
	chromedriver!(No symbol) [0x7ff70a59e2bb]
	chromedriver!(No symbol) [0x7ff70a59e912]
	chromedriver!(No symbol) [0x7ff70a59eed5]
	chromedriver!GetHandleVerifier [0x7ff70b0cb79b+635d9b]
	chromedriver!GetHandleVerifier [0x7ff70b0c5ac6+6300c6]
	chromedriver!GetHandleVerifier [0x7ff70b0ebcee+6562ee]
	chromedriver!GetHandleVerifier [0x7ff70aac8ffe+335fe]
	chromedriver!GetHandleVerifier [0x7ff70aad147c+3ba7c]
	chromedriver!(No symbol) [0x7ff70a59d83c]
	chromedriver!GetHandleVerifier [0x7ff70b2935e8+7fdbe8]
	KERNEL32!BaseThreadInitThunk [0x7ffd730ae957+17]
	ntdll!RtlUserThreadStart [0x7ffd745ead6c+2c]


2026-09-17 08:51:36,596 | INFO | 🔒 Navegador cerrado
2026-09-17 08:51:36,597 | INFO | ⏳ Esperando siguiente corte... 08:51:36
2026-09-17 09:05:22,275 | INFO | 🚀 Iniciando proceso
2026-09-17 09:05:30,222 | INFO | 🖥️ Chrome ejecutándose fuera de pantalla: 1920x1080
2026-09-17 09:05:30,223 | INFO | 🔥 Precargando informe de tendencias
2026-09-17 09:05:33,374 | INFO | 📄 Informe abierto para precarga: Microsoft Fabric
2026-09-17 09:06:18,375 | INFO | ✅ Precarga del informe finalizada
2026-09-17 09:06:18,376 | INFO | 🌐 Capturando Total vs. Atendidos | Intento 1/3
2026-09-17 09:06:19,200 | INFO | 📄 Página cargada: Microsoft Fabric
2026-09-17 09:06:49,632 | INFO | 📐 Imagen original Total vs. Atendidos: 1920x937
2026-09-17 09:06:49,632 | INFO | ✂️ Recorte Total vs. Atendidos: (345, 93, 1920, 913)
2026-09-17 09:06:49,840 | INFO | ✅ Imagen validada: C:\MDA\Reportes\Power BI\Tendencias7Dias\temp_01_Total_vs_Atendidos.png
2026-09-17 09:06:49,843 | INFO | ✅ Gráfico actualizado: C:\MDA\Reportes\Power BI\Tendencias7Dias\01_Total_vs_Atendidos.png
2026-09-17 09:06:49,844 | INFO | 🌐 Capturando Pendientes | Intento 1/3
2026-09-17 09:06:50,213 | INFO | 📄 Página cargada: Microsoft Fabric
2026-09-17 09:07:20,399 | INFO | 📐 Imagen original Pendientes: 1920x937
2026-09-17 09:07:20,400 | INFO | ✂️ Recorte Pendientes: (345, 93, 1920, 913)
2026-09-17 09:07:20,595 | INFO | ✅ Imagen validada: C:\MDA\Reportes\Power BI\Tendencias7Dias\temp_02_Pendientes.png
2026-09-17 09:07:20,599 | INFO | ✅ Gráfico actualizado: C:\MDA\Reportes\Power BI\Tendencias7Dias\02_Pendientes.png
2026-09-17 09:07:20,600 | INFO | 🌐 Capturando TMR | Intento 1/3
2026-09-17 09:07:20,851 | INFO | 📄 Página cargada: Microsoft Fabric
2026-09-17 09:07:50,979 | INFO | 📐 Imagen original TMR: 1920x937
2026-09-17 09:07:50,980 | INFO | ✂️ Recorte TMR: (345, 93, 1920, 913)
2026-09-17 09:07:51,138 | INFO | ✅ Imagen validada: C:\MDA\Reportes\Power BI\Tendencias7Dias\temp_03_TMR.png
2026-09-17 09:07:51,141 | INFO | ✅ Gráfico actualizado: C:\MDA\Reportes\Power BI\Tendencias7Dias\03_TMR.png
2026-09-17 09:07:51,141 | INFO | 🌐 Capturando SLA | Intento 1/3
2026-09-17 09:07:51,443 | INFO | 📄 Página cargada: Microsoft Fabric
2026-09-17 09:08:21,598 | INFO | 📐 Imagen original SLA: 1920x937
2026-09-17 09:08:21,599 | INFO | ✂️ Recorte SLA: (345, 93, 1920, 913)
2026-09-17 09:08:21,812 | INFO | ✅ Imagen validada: C:\MDA\Reportes\Power BI\Tendencias7Dias\temp_04_SLA.png
2026-09-17 09:08:21,816 | INFO | ✅ Gráfico actualizado: C:\MDA\Reportes\Power BI\Tendencias7Dias\04_SLA.png
2026-09-17 09:08:21,817 | INFO | ✅ Se generaron 4 imágenes de tendencia
2026-09-17 09:08:21,817 | INFO | 🖼️ Tendencias generadas: ['C:\\MDA\\Reportes\\Power BI\\Tendencias7Dias\\01_Total_vs_Atendidos.png', 'C:\\MDA\\Reportes\\Power BI\\Tendencias7Dias\\02_Pendientes.png', 'C:\\MDA\\Reportes\\Power BI\\Tendencias7Dias\\03_TMR.png', 'C:\\MDA\\Reportes\\Power BI\\Tendencias7Dias\\04_SLA.png']
2026-09-17 09:08:21,818 | INFO | 🌐 Abriendo página Power BI: Dashboard principal
2026-09-17 09:08:22,163 | INFO | 📄 URL cargada: https://app.powerbi.com/groups/214d3eb4-a116-4ebf-a233-a9ff58f47ba0/reports/b6b06332-c9a4-4f82-b7c4-fa7252838ffd/1d3763661cd912f949b5?experience=power-bi
2026-09-17 09:08:22,166 | INFO | 📄 Título: Microsoft Fabric
2026-09-17 09:08:52,794 | INFO | ✅ Exportación PDF confirmada
2026-09-17 09:09:52,879 | INFO | ✅ PDF renombrado: C:\MDA\Reportes\Power BI\Dashboard_MDA_20260917_090952.pdf
2026-09-17 09:09:52,879 | INFO | 📎 Archivo generado: C:\MDA\Reportes\Power BI\Dashboard_MDA_20260917_090952.pdf
2026-09-17 09:09:52,880 | INFO | 📊 Consultando indicadores en SQL Server
2026-09-17 09:09:53,524 | INFO | ✅ KPIs consultados: 7 equipos y 10 tickets antiguos
2026-09-17 09:09:53,527 | INFO | 📧 Conectando con Outlook
2026-09-17 09:09:53,560 | INFO | 🖼️ Incrustando imagen 1 con CID tendencia_1: C:\MDA\Reportes\Power BI\Tendencias7Dias\01_Total_vs_Atendidos.png
2026-09-17 09:09:53,593 | INFO | ✅ Imagen 1 marcada como oculta
2026-09-17 09:09:53,593 | INFO | 🖼️ Incrustando imagen 2 con CID tendencia_2: C:\MDA\Reportes\Power BI\Tendencias7Dias\02_Pendientes.png
2026-09-17 09:09:53,608 | INFO | ✅ Imagen 2 marcada como oculta
2026-09-17 09:09:53,608 | INFO | 🖼️ Incrustando imagen 3 con CID tendencia_3: C:\MDA\Reportes\Power BI\Tendencias7Dias\03_TMR.png
2026-09-17 09:09:53,635 | INFO | ✅ Imagen 3 marcada como oculta
2026-09-17 09:09:53,636 | INFO | 🖼️ Incrustando imagen 4 con CID tendencia_4: C:\MDA\Reportes\Power BI\Tendencias7Dias\04_SLA.png
2026-09-17 09:09:53,661 | INFO | ✅ Imagen 4 marcada como oculta
2026-09-17 09:09:53,661 | INFO | ✅ Las cuatro imágenes quedaron incrustadas mediante CID
2026-09-17 09:09:54,356 | INFO | ✅ Correo enviado en 0.83 segundos
2026-09-17 09:09:54,399 | INFO | ✅ Proceso completado
2026-09-17 09:09:56,798 | INFO | 🔒 Navegador cerrado
2026-09-17 09:31:42,837 | INFO | 🚀 Iniciando proceso
2026-09-17 09:31:50,658 | INFO | 🖥️ Chrome ejecutándose fuera de pantalla: 1920x1080
2026-09-17 09:31:50,659 | INFO | 🔥 Precargando informe de tendencias
2026-09-17 09:31:53,714 | INFO | 📄 Informe abierto para precarga: Microsoft Fabric
2026-09-17 09:32:38,715 | INFO | ✅ Precarga del informe finalizada
2026-09-17 09:32:38,716 | INFO | 🌐 Capturando Total vs. Atendidos | Intento 1/3
2026-09-17 09:32:39,516 | INFO | 📄 Página cargada: Microsoft Fabric
2026-09-17 09:33:10,018 | INFO | 📐 Imagen original Total vs. Atendidos: 1920x937
2026-09-17 09:33:10,019 | INFO | ✂️ Recorte Total vs. Atendidos: (345, 93, 1670, 913)
2026-09-17 09:33:10,063 | WARNING | ⚠️ Intento 1/3 fallido para Total vs. Atendidos: La captura de Total vs. Atendidos parece estar en blanco
2026-09-17 09:33:10,063 | INFO | 🔄 Recargando antes del siguiente intento
2026-09-17 09:33:25,149 | INFO | 🌐 Capturando Total vs. Atendidos | Intento 2/3
2026-09-17 09:33:25,534 | INFO | 📄 Página cargada: Microsoft Fabric
2026-09-17 09:33:55,670 | INFO | 📐 Imagen original Total vs. Atendidos: 1920x937
2026-09-17 09:33:55,670 | INFO | ✂️ Recorte Total vs. Atendidos: (345, 93, 1670, 913)
2026-09-17 09:33:55,766 | INFO | ✅ Imagen validada: C:\MDA\Reportes\Power BI\Tendencias7Dias\temp_01_Total_vs_Atendidos.png
2026-09-17 09:33:55,783 | INFO | ✅ Gráfico actualizado: C:\MDA\Reportes\Power BI\Tendencias7Dias\01_Total_vs_Atendidos.png
2026-09-17 09:33:55,784 | INFO | 🌐 Capturando Pendientes | Intento 1/3
2026-09-17 09:33:56,113 | INFO | 📄 Página cargada: Microsoft Fabric
2026-09-17 09:34:26,250 | INFO | 📐 Imagen original Pendientes: 1920x937
2026-09-17 09:34:26,250 | INFO | ✂️ Recorte Pendientes: (345, 93, 1670, 913)
2026-09-17 09:34:26,355 | INFO | ✅ Imagen validada: C:\MDA\Reportes\Power BI\Tendencias7Dias\temp_02_Pendientes.png
2026-09-17 09:34:26,358 | INFO | ✅ Gráfico actualizado: C:\MDA\Reportes\Power BI\Tendencias7Dias\02_Pendientes.png
2026-09-17 09:34:26,359 | INFO | 🌐 Capturando TMR | Intento 1/3
2026-09-17 09:34:26,614 | INFO | 📄 Página cargada: Microsoft Fabric
2026-09-17 09:34:56,779 | INFO | 📐 Imagen original TMR: 1920x937
2026-09-17 09:34:56,779 | INFO | ✂️ Recorte TMR: (345, 93, 1670, 913)
2026-09-17 09:34:56,951 | INFO | ✅ Imagen validada: C:\MDA\Reportes\Power BI\Tendencias7Dias\temp_03_TMR.png
2026-09-17 09:34:56,954 | INFO | ✅ Gráfico actualizado: C:\MDA\Reportes\Power BI\Tendencias7Dias\03_TMR.png
2026-09-17 09:34:56,955 | INFO | 🌐 Capturando SLA | Intento 1/3
2026-09-17 09:34:57,286 | INFO | 📄 Página cargada: Microsoft Fabric
2026-09-17 09:35:27,417 | INFO | 📐 Imagen original SLA: 1920x937
2026-09-17 09:35:27,417 | INFO | ✂️ Recorte SLA: (345, 93, 1670, 913)
2026-09-17 09:35:27,540 | INFO | ✅ Imagen validada: C:\MDA\Reportes\Power BI\Tendencias7Dias\temp_04_SLA.png
2026-09-17 09:35:27,543 | INFO | ✅ Gráfico actualizado: C:\MDA\Reportes\Power BI\Tendencias7Dias\04_SLA.png
2026-09-17 09:35:27,543 | INFO | ✅ Se generaron 4 imágenes de tendencia
2026-09-17 09:35:27,543 | INFO | 🖼️ Tendencias generadas: ['C:\\MDA\\Reportes\\Power BI\\Tendencias7Dias\\01_Total_vs_Atendidos.png', 'C:\\MDA\\Reportes\\Power BI\\Tendencias7Dias\\02_Pendientes.png', 'C:\\MDA\\Reportes\\Power BI\\Tendencias7Dias\\03_TMR.png', 'C:\\MDA\\Reportes\\Power BI\\Tendencias7Dias\\04_SLA.png']
2026-09-17 09:35:27,544 | INFO | 🌐 Abriendo página Power BI: Dashboard principal
2026-09-17 09:35:27,799 | INFO | 📄 URL cargada: https://app.powerbi.com/groups/214d3eb4-a116-4ebf-a233-a9ff58f47ba0/reports/b6b06332-c9a4-4f82-b7c4-fa7252838ffd/1d3763661cd912f949b5?experience=power-bi
2026-09-17 09:35:27,801 | INFO | 📄 Título: Microsoft Fabric
2026-09-17 09:36:49,797 | INFO | ✅ Scheduler iniciado
2026-09-17 09:36:49,797 | INFO | ⏳ Esperando siguiente corte... 09:36:49
2026-09-17 10:36:49,806 | INFO | ⏳ Esperando siguiente corte... 10:36:49
2026-09-17 11:36:49,824 | INFO | ⏳ Esperando siguiente corte... 11:36:49
